Unnamed: 0,contract,category,clause_text,word_count
811,PfHospitalityGroupInc_20150923_10-12G_EX-10.1_9266710_EX-10.1_Franchise Agreement1,Insurance,"If we do so and you choose not to use our recommended construction manager, you must hire a general contractor who is reasonably acceptable to us and who must have the following minimum insurance coverage: (a) commercial general liability in an amount of $2,000,000 combined single limit; (b) comprehensive automobile liability for owned, hired and non-owned motor vehicles in an amount of $1,000,000 combined single limit; (c) workers' compensation, occupational diseases and disability benefits in accordance with applicable statutory requirements; (d) employers' liability in an amount of $1,000,000; (e) employee fidelity bond of $2,000,000; and (f) umbrella form excess liability insurance in excess of the limits provided by the commercial general liability policy required above with limits of $3,000,000 per occurrence and annual aggregate.",124
9249,SoupmanInc_20150814_8-K_EX-10.1_9230148_EX-10.1_Franchise Agreement1,Insurance,You must maintain insurance related to your operation of the Franchised Business.,12
6940,"Array BioPharma Inc. - LICENSE, DEVELOPMENT AND COMMERCIALIZATION AGREEMENT",Ip Ownership Assignment,"Ono shall assign (or cause to be assigned) to Array or its designee, at Array's cost, except in case of termination by Array pursuant to Section 13.3 or 13.4 or by Ono pursuant to Section 13.2, in which case the expenses will be borne by Ono, (or to the extent not so assignable, Ono shall take all reasonable actions to make available to Array or its designee the benefits of) all Regulatory Filings for the Product in the Ono Territory, including any such Regulatory Filings made or owned by its Affiliates and/or Sublicensees.",93
11197,Monsanto Company - SECOND A_R EXCLUSIVE AGENCY AND MARKETING AGREEMENT ,License Grant,"Agent hereby grants to Monsanto, during the term of this Agreement, a non-exclusive, royalty-free, non- transferable and non-assignable license (without the right to sublicense, except as specifically set forth in Section 6.11(h)) to use the Additional Roundup Products Trademarks for the purpose of and to the limited extent necessary to register the Additional Roundup Products with federal, state, or territorial government authorities (as may be required by law) in the United States and its territories (the ""Additional Roundup Products Trademarks",80
3316,HarpoonTherapeuticsInc_20200312_10-K_EX-10.18_12051356_EX-10.18_Development Agreement,Insurance,(c) General Liability Insurance with a minimum limit of [REDACTED AMOUNT] and [REDACTED AMOUNT] in the aggregate. General Liability Insurance shall include Clinical Trial Insurance. The limits may be met with a combination of primary and commercial umbrella insurance.,37
4628,GSVINC_05_15_1998-EX-10-SPONSORSHIP AGREEMENT,Expiration Date,"The term of this Agreement will begin on the Launch Date and will             not end until Excite displays of a total of XXXXXXXXXXXXX             impressions of Client's advertising banners and promotional             placements on the Excite Site and Excite has made reasonable             commercial efforts to deliver, at minimum, a goal of XXXXXXXX             clickthroughs to the Client Site.",55
331,"FTENETWORKS,INC_02_18_2016-EX-99.4-STRATEGIC ALLIANCE AGREEMENT",Audit Rights,"As set forth in the Exhibit, EDGE shall have the opportunity to review and inspect all elements of the Work in a reasonable manner.",24
13000,ParatekPharmaceuticalsInc_20170505_10-KA_EX-10.29_10323872_EX-10.29_Outsourcing Agreement,Notice Period To Terminate Renewal,"This Agreement is effective as of the Effective Date and will expire in accordance with Section 2.1, unless, upon the occurrence of any of the following events, this Agreement is earlier terminated in accordance with this Section 18.1:

a) Customer delivers written notice of termination to Supplier at least [* * *] prior to the expiration date of the Initial Term, which termination shall be effective as of the expiration date of the Initial Term;

b) either Party delivers written notice of termination to the other Party at least [* * *] prior to the expiration date of the Renewal Term, which termination shall be effective as of the expiration date of the Renewal Term;",115
4125,"NETGEAR,INC_04_21_2003-EX-10.16-DISTRIBUTOR AGREEMENT",Warranty Duration,"Distributor may return previously purchased Products for replacement by an equal or greater value of different Products, under the following conditions:

         a) Distributor may return Products only within the [REDACTED DURATION] period following [REDACTED DURATION] of each year.",36
2191,INTERNATIONALFASTFOODCORP_04_04_1997-EX-99-FRANCHISE AGREEMENT,Rofr/Rofo/Rofn,BKC or its designee shall then have the prior option to purchase the interests  covered by the  offer  at the  price  and  upon the  same  terms  of the  offer.,29
1194,ImpresseCorp_20000322_S-1A_EX-10.11_5199234_EX-10.11_Co-Branding Agreement,Expiration Date,The Term of this Agreement shall begin on the Effective Date and shall end fifteen months therefrom.,17
12254,LiquidmetalTechnologiesInc_20200205_8-K_EX-10.1_11968198_EX-10.1_Development Agreement,Revenue/Profit Sharing,"The cash commission shall be an amount equal to six percent (6.0%) of the Net Sales Price of the invoice price of Licensed Products sold by Eutectix or its permitted sublicensees and for which payment was actually received by Eutectix (the ""Liquidmetal Commission"").",43
7364,Microgenics Corporation - Collaborative Development and Commercialization Agreement,Anti-Assignment,"Neither Party may assign this Agreement to a Third Party unless both Parties have agreed to such assignment in a writing signed by an authorized representative of each Party hereto; provided, however, that upon providing written notice, (i) either Party may, without the other Party's consent, assign this Agreement to an Affiliate or to any Third Party entity that acquires all or substantially all of its assets to which this Agreement relates and (ii) Achaogen may, without Microgenics' consent, assign this Agreement (in whole or in part) to a Third Party licensee of Achaogen's rights with respect to Plazomicin.",99
7520,IMMUNOMEDICSINC_08_07_2019-EX-10.1-PROMOTION AGREEMENT,Minimum Commitment,"At a minimum, Company shall cause its Sales Force to satisfy the Minimum Number of Details Requirement, the Minimum Reach Requirement and, if applicable, the Minimum PDE Requirement and the Minimum Top Target Requirement set forth in Exhibit B in each Detailing Period.",43
13340,PlayboyEnterprisesInc_20090220_10-QA_EX-10.2_4091580_EX-10.2_Content License Agreement_ Marketing Agreement_ Sales-Purchase Agreement1,Post-Termination Services,"(g) If so requested by Client in connection with a planned or potential continuation of the business, EFS shall  cooperate with Client and its affiliates in order to transfer any remaining operations to them or any other entity that Client may so  designate without interruption of the Playboy Commerce Business' availability.",51
5041,MphaseTechnologiesInc_20030911_10-K_EX-10.15_1560667_EX-10.15_Co-Branding Agreement,Governing Law,"The validity, construction and performance of this Agreement shall be          governed by the laws of the State of New York.",20
8760,IVILLAGEINC_03_17_1999-EX-10.16-SPONSORSHIP AGREEMENT,Anti-Assignment,"Neither Party shall sell, transfer or assign this Agreement or the rights or obligations hereunder, without the prior written consent of the other Party, such consent not to be unreasonably withheld or delayed.",33
13532,REGANHOLDINGCORP_03_31_2008-EX-10-LICENSE AND HOSTING AGREEMENT,Cap On Liability,"Neither party shall be liable to the other pursuant to this Agreement for any amounts representing loss of profit, loss of business or indirect, consequential, exemplary, or punitive damages of the other party.",33
4513,PapaJohnsInternationalInc_20190617_8-K_EX-10.1_11707365_EX-10.1_Endorsement Agreement,Exclusivity,"Subject to the terms contained herein, PAPA JOHN'S and ABG agree and acknowledge that during the Term of this Agreement and for one (1) year thereafter, ABG shall be prohibited from granting any rights for CELEBRITY identical or similar to the rights granted to PAPA JOHN'S hereunder to any entity other than PAPA JOHN'S for the purpose of directly promoting, advertising, making an appearance on behalf of, or endorsing Competitive Products; provided, however, that in the event this Agreement is terminated pursuant to Section 7.B. of this Agreement, the prohibition referenced above shall be for a period of six (6) months, except that the prohibition shall referenced above shall not apply (or shall immediately cease to apply, as applicable) in the event of any one or more of the following: (i) the Agreement is terminated due to PAPA JOHN'S failure to pay to ABG any monies under this Agreement, as set forth herein, (ii) the Agreement is terminated due to PAPA JOHN'S failure to grant, issue, or cause to vest any of the RSUs (as hereinafter defined) under this Agreement, as set forth herein, (iii) PAPA JOHN'S failure to pay to ABG any monies under Section 7.D.a. or Section 7.D.b. of this Agreement, as set forth herein, or (iv) PAPA JOHN'S failure to grant, issue, or cause to vest any of the RSUs under Section 7.E.a. or Section 7.E.b. of this Agreement, as set forth herein.",236
918,CYBERIANOUTPOSTINC_07_09_1998-EX-10.13-PROMOTION AGREEMENT,Cap On Liability,"NEITHER PARTY WILL BE LIABLE FOR ANY SPECIAL,           INDIRECT, CONSEQUENTIAL OR INCIDENTAL DAMAGES ARISING OUT OF OR           RELATED TO THIS AGREEMENT, HOWEVER CAUSED AND ON ANY THEORY OF           LIABILITY (INCLUDING NEGLIGENCE), AND EVEN IF SUCH PARTY HAS BEEN           ADVISED OF THE POSSIBILITY OF SUCH DAMAGES.",45
9289,BNLFINANCIALCORP_03_30_2007-EX-10.8-OUTSOURCING AGREEMENT,License Grant,"During the term of this Agreement or any extension thereof, BNL shall have a non-exclusive license to use the VIP System on-line as designated by VIP.",26
1214,ImpresseCorp_20000322_S-1A_EX-10.11_5199234_EX-10.11_Co-Branding Agreement,Cap On Liability,"hereof, neither party may bring a claim or action regardless of form, arising out of or related to this Agreement, including any claim of fraud or misrepresentation, more than two years after the cause of action accrues or becomes known, whichever is later.",43
13104,JOINTCORP_09_19_2014-EX-10.15-FRANCHISE AGREEMENT,Audit Rights,"We have the right at any time during business hours, and without advance notice to you, to inspect and audit, or cause to be inspected and audited, the business records, bookkeeping and accounting records, sales and income tax records and returns and other records of the Franchise, and the books and records of any corporation, limited liability company, or partnership that holds the Franchise.",64
9865,"PAXMEDICA,INC_07_02_2020-EX-10.12-Master Service Agreement",Anti-Assignment,CRO will not assign any right or delegate any obligation under this Agreement without the prior written consent of Client.,20
11830,SANDRIDGEENERGYINC_08_06_2009-EX-10.6-OPERATIONS AND MAINTENANCE AGREEMENT,Audit Rights,Owner shall have up until two years after the close of a Calendar Year in which to make an audit of Operator's records  for such Calendar Year.,27
13003,ParatekPharmaceuticalsInc_20170505_10-KA_EX-10.29_10323872_EX-10.29_Outsourcing Agreement,Change Of Control,"During the Term, Supplier will promptly notify Customer in writing if at any time a Change of Control shall occur as to Supplier, such notification to be given no later than fifteen (15) days following such Change of Control. [* * *]",42
5320,"ASHWORTHINC_01_29_1999-EX-10.(D)-PROMOTION AGREEMENT AND NANTZ COMMUNICATIONS, INC.",Change Of Control,"after Nantz Communications has received notice of such merger or consolidation if and only if, by virtue of such merger or consolidation Nantz Communications or Nantz would be in default under or violating any provisions of any agreement to which he or it is subject entered into prior to June 1, 1994.",52
1767,"OASYSMOBILE,INC_07_05_2001-EX-10.17-OUTSOURCING AGREEMENT",Cap On Liability,"Except for actions for nonpayment of breach of E.piphany's proprietary rights in the Application, no action, regardless of form, arising out of this Agreement may be brought by either party more than two years after the cause of action has accrued.",41
2580,REWALKROBOTICSLTD_07_10_2014-EX-10.2-STRATEGIC ALLIANCE AGREEMENT,Governing Law,This agreement will be governed by and must be construed in accordance with the laws of the State of Israel,20
11231,Monsanto Company - SECOND A_R EXCLUSIVE AGENCY AND MARKETING AGREEMENT ,Covenant Not To Sue,"Monsanto further agrees that it will in no way dispute, impugn or attack the validity of the Additional Roundup Products Trademarks or the respective owner's rights thereto.",27
4656,MorganStanleyDirectLendingFund_20191119_10-12GA_EX-10.5_11898508_EX-10.5_Trademark License Agreement,Anti-Assignment,"Licensee may not assign, transfer, pledge, mortgage or otherwise encumber this Agreement or its right to use the Brand (or assume this Agreement in bankruptcy), in whole or in part, without the prior written consent of Licensor in its sole discretion, except for an assignment outside of bankruptcy to a successor organization that is solely the result of a name change by Licensee.",63
3163,STWRESOURCESHOLDINGCORP_08_06_2014-EX-10.1-COOPERATION AGREEMENT,Minimum Commitment,"The Post-Well Study shall provide information on the feasibility of developing a water well field in that location that would produce water from the CRA for: (a) the availability of a minimum 1,200 gallons per minute (""GPM"") per day CRA water production for STW, its successors or assignees, to sell to communities and users within a 500-mile radius outside of COFS (the ""Permitted Sale Water"") during the Term, with the further requirement that STW would be responsible for the pipelines and pumping facilities required to transport the Permitted Sale Water to the intended end-users; and that all such water obtained from the Existing CRA Well contains acceptable levels of Total Dissolved Solids (""TDS"") to meet municipal use standards. I",119
2458,SPARKLINGSPRINGWATERHOLDINGSLTD_07_03_2002-EX-10.13-SOFTWARE LICENSE AND MAINTENANCE AGREEMENT,Non-Transferable License,"Garman hereby grants to Sparkling, for the use of Sparkling and affiliated companies of Sparkling operating at Authorized Locations, a non-transferable and non-exclusive licence to use: (i) the Software, safely in executable object code format, at each AS400 at each of the Authorized Locations; and (ii) the Documentation.",48
8728,GAINSCOINC_01_21_2010-EX-10.41-SPONSORSHIP AGREEMENT,Insurance,"By  requiring insurance herein, the Sponsor does not represent that coverage limits will necessarily be adequate to protect Racing.",19
326,"FTENETWORKS,INC_02_18_2016-EX-99.4-STRATEGIC ALLIANCE AGREEMENT",No-Solicit Of Employees,"In the event Subcontractor directly employs or contracts with an employee of EDGE without the consent of EDGE, Subcontractor shall pay as liquidated damages two times the then monthly salary of the employee for a three-month period of time.",39
10883,CnsPharmaceuticalsInc_20200326_8-K_EX-10.1_12079626_EX-10.1_Development Agreement,Expiration Date,"The term of this Agreement will commence on the Effective Date and remain in full force and effect until the expiration of the Sublicense Agreement, unless earlier termination by pursuant to the terms of this Agreement (""Term"").",37
9633,OFGBANCORP_03_28_2007-EX-10.23-OUTSOURCING AGREEMENT,Liquidated Damages,"The ""Estimated Remaining Value"" means the mathematical product of (a) the average monthly fee paid by Customer with respect to the Initial Services during the twelve (12) months immediately preceding the Effective Date of Termination, multiplied by (b) the number of unexpired whole months remaining between the Effective Date of Termination and the expiration of the Initial Term.",58
11527,"BERKELEYLIGHTS,INC_06_26_2020-EX-10.12-COLLABORATION AGREEMENT",Affiliate License-Licensor,"With respect to any Intellectual Property developed by BLI or its Affiliates in collaboration or on behalf of a Third Party during the Term of this Agreement that is [REDACTED] for (a) [REDACTED] or (b) [REDACTED], with respect to each, BLI and its Affiliates shall [REDACTED] to [REDACTED] that BLI or its Affiliates Control such Intellectual Property so that BLI may grant a license to Ginkgo with respect to such Intellectual Property as set forth in Section 9.1 (Grants to Ginkgo).",81
3345,DigitalCinemaDestinationsCorp_20111220_S-1_EX-10.10_7346719_EX-10.10_Affiliate Agreement,Anti-Assignment,"Network Affiliate may not assign or transfer, by operation of law or otherwise, any of its rights under this  Agreement or delegate any of its duties under this Agreement to any third party without NCM's prior written consent, which consent shall not be  unreasonably withheld, conditioned or delayed.",48
5437,BUFFALOWILDWINGSINC_06_05_1998-EX-10.3-FRANCHISE AGREEMENT,Non-Compete,"You will, in the event you continue to operate or subsequently begin to operate any other business, not use any reproduction, counterfeit, copy or colorable imitation of the Marks either in connection with such other business or the promotion thereof, which is likely to cause confusion, mistake or deception, or which is likely to dilute our exclusive rights in and to the Marks





and will not utilize any designation of origin or description or representation which falsely suggests or represents an association or connection with us so as to constitute unfair competition.",92
2488,N2KINC_10_16_1997-EX-10.16-SPONSORSHIP AGREEMENT,Rofr/Rofo/Rofn,"Commencing not later than [REDACTED] prior to the expiration                   of the term of the Agreement, Excite will negotiate with                   Sponsor in good faith with respect to the terms and conditions                   under which this Agreement would be renewed.",37
9492,"FIDELITYNATIONALINFORMATIONSERVICES,INC_08_05_2009-EX-10.3-INTELLECTUAL PROPERTY AGREEMENT",Affiliate License-Licensor,"transferable right to continue to use the Marks that were owned immediately prior to the Distribution Date by a member of the Certegy Group and employed in the Equifax Business, but only to the extent such Marks were displayed by the Equifax Group prior to the Distribution Date (i) on assets owned by Equifax or any member of the Equifax Group (other than the Transferred Assets), (ii) on premises jointly occupied with one or more members of the Certegy Group, and (iii) on letterhead, product and services documentation, invoices, software programs, packaging and similar materials used by the members of the Equifax Group, and such Marks are used in accordance with the same guidelines for usage as the Equifax Marks as described in subsection (a) above.",126
2358,AzulSa_20170303_F-1A_EX-10.3_9943903_EX-10.3_Maintenance Agreement1,Insurance,"In respect of Liability Insurance, the Repairer shall be named as additional insured and loss payee, as relevant, to the extent required under Clause 15 (""Liability and Indemnity""), with severability of interest and confirmation that the Company policy shall be primary without right of contribution.",45
1537,"WASTE2ENERGYHOLDINGS,INC_06_03_2010-EX-10.2-STRATEGIC ALLIANCE AGREEMENT",No-Solicit Of Employees,"Each Party agrees that during the Term of this Agreement and for a period of six (6) months thereafter it shall not, without the prior written  consent of the other Party, either on its own account or through its employees or agents or otherwise or on behalf of any other person,  firm, company or other organisation and other than by general advertising, solicit, interfere with, procure or entice away (or, in each case,  attempt so to do), either directly or indirectly, any employee or contractor of the other Party.",89
9756,"ATHENSBANCSHARESCORP_11_02_2009-EX-1.2-AGENCY AGREEMENT , 2009",Minimum Commitment,"In the event the Company fails to sell the required minimum number of the Shares by the date when such sales must be completed, in  accordance with the provisions of the Plan or as required by the Conversion Regulations, and applicable law, this Agreement shall terminate upon  refund by the Company to each person who has subscribed for or ordered any of the Shares the full amount which it may have received from such  person, together with interest as provided in the Prospectus, and no party to this Agreement shall have any obligation to the other hereunder,  except as set forth in Sections 2(a) and (d), 7, 9 and 10 hereof.",111
11856,ON4COMMUNICATIONSINC_07_02_2009-EX-10.1-PROMOTION AGREEMENT,Volume Restriction,The distribution limits stated above are the maximum number of Pin Codes that may be distributed in the Promotion.,19
1783,MEDIWOUNDLTD_01_15_2014-EX-10.6-SUPPLY AGREEMENT,Governing Law,"This Agreement is made under and subject to the provision of the substantive laws of the State of New York, without giving effect to its conflict of law rules.",29
12514,ArmstrongFlooringInc_20190107_8-K_EX-10.2_11471795_EX-10.2_Intellectual Property Agreement,Affiliate License-Licensor,"""Arizona Licensed Patents"" means the Patents set forth on Schedule 1.1(l) and all other Patents owned by Licensing or Seller or their respective Affiliates as of the Effective Date and used or held for use in the Company Field during the five (5) years prior to the Effective Date (other than the Arizona Assigned Patents).",55
1109,CytodynInc_20200109_10-Q_EX-10.5_11941634_EX-10.5_License Agreement,Change Of Control,A Change of Control shall be deemed an assignment for purposes of this Agreement.,14
9206,SoupmanInc_20150814_8-K_EX-10.1_9230148_EX-10.1_Franchise Agreement1,Anti-Assignment,"If any purported assignment or transfer of any direct or indirect interest in this Agreement, in you, or in all or substantially all of the assets of the Franchised Business is made to any third party without our prior written consent, contrary to the terms of Section 12 of this Agreement.",51
9231,SoupmanInc_20150814_8-K_EX-10.1_9230148_EX-10.1_Franchise Agreement1,Audit Rights,"We shall have the right, at all reasonable times, to inspect the products and services on which the Proprietary Marks shall be used as we consider necessary to carry out the purposes of inspection as part of appropriate quality control.",40
9235,SoupmanInc_20150814_8-K_EX-10.1_9230148_EX-10.1_Franchise Agreement1,Liquidated Damages,"The parties hereto consider this liquidated damages provision to be a reasonable, good faith pre-estimate of those damages.",18
10530,GOCALLINC_03_30_2000-EX-10.7-Promotion Agreement,Expiration Date,"This promotion shall begin on June 1,1999 and shall terminate June 1, 2000 (herein ""Term"")",15
13144,NEXSTARFINANCEHOLDINGSINC_03_27_2002-EX-10.26-OUTSOURCING AGREEMENT,Expiration Date,"Unless earlier terminated in accordance with the terms hereof, the term of this Agreement shall end on the seventh anniversary of the date hereof.",24
3336,DigitalCinemaDestinationsCorp_20111220_S-1_EX-10.10_7346719_EX-10.10_Affiliate Agreement,No-Solicit Of Customers,"(ii) any client of NCM to discontinue using NCM's services  or products, (iii) any client of NCM to refer prospective clients to one or more competitors of NCM or to discontinue referring prospective clients  to NCM, (iv) any NCM employee, client, or prospective client to breach any agreement with NCM, or (v) any existing or proposed arrangement or  other community or institutional affiliation to discontinue the affiliation or relationship with NCM.",71
3435,HUBEIMINKANGPHARMACEUTICALLTD_09_19_2006-EX-10.1-OUTSOURCING AGREEMENT,Exclusivity,"Dolphin will provide photo-editing services exclusively, at DGT option, when the number of downloaded photos to be edited by Dolphin totals 50,000 in a single year;",26
5195,"TRANSPHORM,INC_02_14_2020-EX-10.12(1)-JOINT VENTURE AGREEMENT",Governing Law,"The English text of this Agreement shall control any interpretation of its provisions, and this Agreement and the legal relations among the Parties and the Company shall in all respects be interpreted, construed and governed by and in accordance with the laws of Japan.",44
1111,CytodynInc_20200109_10-Q_EX-10.5_11941634_EX-10.5_License Agreement,Anti-Assignment,"Vyera may not assign this Agreement, or any rights or obligations hereunder without the prior written consent of CytoDyn, not to be unreasonably withheld or delayed provided that Vyera may assign this Agreement without CytoDyn's consent to an Affiliate or to a successor to substantially all of the business of Vyera to which this Agreement relates.",56
2214,INTERNATIONALFASTFOODCORP_04_04_1997-EX-99-FRANCHISE AGREEMENT,Post-Termination Services,"(b) If the Location is leased by the Franchisee,  any of the  Principals  or an affiliate  of the  Franchisee,  subject to obtaining  any necessary  landlord's consent, to obtain an assignment of the leasehold interest at a price equal to the fair market value of the leasehold interest.",47
11936,HfEnterprisesInc_20191223_S-1_EX-10.22_11931299_EX-10.22_Development Agreement,Renewal Term,"The Initial Term shall automatically renew for one-month periods thereafter unless either party provides 30- days advance notice of termination, unless earlier terminated pursuant to Section 2.2 hereof",28
10265,"INNOVIVA,INC_08_07_2014-EX-10.1-COLLABORATION AGREEMENT",Post-Termination Services,"GSK shall, at its sole expense, transfer to Theravance, or shall cause its designee(s) to transfer to Theravance, ownership of all regulatory filings made or filed for any Terminated Development Collaboration Product (to the extent that any are held in GSK's or such designee(s)'s name), but only where the Terminated Collaboration Product contains a Theravance Compound as a single agent and such transfer to be as permitted",67
8346,EhaveInc_20190515_20-F_EX-4.44_11678816_EX-4.44_License Agreement_ Reseller Agreement,Exclusivity,"Notwithstanding anything to the contrary contained herein, the exclusive appointment and license set out in Sections 2(a) and 2(b) shall become non-exclusive if: (i) at any time during the Term hereof, CHT breaches Section 2(d) as determined by arbitration in accordance with Section 19(c) or by a final non-appealable judgment of a court of competent jurisdiction; or (ii) at any time after November 1, 2010 CHT fails to achieve annual revenues of $500,000.",73
3746,CHIPMOSTECHNOLOGIESBERMUDALTD_04_18_2016-EX-4.72-Strategic Alliance Agreement,Renewal Term,The Parties may negotiate for an extension of this Agreement six (6) months before the expiration of the Cooperation Period.,20
10348,WestPharmaceuticalServicesInc_20200116_8-K_EX-10.1_11947529_EX-10.1_Supply Agreement,Change Of Control,"As used above, ""Change in Circumstances"" means any of the following: (i) any transaction, or series of transactions, that would result in the transfer of at least twenty-five percent (25%) of the equity interest in Buyer/Buyer Affiliates (or of at least twenty-five percent (25%) of the equity interest in any business entity that owns or controls, directly or indirectly, at least fifty percent (50%) of the equity interest in Buyer/Buyer Affiliates (""Buyer's Parent"")) to a single transferee or multiple transferees under common control; (ii) any transaction that would result in Buyer's /Buyer Affiliates' (or Buyer's Parent's) merging with one or more other entities; or (iii) any transaction not in the ordinary course of Buyer's/Buyer Affiliates (or Buyer's Parent's) business that calls for the sale, purchase or other transfer of one or more significant assets, including (without limitation) manufacturing facilities and ownership interests in other business entities.",146
7245,LifewayFoodsInc_20160316_10-K_EX-10.24_9489766_EX-10.24_Endorsement Agreement,Non-Compete,"Individual agrees that, during the Term hereof, she will not render similar services for, or permit the use of her name, nickname, likeness, voice, live or recorded performance, photograph, signature or facsimile thereof, and biographical materials in advertising or publicizing in any medium for any other Kefir product, yogurt product, cheese, frozen desserts and other products that compete with products manufactured or distributed by Lifeway and its affiliates, subsidiaries and parent companies other than those products manufactured or distributed by Lifeway and its affiliates, subsidiaries, and parent companies.",88
13477,WARNERCHILCOTTPLC_12_31_2003-EX-4.36-DEVELOPMENT AGREEMENT,Post-Termination Services,"(c)      if GALEN is then the owner of any patents specifically related                   to the Combination Product, GALEN shall transfer such                   ownership to LEO, except for LEO being in breach in which case                   GALEN will sell said patents and LEO will purchase said                   patents at a price equal to the expenses GALEN has borne in                   relation to developing, establishing and maintaining said                   patent rights;

         (d)      if GALEN is then the owner of any patents, which in part                   relates to the Combination Product then LEO, its Affiliates                   and partners shall have a royalty free license to such patents                   for the term of the patents;

         (e)      if GALEN is then the owner of any data related to the                   Combination Product, including, but not limited to, any data                   related to any study performed under this Agreement such data                   shall be transferred to LEO. At such time, LEO shall have the                   right, but not the obligation, to have assigned to LEO any                   third party clinical agreement then pending;

         (f)      GALEN shall transfer the NDA, the IND and any other relevant                   registrations related to the Combination Product held by                   GALEN, if any, to LEO or its designee.",191
3002,"BELLICUMPHARMACEUTICALS,INC_05_07_2019-EX-10.1-Supply Agreement",Affiliate License-Licensee,"Subject to the terms of the Quality Agreement, if applicable, Miltenyi may, at its sole discretion, upon reasonable prior written notice to Bellicum, elect to have the Miltenyi Products, or any one of them or any component thereof, manufactured by an Affiliate of Miltenyi, and further may subcontract the manufacturing of Miltenyi Product or any component thereof, to a Subcontractor; provided that (i) Miltenyi shall reasonably take into account Bellicum's written concerns regarding proposed Affiliate(s) or Subcontractor(s); and (ii) Miltenyi shall be solely and fully responsible for the performance of all delegated and subcontracted activities by its Affiliates and Subcontractor(s), including compliance with the terms of this Agreement and the Quality Agreement (as applicable), and in no event shall any such delegation or subcontract release Miltenyi from any of its obligations under this Agreement. Miltenyi's Subcontractors and Affiliates for the manufacture and/or supply of Miltenyi Products will be listed in the Quality Agreement",153
11703,StampscomInc_20001114_10-Q_EX-10.47_2631630_EX-10.47_Co-Branding Agreement,Competitive Restriction Exception,"The Company may, at its option, terminate the exclusivity      provisions set forth in this Section 3(d)  [Exclusivity] upon the occurrence of any of the      following events: (A) MBE",28
7369,Microgenics Corporation - Collaborative Development and Commercialization Agreement,Ip Ownership Assignment,"As between the Parties, Microgenics shall own all right, title and interest in and to any Trademarks developed by or for Microgenics for use in connection with the Assay.",29
3458,ACCURAYINC_09_01_2010-EX-10.31-DISTRIBUTOR AGREEMENT,License Grant,"Accuray  hereby grants Distributor or Customer a nonexclusive, non-transferable, royalty-free right to use the software provided in  connection with the Products only in machine readable form and only in combination with the Products with which such software is  provided.",39
3523,AIRSPANNETWORKSINC_04_11_2000-EX-10.5-Distributor Agreement,Post-Termination Services,Airspan will recognize payments due to Distributor for orders received up to ninety (90) days after the termination or expiration of this Agreement.,23
4279,MRSFIELDSORIGINALCOOKIESINC_01_29_1998-EX-10-FRANCHISE AGREEMENT,Non-Compete,"Franchisee  also  acknowledges  that Pretzel Time has granted the Franchise to  Franchisee  in  consideration  of and reliance  upon  Franchisee's agreement to deal  exclusively  with Pretzel Time.  Franchisee  therefore agrees that  during the term of the  Franchise  Agreement,  or the period of time which Franchisee operates a Unit under this Agreement,  whichever is shorter,  neither Franchisee  nor  any  Affiliate,  immediate  family  member,  or  in  the  event Franchisee is a corporation

any Owner thereof and member of his immediate  family or in the event  Franchise is a partnership any partner  (general or limited) thereof and any member of his immediate family, shall:

         (1) Have  any  direct  or  indirect  interest  as an  owner,  investor,          partner, director, officer, employee, consultant, representative, agent          or in  any  other  capacity  in any  Competitive  Business  located  or          operating  at the Site or within  three (3) miles of any  Pretzel  Time          Unit  in  operation  or  under  development  on the  effective  date of          termination or expiration of this Agreement, except a Pretzel Time Unit          operated by Franchisee under Franchise Agreements with Pretzel Time; or

         (2) Recruit or hire any employee who, within the immediately  preceding          six (6) month period,  was employed by Pretzel Time or any Pretzel Time          Unit operated by Pretzel Time, its Affiliates or another  franchisee or          licensee  of  Pretzel  Time,   without   obtaining  the  prior  written          permission of Pretzel Time or such franchisee.",225
3192,AlliedEsportsEntertainmentInc_20190815_8-K_EX-10.34_11788308_EX-10.34_Sponsorship Agreement,Uncapped Liability,"EXCEPTING ONLY CLAIMS MADE PURSUANT TO SECTION 12.1, IN NO EVENT WILL EITHER PARTY BE LIABLE FOR ANY INDIRECT, SPECIAL, INCIDENTAL, EXEMPLARY, PUNITIVE OR CONSEQUENTIAL DAMAGES OF ANY KIND, INCLUDING ANY LOST PROFITS, LOST REVENUES OR LOST SAVINGS, ARISING OUT OF OR IN CONNECTION WITH THIS AGREEMENT AND/OR THE PRODUCTS, WHETHER IN CONTRACT, TORT, STRICT LIABILITY OR OTHERWISE, EVEN IF THE PARTY HAS BEEN ADVISED, KNOWS OR SHOULD KNOW, OR IS OTHERWISE AWARE OF THE POSSIBILITY OF SUCH DAMAGES.",79
4712,PareteumCorp_20081001_8-K_EX-99.1_2654808_EX-99.1_Hosting Agreement,Uncapped Liability,"Limitation of liability as described in this article shall not apply:   a) in case the damage or loss is caused by a Party's willful misconduct (including fraud) or gross negligence, or   b) in case of a breach of a Parties obligation under article 11 (confidentiality) and article 15 (indemnification for breach of intellectual property rights).",55
8972,STARTECGLOBALCOMMUNICATIONSCORP_11_16_1998-EX-10.30-CONSTRUCTION AND MAINTENANCE AGREEMENT,Anti-Assignment,"The Managing Group          may  decide  that the  assigning  Party  will not  remain  jointly  and          severally  liable  with  the  assignee  for  the  performance  of  this          Agreement for the duration of the Agreement provided that the assigning          Party will give  notice to the other  Parties in a timely  manner,  and          provided  that  the  assignee  agrees  in  writing  to be  bound by the          provisions of this Agreement.",64
3082,"XLITECHNOLOGIES,INC_12_11_2015-EX-10.1-Sponsorship Agreement",Non-Transferable License,"1.1 Grant of License.   1.1.1 WCC grants a limited, non-exclusive license to XLI to use the West Coast Customs name, image, likeness and signature, including specific West Coast Customs Trademarks (including West Coast Customs logo trademarks and approved West Coast Customs vehicle imagery and trademarks) (collectively the ""Trademarks"") during the term of this Agreement in connection with national, regional or local print advertising, together with Internet, television, video and on-site event advertising, only in connection with the PROMOTION, subject to all of the terms and conditions hereof.",87
11641,PROLONGINTERNATIONALCORP_03_23_1998-EX-10.16-SPONSORSHIP AGREEMENT,Insurance,"Sabco shall provide at its expense and maintain throughout           --------- the term of this Agreement and any option period spectator liability insurance  in an amount not less than $1 million single limit coverage with respect to any  liability relating to the activities of Sabco in the performance of this  Agreement.  Sabco shall, within 90 days of the execution of this Agreement,  supply Prolong with a copy of such policy of insurance or a certificate thereof, and such policies shall be cancelable only upon 10 days written notice to  Prolong.",89
11841,SANDRIDGEENERGYINC_08_06_2009-EX-10.6-OPERATIONS AND MAINTENANCE AGREEMENT,Insurance,Operator shall  have its insurer(s) waive its right of subrogation against Owner Indemnified Parties on all insurance carried.,18
12889,IMAGEWARESYSTEMSINC_12_20_1999-EX-10.22-MAINTENANCE AGREEMENT,Expiration Date,"XIMAGE's obligations hereunder shall become effective upon the      ""Effective Date"" and, unless sooner terminated as provided herein, shall      remain in full force and effect for at least one year thereafter.",30
10487,KitovPharmaLtd_20190326_20-F_EX-4.15_11584449_EX-4.15_Manufacturing Agreement,Notice Period To Terminate Renewal,"Following the Initial Term, the Agreement shall automatically be renewed for additional periods of **** (each, a ""Renewal Term,"" and, together with the Initial Term, the ""Term"")), unless a Party provides written notification of non-renewal to the other Party at least **** of the Initial Term or a Renewal Term.",50
11544,"BERKELEYLIGHTS,INC_06_26_2020-EX-10.12-COLLABORATION AGREEMENT",Uncapped Liability,"EXCEPT TO THE EXTENT ARISING (A) FROM A PARTY'S BREACH OF ARTICLE 10 (CONFIDENTIALITY), (B) [REDACTED] (E) FROM A PARTY'S FRAUD, GROSS NEGLIGENCE OR WILLFUL MISCONDUCT OR (F) IN CONNECTION WITH A PARTY'S INDEMNIFICATION OBLIGATIONS UNDER ARTICLE 12 (INDEMNIFICATION; INSURANCE), IN NO EVENT WILL EITHER PARTY BE LIABLE TO THE OTHER PARTY FOR ANY LOST PROFITS, INDIRECT, SPECIAL, INCIDENTAL, EXEMPLARY OR CONSEQUENTIAL DAMAGES OF ANY KIND ARISING OUT OF OR IN CONNECTION WITH THIS AGREEMENT, HOWEVER CAUSED AND ON",79
8888,BIOPURECORP_06_30_1999-EX-10.13-AGENCY AGREEMENT,Audit Rights,"(f) meet with the Company at least once each quarter (starting with       the quarter in which the Agent Launch Date occurs), at a mutually       agreeable time and place to discuss and review the Agent's activities       hereunder, at which meeting the Agent will make available to the Company       information concerning the Agent's sale and marketing of the Products in       the Territory during the quarter and year-to-date, such information to       include details of sales efforts, Product sales volume and such other       information as may be mutually agreed upon in each Business Plan;",90
8039,BloomEnergyCorp_20180321_DRSA (on S-1)_EX-10_11240356_EX-10_Maintenance Agreement,Post-Termination Services,"Throughout the Term, and thereafter to the extent relevant to calculations necessary for periods prior to the end of the Term and subject to any confidentiality obligation owed to any third party and/or any restrictions on the disclosure of information which may be subject to intellectual property rights restricting disclosure:

(a) Owner shall grant Operator access to all data relating to the electricity production of each Bloom System, it being understood that it is Operator's responsibility to determine the performance of the Bloom System, and any other calculations as required under this Agreement, and that it is Owner's responsibility to handle all accounting and invoicing activities; and

(b) Owner shall allow Operator access to all data from all Facility Meters.",120
4129,"NETGEAR,INC_04_21_2003-EX-10.16-DISTRIBUTOR AGREEMENT",Insurance,"NETGEAR, at its expense, agrees to maintain insurance coverage to protect against its liabilities under the Agreement in an amount no less than is reasonable or required by applicable statute.",30
13747,KINGPHARMACEUTICALSINC_08_09_2006-EX-10.1-PROMOTION AGREEMENT,Exclusivity,"Depomed agrees to grant and hereby grants to King an exclusive option (exercisable at King's sole discretion by providing written notice of intent at any time, but in no event later than 180 days after the Effective Date) to obtain an exclusive license in the Territory to certain of Depomed's proprietary drug delivery technology in combination with both metformin hydrochloride and any other active pharmaceutical ingredients (a ""Combination Product License"").",70
6321,FulucaiProductionsLtd_20131223_10-Q_EX-10.9_8368347_EX-10.9_Content License Agreement,Unlimited/All-You-Can-Eat-License,"one-offs, for unlimited runs for the License Term through ConvergTV channels and/or other distribution outlets, in accordance with the License Rights.",21
2503,N2KINC_10_16_1997-EX-10.16-SPONSORSHIP AGREEMENT,License Grant,"Each party hereby grants to the other a non-exclusive, limited                   license to use its trademarks, service marks or trade names                   only as specifically described in this Agreement.",27
4833,"KUBIENT,INC_07_02_2020-EX-10.14-MASTER SERVICES AGREEMENT_Part2",No-Solicit Of Employees,"During the Term and any renewal terms of the Agreement, and for a period of one (1) year following the expiration or earlier termination thereof, Customer shall not, whether for its own account or for the account of any other person or entity, interfere with the relationship of Kubient with, or endeavor to entice away from Kubient, any person or entity who was or is a an employee or Third-Party of Kubient.",72
5319,"ASHWORTHINC_01_29_1999-EX-10.(D)-PROMOTION AGREEMENT AND NANTZ COMMUNICATIONS, INC.",Competitive Restriction Exception,Notwithstanding the foregoing Nantz shall be permitted to wear a Lynx hat or clothing logo when performing promotional services for Lynx and to use Lynx equipment when performing any promotional services for the Company in which equipment will be used.,40
5154,"BABCOCK_WILCOXENTERPRISES,INC_08_04_2015-EX-10.17-INTELLECTUAL PROPERTY AGREEMENT between THE BABCOCK _ WILCOX COMPANY and BABCOCK _ WILCOX ENTERPRISES, INC.",License Grant,"RemainCo shall have, and SpinCo hereby grants to RemainCo, an unlimited, non-exclusive, perpetual, irrevocable, royalty free, worldwide right and license to use the content contained in the Steam Book, including the current edition and any past edition and any future edition to which RemainCo makes a contribution, for any purpose, including, without limitation, to reproduce, publicly display, modify, make derivative works, distribute, publicly perform and distribute for RemainCo's internal business purposes, including in connection with customer related activities, provided, however, that RemainCo shall (i) not use any non-nuclear content contained in the Steam Book in connection with publishing or distributing a publication which competes with the Steam Book and (ii) provide attribution and accreditation using a copyright notice having the format required by law in connection with the use of any protectable expression of the non-nuclear content contained in the Steam Book.",142
11278,XpresspaGroupInc_20190401_10-K_EX-10.28_11599457_EX-10.28_Marketing Agreement,Change Of Control,"Subject to the foregoing, this Agreement shall be binding upon and inure to the benefit of the Parties hereto and their respective permitted successors and assigns; provided, however, Calm may, without the prior written consent of XSPA, assign or otherwise transfer its rights and obligations to an affiliate of Calm or the acquirer of all or substantially all of the assets of Calm; provided, however, that the prior written consent of XSPA shall be required in connection with the assignment to an acquirer of all or substantially all of the assets of Calm if such acquirer's primary business is an airport-based provider of spa services.",105
7221,"ETELOS,INC_03_09_2004-EX-10.8-DISTRIBUTOR AGREEMENT",Renewal Term,"The terms of this Agreement shall be one year from the effective date and will be automatically renewed on each anniversary of the effective date, for a renewal term of one year unless either party provides written notification of its intention not to renew this Agreement at least one month prior to the expiration of the initial or any renewal terms.",61
7130,RevolutionMedicinesInc_20200117_S-1_EX-10.1_11948417_EX-10.1_Development Agreement,Change Of Control,RevMed shall pay Sanofi such royalties until the earlier of (x) expiration of the Post-Termination Royalty Term therefor and (y) a Change of Control of Sanofi.,26
6472,BerkshireHillsBancorpInc_20120809_10-Q_EX-10.16_7708169_EX-10.16_Endorsement Agreement,Non-Compete,"Auriemma will not enter into any arrangement or agreement, which enables any Berkshire Competitor to be endorsed by Auriemma  (whether by using the Auriemma Identification, Auriemma providing services similar to the Endorsement Services, or otherwise) during the  Contract Period within the Contract Territory.",43
6970,"Array BioPharma Inc. - LICENSE, DEVELOPMENT AND COMMERCIALIZATION AGREEMENT",Post-Termination Services,"Within thirty (30) days of expiration of the Wind- down Period, Ono shall notify Array of any quantity of the Product remaining in Ono's inventory and Array shall have the option, upon notice to Ono, to purchase any such quantities of unlabeled and unpackaged Product from Ono at the price equal to the price paid by Ono for such quantities of unlabeled and unpackaged Product manufactured by a Third Party manufacturer or, to the extent Ono manufactured such quantities of unlabeled and unpackaged Products itself, the cost of direct materials and direct labor for such unlabeled and unpackaged Products.",99
6832,QuantumGroupIncFl_20090120_8-K_EX-99.2_3672910_EX-99.2_Hosting Agreement,Cap On Liability,IBM will give Customer a credit equal to the amount Customer paid IBM for the applicable Materials or for use of the applicable Base Components up to a maximum of twelve (12) months of applicable charges.,36
13220,SteelVaultCorp_20081224_10-K_EX-10.16_3074935_EX-10.16_Affiliate Agreement,Audit Rights,"Equidata may audit, at Equidata's expense, the Marketing Affiliate's marketing, practices and activities for the  purpose of assuring compliance with this Agreement.",22
13778,KINGPHARMACEUTICALSINC_08_09_2006-EX-10.1-PROMOTION AGREEMENT,Post-Termination Services,"Following the termination of this Agreement at the conclusion of the initial five year term or any additional term, for each of the eight full calendar quarters following such termination, Depomed shall pay to King an amount equal to, in each of the first four such calendar quarters, [REDACTED DURATION]% of the Net Sales for each such quarter and, in each of the fifth through eighth such calendar quarters, [REDACTED DURATION]% of such Net Sales for each such quarter.",77
10640,ADAPTIMMUNETHERAPEUTICSPLC_04_06_2017-EX-10.11-STRATEGIC ALLIANCE AGREEMENT,Expiration Date,"The term of this Agreement shall be five (5) years following the Effective Date or until the Studies are completed, whichever is later,  unless extended or unless terminated earlier in accordance with the provisions hereof.",35
5914,ZogenixInc_20190509_10-Q_EX-10.2_11663313_EX-10.2_Distributor Agreement,Irrevocable Or Perpetual License,"Distributor hereby grants Zogenix an irrevocable, perpetual, world-wide, royalty-free, fully paid-up, non-exclusive license with the right to grant sublicenses under such Distributor Inventions and any patents or patent applications claiming or disclosing such Distributor Inventions.",35
11950,HfEnterprisesInc_20191223_S-1_EX-10.22_11931299_EX-10.22_Development Agreement,Covenant Not To Sue,"Developer may not contest the validity of, by act or omission jeopardize, or take any action inconsistent with, DSS's ownership rights or goodwill in the Technology or Improvements, including any attempted registration of the Technology or Improvements in Hong Kong or in any other legal jurisdiction, or any attempts to license the same to any unauthorized third Person.",58
5855,RaeSystemsInc_20001114_10-Q_EX-10.57_2631790_EX-10.57_Co-Branding Agreement,Uncapped Liability,"EXCEPT AS SET FORTH IN SECTION 6 AND 7.1,              ------------------------ UNDER  NO  CIRCUMSTANCES  WILL  EITHER  PARTY  BE  LIABLE TO THE OTHER UNDER ANY CONTRACT,  STRICT  LIABILITY, NEGLIGENCE OR OTHER LEGAL OR EQUITABLE THEORY, FOR ANY  INCIDENTAL  OR CONSEQUENTIAL DAMAGES OR LOST PROFITS IN CONNECTION WITH THE SUBJECT  MATTER  OF  THIS  AGREEMENT.",51
11656,DYNTEKINC_07_30_1999-EX-10-ONLINE HOSTING AGREEMENT,Anti-Assignment,Any attempt to assign this Agreement without such consent (if required) shall be void and of no effect AB INITIO.,20
5495,BUFFALOWILDWINGSINC_06_05_1998-EX-10.3-FRANCHISE AGREEMENT,Liquidated Damages,"You specifically acknowledge that our designated representative may take over, control, and operate the Franchised Restaurant, and that you will pay us a service fee of not less than TWO HUNDRED Dollars ($200) per day plus all travel expenses, room and board and other expenses reasonably incurred by such representative so long as it shall be required by the representative to enforce compliance herewith.",64
7610,XENCORINC_10_25_2013-EX-10.24-COLLABORATION AGREEMENT (3),Rofr/Rofo/Rofn,The rights set forth in Section 5.2.2.a and b shall automatically terminate if BII does not produce a viable Process for manufacture of Product as evidenced by failure to produce cGMP Product within a timeframe reasonably and customary in the biopharmaceutical industry for companies of comparable size and the respective activities.,51
13653,CcRealEstateIncomeFundadv_20181205_POS 8C_EX-99.(H)(3)_11447739_EX-99.(H)(3)_Marketing Agreement,Cap On Liability,"Any and all claims, losses, cost or expenses shall be limited to actual and direct costs.",16
13513,NETZEEINC_11_14_2002-EX-10.3-MAINTENANCE AGREEMENT,Renewal Term,"Following the completion of such maintenance term, Bankers Bank may, at its option, renew maintenance for subsequent periods of one (1) year each, subject to adjustments proposed by Netzee not to exceed 5% at least sixty (60) days in advance of the applicable renewal date.",45
5643,LinkPlusCorp_20050802_8-K_EX-10_3240252_EX-10_Affiliate Agreement,Audit Rights,"Both parties are entitled to reports of sales and to                            conduct periodic audits to ensure accuracy of                            Payments as follows:

                           a.       Each party will provide to the other a                                     quarterly report (in hard copy and                                     electronic copy (if applicable)) showing the                                     AMR Product Suite sales including the Gross                                     Proceeds and the Production Costs.",53
1178,NICELTD_06_26_2003-EX-4.5-OUTSOURCING AGREEMENT,Cap On Liability,"In any event, the total liquidated damages                     as per this Section shall not exceed 5% of the Product                     Price.",19
12257,LiquidmetalTechnologiesInc_20200205_8-K_EX-10.1_11968198_EX-10.1_Development Agreement,Revenue/Profit Sharing,"The cash royalty shall be an amount equal to six percent (6.0%) of the Net Sales Price of the invoice price of any Licensed Products and for which payment was actually received by Eutectix (the ""Liquidmetal Royalty"").",37
1391,LegacyEducationAllianceInc_20200330_10-K_EX-10.18_12090678_EX-10.18_Development Agreement,Expiration Date,"The term ""Term"" shall mean an initial term of five years, automatically renewable thereafter for successive 5-year terms unless either party provides prior written notice of termination not less than 90 days prior to the end of such five-year term; provided, however, T&B shall have the right to terminate the license after the first year of the Term if LEA does not conduct the Business so as to meet the Cash Sales benchmarks set by the parties for years two through five of the Term, as set forth in Section 3.3, below.",92
11582,SPHERE3DCORP_06_24_2020-EX-10.12-CONSULTING AGREEMENT,Expiration Date,"This Agreement is for a term (the ""Term"") of 12 months from the Effective Date on June 1s t 2020 and expiring May 31st 2021.",25
787,PfHospitalityGroupInc_20150923_10-12G_EX-10.1_9266710_EX-10.1_Franchise Agreement1,Post-Termination Services,"If we do not elect or are unable to exercise our option to acquire, or to acquire the lease or sublease for the Premises, you must make such modifications or alterations to the premises operated hereunder (including, without limitation, the changing of the telephone number) immediately upon termination or expiration of this Agreement as may be necessary to distinguish the appearance of the Premises from that of other Restaurants under the System, and such specific additional changes as we may reasonably request for that purpose.",85
11517,"BERKELEYLIGHTS,INC_06_26_2020-EX-10.12-COLLABORATION AGREEMENT",License Grant,"9.2.2 after any applicable Headstart Period, with respect to any [REDACTED], a [REDACTED] license in, to and under any Ginkgo Licensed IP [REDACTED] necessary for the performance of, such [REDACTED], to make, have made, offer to sell, sell, have sold, import, use, commercialize or perform such [REDACTED] to or for Third Parties and to license such Third Parties to do the same.",62
11328,ElPolloLocoHoldingsInc_20200306_10-K_EX-10.16_12041700_EX-10.16_Development Agreement,Anti-Assignment,"Therefore, the rights, privileges and interests of Developer under this Agreement shall not be assigned, sold, transferred, leased, divided or encumbered, voluntarily or involuntarily, in whole or in part, by operation of law or otherwise without the prior written consent of El Pollo Loco, which consent may be given or withheld as El Pollo Loco's sole and absolute right.",59
11639,PROLONGINTERNATIONALCORP_03_23_1998-EX-10.16-SPONSORSHIP AGREEMENT,Exclusivity,"During the term of this Agreement, Sabco will not             ----------- represent or accept as a primary, secondary, or associate sponsor any other  company reasonably deemed to be competitive with Prolong products.",31
844,CORIOINC_07_20_2000-EX-10.5-LICENSE AND HOSTING AGREEMENT,License Grant,"Subject to the terms and conditions of this         Agreement, Commerce One grants to Corio a nonexclusive, nontransferable         (except in accordance with Section 14.1 of this Agreement),         royalty-free, fully paid up, perpetual right and license in the         Territory to reproduce, install and use additional copies of the         Software and Software tools and utilities, subject to any restrictions         placed on the Commerce One by third party software providers, in machine         executable object code for (i) Corio's internal business operations and         (ii) production, testing, development, upgrade, reporting and training.",86
2946,ReedsInc_20191113_10-Q_EX-10.4_11888303_EX-10.4_Development Agreement,Covenant Not To Sue,"Reed's shall not at any time acquire any rights, title or interest in Company's Intellectual Property. Reed's agrees that it will not at any time contest the ownership or validity of any Company Intellectual Property, nor register or attempt to register any rights with respect to Company Intellectual Property, nor do anything that would jeopardize or diminish Company's rights to or the value of Company Intellectual Property.",67
8684,HealthcentralCom_19991108_S-1A_EX-10.27_6623292_EX-10.27_Co-Branding Agreement,Non-Compete,"During the Term of this Agreement and for a period of six (6) months thereafter, MediaLinx shall not use or publicly disclose the data collected from users of the Co-Branded Site if such use is for the purpose of providing health information, advertisements, or products that compete with those that reside on the Co-Branded Site.",55
9314,IntegrityMediaInc_20010329_10-K405_EX-10.17_2373875_EX-10.17_Co-Branding Agreement,Anti-Assignment,"assignment by either party of its rights to an unrelated third party,          the other party shall be given written notice, then in such event the          other party may upon six-months (6-months) written notice terminate          this Agreement.",36
4756,PhasebioPharmaceuticalsInc_20200330_10-K_EX-10.21_12086810_EX-10.21_Development Agreement,Ip Ownership Assignment,"SFJ, for itself and on behalf of its Affiliates, hereby assigns, and shall cause such other Permitted Third Parties to assign (subject to Section 11.1.1.3(c)), to PB all its right, title and interest in and to Trial Inventions and all information and data necessary to support the filing of patent applications Covering such Trial Inventions.",55
5887,ZogenixInc_20190509_10-Q_EX-10.2_11663313_EX-10.2_Distributor Agreement,Exclusivity,"Distributor shall have the exclusive right to market, promote, sell, offer for sale, import, package and otherwise Commercialize the Product in the Field in the Territory, at its sole cost and expense, in accordance with Applicable Laws and the Commercialization Plan and subject to the terms and conditions of this Agreement.",51
9952,"DRIVENDELIVERIES,INC_05_22_2020-EX-10.4-CONSULTING AGREEMENT",Expiration Date,"The initial term of this Agreement shall be the sooner of six (6) months from the Effective Date, or replacement of this Agreement with a subsequent agreement between the Parties.",30
5078,"CERES,INC_01_25_2012-EX-10.20-Collaboration Agreement",Anti-Assignment,Each Party shall have the right to assign its rights and obligations under this Agreement to a  third party in conjunction with the transfer to such third party of substantially all of the assets of such Party associated with performance under  this Agreement without such prior consent.,47
5645,LinkPlusCorp_20050802_8-K_EX-10_3240252_EX-10_Affiliate Agreement,Cap On Liability,"No action,                   case, suit or proceeding, regardless of form, arising out of                   or related to this Agreement, may be brought by either party                   more than one (1) year after the cause of action has arisen,                   or in the case of nonpayment, more than two (2) years from the                   date of the last payment.",53
8013,"Loop Industries, Inc. - Marketing Agreement",Anti-Assignment,"This Assignment shall inure to the benefit of, and shall be binding upon, the Parties and their respective successors and assigns, but, except as provided in Section 3 above, neither Party may assign this Assignment without the prior written consent of the other Party.",44
763,PfHospitalityGroupInc_20150923_10-12G_EX-10.1_9266710_EX-10.1_Franchise Agreement1,Rofr/Rofo/Rofn,"If the Transfer is proposed to be made pursuant to a sale, we or our designee may purchase the interest proposed to be Transferred on the same economic terms and conditions offered by the third-party.",35
10354,WestPharmaceuticalServicesInc_20200116_8-K_EX-10.1_11947529_EX-10.1_Supply Agreement,Change Of Control,"Notwithstanding anything to the contrary in Attachments A, G or H, in connection with any Change in Circumstances (as defined below), and without limiting Seller's/ExxonMobil Selling Affiliate's other rights under this Agreement or applicable law, Seller/ExxonMobil Selling Affiliates shall have the right: (i) only if required to enable Seller/ExxonMobil Selling Affiliate to comply with applicable laws and regulations, to terminate this Agreement and accelerate all amounts due from Buyer hereunder, making them immediately payable (ii) to modify the payment terms hereunder; and/or (iii) to require that Buyer/Buyer Affiliates pay in advance for shipments hereunder.",94
10477,BizzingoInc_20120322_8-K_EX-10.17_7504499_EX-10.17_Endorsement Agreement,Insurance,"In this regarding, within thirty (30) days from the  execution of this Agreement, Bizzingo will secure an insurance policy with limits of $5,000,000 per event and $ 5,000,000 umbrella,  naming Theismann as an additional insured, covering the losses and claims stated in this sub-paragraph d.",45
4542,SUMMAFOURINC_06_19_1998-EX-10.3-SOFTWARE LICENSE AND MAINTENANCE AGREEMENT,Expiration Date,This Agreement shall become effective on the Effective Date and shall continue in effect until terminated in accordance with the provisions of this Article 9.,25
1298,"Zounds Hearing, Inc. - MANUFACTURING DESIGN MARKETING AGREEMENT",Post-Termination Services,"If the Manufacturer terminates this Agreement or cancels any purchase order for cause pursuant to Section 8.2 Manufacturer shall not be liable for any termination or cancellation charges but Subcontractor may, at Subcontractor's sole discretion, purchase all or part of any remaining inventory.",43
9985,STAMPSCOMINC_06_24_1999-EX-10.18-SPONSORSHIP AGREEMENT,Revenue/Profit Sharing,"Separate and apart from the fees in Subsection 10.1      above, at such time as Client has acquired [REDACTED AMOUNT] New Customers (the                                                  ---      ""Minimum Customer Number"") Client will pay Intuit [REDACTED AMOUNT] of the Net                                                         ---      Transaction Revenues it receives from each New Customer acquired by Client      above the Minimum Customer Number (""Transaction Fee"").",52
13770,KINGPHARMACEUTICALSINC_08_09_2006-EX-10.1-PROMOTION AGREEMENT,License Grant,"Depomed shall, and does hereby, grant to King a royalty-free license to use and reproduce such materials solely in conjunction with its Promotion of the Product pursuant to this Agreement, which license shall not be assignable or transferable by King, except in accordance with the terms of Section 2.2.",49
11694,StampscomInc_20001114_10-Q_EX-10.47_2631630_EX-10.47_Co-Branding Agreement,Renewal Term,"If MBE notifies the Company of its intent to so renew prior to the end of such initial term or such Renewal Period, the term of this Agreement shall automatically be extended for the Renewal Period and, other than the Fee Schedule, all of the terms and conditions of this Agreement shall remain in full force and effect.",58
1489,VERICELCORP_08_06_2019-EX-10.10-SUPPLY AGREEMENT,Irrevocable Or Perpetual License,"Following expiration of the Royalty Term (as defined in the License Agreement) for any Licensed Product in a given country, the license granted to Vericel under Section 9.1 of this Agreement with respect to such Licensed Product in such country shall automatically become fully paid-up, perpetual, irrevocable and royalty-free.",49
438,ReynoldsConsumerProductsInc_20191115_S-1_EX-10.18_11896469_EX-10.18_Supply Agreement,Insurance,"Workers' Compensation Liability Insurance. Occurrence based coverage providing benefits in the minimal amount required by Applicable Law for workplace and work related injuries and illnesses to the employees of a Party, including, without limitation, Workers Compensation Acts of applicable U.S. States, the U.S. Longshoremen's and Harbor Workers Compensation Act and the U.S. Jones Act. Requires alternate employer endorsement and waiver of subrogation endorsement.",63
3890,IGENEBIOTECHNOLOGYINC_05_13_2003-EX-1-JOINT VENTURE AGREEMENT,Competitive Restriction Exception,"Except as set forth in Articles 7.1, 7.2, 8.1 and 8.2, it is explicitly agreed that nothing contained in this Agreement shall prevent either Party or any of their respective Affiliates from engaging, directly or indirectly, in any enterprise, which develops, manufactures, markets, or sells products that are not within the Field of Agreement, and except as set forth in Articles 7.1, 7.2, 8.1 and 8.2, either Party shall be free to engage in any business, enterprise, or undertaking, or to make any investment it chooses.",86
10238,"INNOVIVA,INC_08_07_2014-EX-10.1-COLLABORATION AGREEMENT",Revenue/Profit Sharing,The 15% royalty payable on the first U.S. $3 Billion of total annual worldwide Net Sales under this Section 6.3 shall be reduced to 12% if all of the following occur: (i) all Theravance Compounds are discontinued by the collaboration for Technical Failure; (ii) Theravance only contributes one Theravance New Compound to the collaboration within 18 months following the Effective Date; and (iii) the Collaboration Product upon which the royalty is payable contains a LABA that is one of the GSK Initially Pooled Compounds.,84
13447,BLACKBOXSTOCKSINC_08_05_2014-EX-10.1-DISTRIBUTOR AGREEMENT,Change Of Control,By the Company if: there is an unacceptable change in the control or management of the Distributor;,17
42,LIMEENERGYCO_09_09_1999-EX-10-DISTRIBUTOR AGREEMENT,Warranty Duration,"The                            Company shall not have any obligation with respect to                            Products  after  365  days   following   delivery  to                            Distributor, except as provided herein.",22
11361,IdeanomicsInc_20160330_10-K_EX-10.26_9512211_EX-10.26_Content License Agreement,Anti-Assignment,"Except as otherwise specified in the previous sentence, Licensee may not sublicense any of its rights under Section 2(a) [License Grant] without Licensor's prior written consent, which shall not be unreasonably withheld or delayed.",34
12339,2ThemartComInc_19990826_10-12G_EX-10.10_6700288_EX-10.10_Co-Branding Agreement_ Agency Agreement,Renewal Term,"In the event that either party does not give such notice, the term of this Agreement shall be automatically renewed for another one (1) year.",25
3127,VERTEXENERGYINC_08_14_2014-EX-10.24-OPERATION AND MAINTENANCE AGREEMENT,Insurance,"Operator, with respect to Operator's activities provided for under this Agreement, shall maintain the following insurance coverage with responsible insurance carriers:

(a)    Workers' Compensation. Operator shall maintain statutory worker's  compensation insurance, covering all of its and its Affiliates' employees and statutory employees, in accordance with the benefits afforded by the statutory Worker's Compensation Acts applicable to the state, territory, or district of hire, supervision, or place of accident. In addition, Operator shall maintain employer's liability insurance with a limit of not less than one million dollars ($1,000,000) each accident, one million dollars ($1,000,000) disease each employee, and one million dollars ($1,000,000) disease policy limit. Where not prohibited by law, Operator shall waive its right of subrogation against Owner.",118
2810,AimmuneTherapeuticsInc_20200205_8-K_EX-10.3_11967170_EX-10.3_Development Agreement,License Grant,"Aimmune hereby grants to Xencor an exclusive license under and with respect to Aimmune Patents, and a non-exclusive license under and with respect to Aimmune Know-How, in each case, where such license is an irrevocable, perpetual, royalty-bearing license, with the right to sublicense, to Develop, Manufacture and Commercialize the Product(s), as the Product(s) exist as of the effective date of such termination, or optimized versions thereof that are Products.",69
812,PfHospitalityGroupInc_20150923_10-12G_EX-10.1_9266710_EX-10.1_Franchise Agreement1,Insurance,"At any time, we may adjust the amounts of coverage required under such insurance policies and require different or additional kinds of insurance, including excess liability insurance.",27
5881,ZogenixInc_20190509_10-Q_EX-10.2_11663313_EX-10.2_Distributor Agreement,Exclusivity,"Distributor hereby grants Zogenix an irrevocable, perpetual, royalty-free, fully paid-up, exclusive license with the right to grant sublicenses to use such Data solely generated and co-owned by Distributor outside of the Territory and a co-exclusive license in the Territory upon expiration or termination of the Agreement.",46
7754,DIVERSINETCORP_03_01_2012-EX-4-RESELLER AGREEMENT,Notice Period To Terminate Renewal,"Upon expiration of the Initial Term, this Agreement shall automatically renew for  consecutive one (1) year periods, unless terminated by Reseller within sixty (60) days prior to the expiration of the Initial Term or any renewal term,  as the case may be (the Initial Term and each renewal term, collectively, the ""Term"").",52
8303,IpassInc_20181203_8-K_EX-99.1_11445874_EX-99.1_Reseller Agreement,Governing Law,The laws of California shall govern the construction and enforceability of the Agreement.,13
3112,VERTEXENERGYINC_08_14_2014-EX-10.24-OPERATION AND MAINTENANCE AGREEMENT,Expiration Date,"This Agreement shall commence on the Effective Date and, shall continue for the duration of the Lease, unless terminated earlier pursuant to Section 3.2 or 3.3.",26
4762,PhasebioPharmaceuticalsInc_20200330_10-K_EX-10.21_12086810_EX-10.21_Development Agreement,Post-Termination Services,"within [REDACTED DURATION] after assignment of the Product Filings pursuant to Section 14.3.2, SFJ shall deliver to PB: (a) true, correct and complete copies of all Product Filings in such country (in each case, whether held in the name of SFJ or any of its Affiliates),",45
5337,"VAPOTHERM, INC. - Manufacturing and Supply Agreement",Renewal Term,"The term of this Agreement is three years from and including the date of this Agreement (the ""Initial Term""), with automatic renewal for additional successive one-year terms (each a ""Renewal Term"" and together wit the Initial Term, the ""Term"") unless no later than [* * *] days prior to the end of the Initial Term, or any Renewal Term either party notifies the other that it wishes to terminate this Agreement effective the end of the Initial Term or that Renewal Term, as applicable.",84
12999,ParatekPharmaceuticalsInc_20170505_10-KA_EX-10.29_10323872_EX-10.29_Outsourcing Agreement,Renewal Term,"Should the Parties have not agreed to the following agreement by [* * *], this Agreement shall automatically stay in force for a maximum of [* * *] (unless otherwise mutually agreed by the Parties or as otherwise set forth in Section 18.1(a)) or until the Parties have signed the follow-on agreement (the ""Renewal Term"").",55
2633,TodosMedicalLtd_20190328_20-F_EX-4.10_11587157_EX-4.10_Marketing Agreement_ Reseller Agreement,Competitive Restriction Exception,"The Reseller's exclusive right to market and sell the Products in the Territory is subject to the Reseller achieving the following milestones by the end of each year this Agreement is in effect (the ""Annual Milestones""): Year Annual Milestone(s) Year 1 Not Applicable Each Year Thereafter The parties will agree at the beginning of the year on the Annual Milestone for such year",63
9986,STAMPSCOMINC_06_24_1999-EX-10.18-SPONSORSHIP AGREEMENT,Minimum Commitment,"If Intuit fails to deliver such Impressions during the twelve (12) month      period following the Launch Date, Intuit agrees to run such promotions in      equivalent areas and placement, as mutually agreed upon by the parties,      until such Impressions have been delivered.",41
686,ChinaRealEstateInformationCorp_20090929_F-1_EX-10.32_4771615_EX-10.32_Content License Agreement,Change Of Control,Licensor may terminate this Agreement by providing prior written notice to Licensee upon the occurrence  of a Change of Control.,20
10888,CnsPharmaceuticalsInc_20200326_8-K_EX-10.1_12079626_EX-10.1_Development Agreement,Audit Rights,"WPD shall, and shall cause its respective affiliates, to permit CNS and its respective designated representatives, at reasonable times and upon reasonable prior notice to such parties, to review the books and records of WPD and any of its affiliates and to discuss the affairs, finances and condition of such party and any of its affiliates with the officers of such entities and any of their affiliates in relation to their compliance with this section, as applicable.",77
12824,"GOOSEHEADINSURANCE,INC_04_02_2018-EX-10.6-Franchise Agreement",License Grant,"You hereby grant to us (and agree to obtain from your affiliates, owners, employees, and/or contractors), a perpetual, non-exclusive, and worldwide right to use any such ideas, concepts, methods, techniques and products in any businesses that we and/or our affiliates, franchisees and designees operate. We will have the right to use those ideas, concepts, methods, techniques, and/or products without making payment to you. You agree not to use or allow any other person or entity to use any such concept, method, technique or product without obtaining our prior written approval.",90
4257,AMBASSADOREYEWEARGROUPINC_11_17_1997-EX-10.28-ENDORSEMENT AGREEMENT,Audit Rights,"KI, Inc. and its duly-authorized representatives shall have the right, upon reasonable notice and at reasonable hours of the day, to visit the offices of Diplomat one time each calendar quarter for the purpose of examining said books of account and records, and all other documents and materials in the possession or under the control of Diplomat, with respect to the",61
2023,GopageCorp_20140221_10-K_EX-10.1_8432966_EX-10.1_Content License Agreement,Change Of Control,"For purposes of the preceding sentence, and without limiting its generality, any merger, consolidation or reorganization involving Licensee (regardless of whether Licensee is a surviving or disappearing entity) will be deemed to be a transfer of rights, obligations or performance under this Agreement for which Licensor's prior written consent is required.",51
3612,AtnInternationalInc_20191108_10-Q_EX-10.1_11878541_EX-10.1_Maintenance Agreement,Insurance,"Explosion, Collapse, and Underground Damage Liability will have the same limit requirement as the Commercial General Liability policy.",18
5029,TomOnlineInc_20060501_20-F_EX-4.46_749700_EX-4.46_Co-Branding Agreement,Uncapped Liability,"TO THE MAXIMUM EXTENT PERMISSIBLE UNDER APPLICABLE LAW, EXCEPT FOR THE WILFUL MISAPPROPRIATION OR INFRINGEMENT OF THE INTELLECTUAL PROPERTY OF A PARTY TO THIS AGREEMENT, OR THE OBLIGATIONS OF THE PARTIES TO THIS AGREEMENT PURSUANT TO SECTION 13, (A) THE LIABILITY OF ANY PARTY TO THIS AGREEMENT, IF ANY, FOR DAMAGES FOR ANY CLAIM OF ANY KIND WHATSOEVER AND REGARDLESS OF THE LEGAL THEORY, WITH REGARD TO THE RIGHTS GRANTED HEREUNDER OR THE SERVICES PERFORMED HEREUNDER, SHALL NOT INCLUDE COMPENSATION, REIMBURSEMENT OR DAMAGES ON ACCOUNT OF THE LOSS OF PRESENT OR PROSPECTIVE PROFITS, EXPENDITURES, DATA, OPPORTUNITY, ANTICIPATED SAVINGS, INVESTMENTS OR COMMITMENTS, WHETHER MADE IN ESTABLISHMENT, DEVELOPMENT OR MAINTENANCE OF REPUTATION OR GOODWILL OR FOR ANY OTHER REASON WHATSOEVER; AND (B) IN NO EVENT SHALL ANY PARTY TO THIS AGREEMENT BE LIABLE TO THE OTHER PARTIES TO THIS AGREEMENT FOR SPECIAL, INDIRECT, CONSEQUENTIAL, INCIDENTAL, PUNITIVE OR CONSEQUENTIAL DAMAGES.",147
12557,WaterNowInc_20191120_10-Q_EX-10.12_11900227_EX-10.12_Distributor Agreement,Exclusivity,"Hydraspin certifies, stipulates, and agrees that the Hydraspin will deal exclusively with and through the Distributor in relation to the distribution of the Products in the Territory",27
6162,Apollo Endosurgery - Manufacturing and Supply Agreement,Warranty Duration,"APOLLO has the right to reject, via written notification to ESTABLISHMENT within this thirty (30) day period, any or all of a shipment of Product that fails to satisfy any warranty in this Agreement and may reject all of a given Lot of Product if a statistical sample does not meet the Specifications.",53
1486,VERICELCORP_08_06_2019-EX-10.10-SUPPLY AGREEMENT,License Grant,"MediWound hereby grants to Vericel an exclusive (even as to MediWound), sublicensable, royalty- free, fully paid-up, license in the Territory to use the Licensed Trademarks (as defined in the License Agreement) and a non- exclusive, sublicensable, royalty-free, fully paid-up, license to use the MediWound name and trademark, in",48
13281,EMERALDHEALTHTHERAPEUTICSINC_06_10_2020-EX-4.5-CONSULTING AGREEMENT - DR. GAETANO MORELLO N.D. INC.,Governing Law,"This Agreement will be governed by and construed inaccordance with the laws of British Columbia and the federal laws of Canada applicable in British Columbia, and the parties irrevocably submit to and accept generally and unconditionally the exclusive jurisdiction of the courts and appellate courts of British Columbia in that regard.",51
11489,"BERKELEYLIGHTS,INC_06_26_2020-EX-10.12-COLLABORATION AGREEMENT",No-Solicit Of Employees,"In the event that a Party solicits and then hires an employee of the other Party in violation of this Section 14.4 (Non-Solicit), the hiring Party shall, [REDACTED], within [REDACTED] ([REDACTED]) days of such hire, pay the other Party an amount equal to the [REDACTED] cash compensation actually paid to the individual",52
7849,KALLOINC_11_03_2011-EX-10.1-STRATEGIC ALLIANCE AGREEMENT,Non-Disparagement,"representation of fact, which has the effect or tendency to, or could have the effect or tendency to, disparage,  denigrate, criticize or otherwise reflect negatively on the other party and/or the other party's products, services,  officers, directors, shareholders, employees or investors (a ""Disparaging Communication"").",44
10971,TRICITYBANKSHARESCORP_05_15_1998-EX-10-OUTSOURCING AGREEMENT,Post-Termination Services,"At the written request of Customer, given at least 100 days prior to expiration of the Term of the Agreement, M&I shall continue to provide Customer all Services at the rates set forth in this Agreement, for a maximum period of six (6) months.",44
12643,DRKOOPCOMINC_04_21_1999-EX-10.28-SPONSORSHIP AGREEMENT,Expiration Date,"If the Launch Date has not occurred by August 31, 1999, Sponsor shall, in its sole discretion, be entitled to terminate this Agreement without any liability and receive a full refund of all amounts paid by Sponsor to drkoop.com pursuant to this Agreement prior to the date of such termination.",50
10463,BizzingoInc_20120322_8-K_EX-10.17_7504499_EX-10.17_Endorsement Agreement,Renewal Term,"Unless sooner terminated under the provisions hereof, this Agreement shall commence on the Effective Date and continue for a period  of one (1) year (""Term""). provided however, that the Parties may extend the Term for an additional year period by entering into an written  addendum of the Agreement extending such term.",51
9189,SoupmanInc_20150814_8-K_EX-10.1_9230148_EX-10.1_Franchise Agreement1,Expiration Date,"The initial term of this Agreement shall commence upon the Effective Date and shall expire ten (10) years from the Effective Date, unless sooner terminated under the terms of this Agreement.",31
12506,ArmstrongFlooringInc_20190107_8-K_EX-10.2_11471795_EX-10.2_Intellectual Property Agreement,Affiliate License-Licensor,"""Arizona Licensed Know-How"" means all Know-How owned by Licensing or Seller or their respective Affiliates, as of the Effective Date and used or held for use in the Company Field during the five (5) years prior to the Effective Date (other than the Arizona Assigned Know- How).",47
4017,CardlyticsInc_20180112_S-1_EX-10.16_11002987_EX-10.16_Maintenance Agreement1,License Grant,"Supplier hereby grants Bank of America a nonexclusive, worldwide, irrevocable, perpetual license to: (a) any patents related to or necessary or desirable to use the Software to the extent such patents are now held, licensed to or hereafter acquired by Supplier, for the purpose of allowing Bank of America and its Affiliates and permitted assigns to install, copy, use, execute, modify, distribute (as necessary or useful for Bank of America and its Affiliates and permitted assigns to enjoy their rights as set forth in the Agreement), make, have made, enhance, improve and alter the Software (both in Object Code and Source Code form) as necessary to conduct Bank of America business in accordance with the terms and restrictions or this Section; (b) any Copyrights now held, licensed to or hereafter acquired by Supplier in the Software for the purpose of allowing Bank of America and its Affiliates an permitted assigns to install, copy, use, execute, modify, distribute (as necessary or useful for Bank of America and its Affiliates and permitted assigns to enjoy their fights as set forth In the Agreement, produce derivative works from and",186
11256,ALLIANCEBANCORPINCOFPENNSYLVANIA_10_18_2006-EX-1.2-AGENCY AGREEMENT,Insurance,"The Company, the MHCs, the Bank and each Subsidiary carries, or is covered by, insurance in such amounts and covering such risks as is adequate for the conduct of their respective businesses and the value for their respective properties as is customary for companies engaged in similar industries.",48
6303,FulucaiProductionsLtd_20131223_10-Q_EX-10.9_8368347_EX-10.9_Content License Agreement,Governing Law,"All questions with respect to the construction of this Agreement, and the rights and liabilities of the Parties hereto, shall be governed by the laws of the State of Florida.",30
9664,"OMINTO,INC_03_29_2004-EX-10-RESELLER AGREEMENT",Cap On Liability,"IN NO EVENT SHALL EITHER PARTY BE LIABLE TO EACH OTHER OR ANY OTHER ENTITY FOR ANY SPECIAL, CONSEQUENTIAL, INCIDENTAL OR INDIRECT DAMAGES, HOWEVER CAUSED, ON ANY THEORY OF LIABILITY, AND NOTWITHSTANDING ANY FAILURE OF ESSENTIAL PURPOSE OF ANY LIMITED REMEDY.",41
2540,ArconicRolledProductsCorp_20191217_10-12B_EX-2.7_11923804_EX-2.7_Trademark License Agreement,License Grant,"Licensor on behalf of itself and its Affliates hereby grants to Licensee the limited licenses to use and have used the Licensed Mark: (i) for the Licensed Products as set forth on Schedule 2; and (ii) as set forth on Schedule 1, concerning agreements entered into by Licensee prior to the Effective Date (""Existing Agreements"").",55
4405,UsioInc_20040428_SB-2_EX-10.11_1723988_EX-10.11_Affiliate Agreement 2,Post-Termination Services,"In  the  event  that this contract between Network 1 and Affiliate is terminated for any reason, the Contractors located by Affiliate  shall  remain  Contractors  of  Network  1.",27
11267,XpresspaGroupInc_20190401_10-K_EX-10.28_11599457_EX-10.28_Marketing Agreement,Notice Period To Terminate Renewal,"Following the Initial Term, this Agreement shall automatically renew for successive terms of six (6) months (each a ""Renewal Term"", and together with the Initial Term, the ""Term"") unless written notice is given by either Party no later than thirty (30) days in advance of the expiration of the Initial Term or the applicable Renewal Term.",56
9383,NEONSYSTEMSINC_03_01_1999-EX-10.5-DISTRIBUTOR AGREEMENT_New,Audit Rights,"During the term of this Agreement and the five (5) year period immediately following termination of this Agreement, Licensee will have the right, at its own expense, to audit and examine Licensor's records concerning compliance by Licensor with its obligations as to confidentiality under this Agreement.",46
9074,"KNOWLABS,INC_08_15_2005-EX-10-INTELLECTUAL PROPERTY AGREEMENT",Covenant Not To Sue,"Turpin  covenants that Turpin shall not at any      time directly or indirectly contest or assist any third party in contesting      the Company's right,  title, and interest in and to the Work Product or any      Intellectual  Property  Rights  therein.",38
12074,"VIRTUALSCOPICS,INC_11_12_2010-EX-10.1-STRATEGIC ALLIANCE AGREEMENT",Notice Period To Terminate Renewal,"Upon expiration of the Initial Term, unless written notice to the contrary is provided by one party to the other party at least 30 days prior to the expiration of the then-current term, this Agreement shall be renewed for additional, successive periods of one (1) year each (each a ""Renewal"" and together with the Initial Term, collectively, the ""Term"").",59
12036,NlsPharmaceuticsLtd_20200228_F-1_EX-10.14_12029046_EX-10.14_Development Agreement,Post-Termination Services,"In case of termination of the Agreement, NLS and Eurofarma shall immediately work on a transition out plan, with activities and timelines agreed by the Parties to ensure a proper handover of the Licensed Product so that its market position and the obligations to prescribers, patients and regulatory authorities are fulfilled in accordance with Eurofarma best practices.",57
3052,RUBIOSRESTAURANTSINC_03_31_2008-EX-10.75-SPONSORSHIP AGREEMENT,Competitive Restriction Exception,"Any marketing  exclusivity set forth in the Agreement Summary shall not preclude or prevent (a) signage, advertising and promotional arrangements made by the Office of the Commissioner of Baseball with respect to nationally-televised games, All-Star Games, World Baseball Classic games, playoff games and World Series games, (b) licensing arrangements made by Major League Baseball Properties, Inc. with respect to such category, (c) advertising with respect to such category in game programs, yearbooks, scorecards and similar publications which are sold on the day of an event other than Padres home games, (d) the display before, during and after an event of displays, temporary in nature, erected by an event sponsor, promoter, broadcaster or participant, even though such display may constitute advertising with respect to such category, (e) promotional messages displayed on a scoreboard or video board which give the name of the sponsor of Ballpark day-of-event promotions at events other than Padres home games or promote sale of event-day programs (including identifying program sponsors), even though such messages may identify companies in such category and (f) promotional messages displayed on a scoreboard or video board that recognize groups in attendance and make similar incidental references, even though such messages may identify companies in such category.",204
11461,SEASPINEHOLDINGSCORP_10_10_2018-EX-10.1-SUPPLY AGREEMENT,Post-Termination Services,"After early termination of this Agreement (other than a termination based on a breach of Sections 5 or 8 by Integra) and continuing for a period of eighteen (18) months thereafter, Integra and its Affiliates may Sell any Treated Integra Product and Partially Treated Integra Product in its inventory in the Field, and may, with respect to all components which, prior to the effective date of termination, were ordered or manufactured with the anticipation of being included as Treated Integra Product or Partially Treated Integra Product, complete their manufacture and sell them as though they had been inventory on the effective date of termination, subject to payment of all amounts payable to PcoMed for such Sales under this Agreement",119
12142,BLUEFLYINC_03_27_2002-EX-10.27-e-business Hosting Agreement,Cap On Liability,Neither party will bring a legal action related to this Agreement more than two years after the cause of action accrued.,21
11021,GarrettMotionInc_20181001_8-K_EX-2.4_11364532_EX-2.4_Intellectual Property Agreement,Anti-Assignment,"Except as expressly set forth in this Agreement, neither this Agreement nor any of the rights, interests or obligations under this Agreement, including the licenses granted pursuant to this Agreement, shall be assigned, in whole or in part, by operation of Law or otherwise by either Party without the prior written consent of the other Party.",56
8136,WOMENSGOLFUNLIMITEDINC_03_29_2000-EX-10.13-ENDORSEMENT AGREEMENT,Exclusivity,"The Professional hereby grants to the Company an exclusive license to use her name, likeness, image and personal identification in the Company's catalog of products.",25
4898,WESTERN COPPER - NON-COMPETITION AGREEMENT,Rofr/Rofo/Rofn,"If Glamis and Western Copper  are unable to negotiate an acceptable agreement with respect to the Designated Mineral Property  within the 30 day period, Glamis may thereafter dispose of the Designated Mineral Property as it  sees til in its absolute discretion.",41
838,CORIOINC_07_20_2000-EX-10.5-LICENSE AND HOSTING AGREEMENT,Ip Ownership Assignment,"Subject to Commerce One's pre-existing ownership of any         materials or technology provided to Corio, the results of all such         development efforts set forth in this Section 13, including all         intellectual property rights in any software interface coding or         programs created solely by Corio during the term of this Agreement to         enable the Software to operated within the Corio Servers' hosted         environment (""DEVELOPMENTS""), shall be owned by Corio, unless such         Developments are supported on an ongoing basis by Commerce One in which         case Commerce One will retain all ownership rights, including





     intellectual property rights in the Developments.",96
12305,ZtoExpressCaymanInc_20160930_F-1_EX-10.10_9752871_EX-10.10_Transportation Agreement,Liquidated Damages,"Unless otherwise approved by Party A, in the event of parcel transfer due to Party B's vehicle delay, Party B shall pay liquidated damages to Party A at the standard rate of RMB500 per trip on the first working day, RMB1,000 per trip on the second working day and RMB2,000 per trip on the third working day (based on the time records on the parcel transfer documents) and such liquidated damages will be deducted from the current month's freight.",79
6051,"XACCT Technologies, Inc.SUPPORT AND MAINTENANCE AGREEMENT",Expiration Date,The initial term of this Agreement is one (1) year from the date of          delivery of the Product to Licensee unless earlier terminated in          accordance with this Agreement.,28
860,CORIOINC_07_20_2000-EX-10.5-LICENSE AND HOSTING AGREEMENT,Source Code Escrow,The         Escrow Agent shall require Commerce One to place in an,11
11494,"BERKELEYLIGHTS,INC_06_26_2020-EX-10.12-COLLABORATION AGREEMENT",Anti-Assignment,"Neither Party may assign or otherwise transfer this Agreement or any rights hereunder, without the prior written consent of the other Party; provided that either Party may assign or otherwise transfer this Agreement or any rights hereunder (a) to a wholly-owned subsidiary of such Party or (b) in connection with the transfer or sale of all or substantially all of the business or assets of such Party related to the subject matter of this Agreement, whether by merger, consolidation, divestiture, restructure, sale of stock sale of assets or otherwise its successor, whether in a merger, sale of stock or sale of assets or any other transaction, in each case (a)-(b), without first obtaining the prior written consent of the other Party, so long as the non-assigning Party is notified in writing of such assignment within [REDACTED] ([REDACTED]) days following such assignment; provided further that, in no event may BLI assign this Agreement, in whole or in part, to any Person [REDACTED] without first obtaining Ginkgo's prior written consent.",168
5042,MphaseTechnologiesInc_20030911_10-K_EX-10.15_1560667_EX-10.15_Co-Branding Agreement,Termination For Convenience,Either party wishing to terminate          the Agreement must give written notice to the other party at least          thirty (30) days prior to the desired date of termination.,27
9864,"PAXMEDICA,INC_07_02_2020-EX-10.12-Master Service Agreement",Termination For Convenience,Client may terminate this Agreement on thirty (30) days written notice without cause.,13
12562,WaterNowInc_20191120_10-Q_EX-10.12_11900227_EX-10.12_Distributor Agreement,Competitive Restriction Exception,"Distributor shall be entitled to advertise, promote, market or",9
5405,HYPERIONSOFTWARECORP_09_28_1994-EX-10.47-EXCLUSIVE DISTRIBUTOR AGREEMENT,Governing Law,"This Agreement shall be governed by and construed in accordance with the laws of the State of Connecticut, U.S.A. without regard to its conflict of taws provision.",27
10498,KitovPharmaLtd_20190326_20-F_EX-4.15_11584449_EX-4.15_Manufacturing Agreement,Minimum Commitment,"Kitov shall provide Dexcel with written purchase orders meeting the Minimum Order Requirements and in a form reasonably acceptable to Dexcel, and which shall specify at least the following: a description of the Product ordered, the quantity ordered, the current Supply Price, and the required delivery date thereof, such required delivery date to be not less than one hundred and twenty (120) days from the purchase order placement date (one hundred and eighty (180) days before the anticipated Supply Commencement Date and/or the launch of a new SKU).",88
5404,HYPERIONSOFTWARECORP_09_28_1994-EX-10.47-EXCLUSIVE DISTRIBUTOR AGREEMENT,Notice Period To Terminate Renewal,"any Renewal Term, by serving written notice of such termination on the other party at least ninety (90) days prior to the end of the Initial Term or any Renewal Term as the case may be.",36
2507,N2KINC_10_16_1997-EX-10.16-SPONSORSHIP AGREEMENT,Uncapped Liability,"EXCEPT UNDER SECTION 13(c) and (d), IN NO EVENT WILL EITHER                   PARTY BE LIABLE TO THE OTHER FOR ANY SPECIAL, INCIDENTAL OR                   CONSEQUENTIAL DAMAGES, WHETHER BASED ON BREACH OF CONTRACT,                   TORT (INCLUDING NEGLIGENCE) OR OTHERWISE, WHETHER OR NOT THAT                   PARTY HAS BEEN ADVISED OF THE POSSIBILITY OF SUCH DAMAGE.",49
4740,PhasebioPharmaceuticalsInc_20200330_10-K_EX-10.21_12086810_EX-10.21_Development Agreement,Anti-Assignment,"Notwithstanding any of the foregoing, without the consent of PB, which consent may be withheld in PB's sole discretion, SFJ shall not sell, assign, sublicense or otherwise transfer this Agreement to an entity whose primary business is the development or commercialization of pharmaceutical or biotechnology products prior to the date of Program Transfer.",53
2504,N2KINC_10_16_1997-EX-10.16-SPONSORSHIP AGREEMENT,Affiliate License-Licensee,"Subject to the terms and conditions of this                   Agreement, Sponsor hereby grants to Excite a royalty-free,                   non-exclusive, worldwide license to use, reproduce,                   distribute, transmit and publicly display the Content in                   accordance with this Agreement and to sub-license the Content                   to Excite's wholly-owned subsidiaries or to joint ventures in                   which Excite participates for the sole purpose of using,                   reproducing, distributing, transmitting and publicly                   displaying the Content in accordance with this Agreement",70
11314,ElPolloLocoHoldingsInc_20200306_10-K_EX-10.16_12041700_EX-10.16_Development Agreement,Governing Law,"This Agreement, after review by Developer and El Pollo Loco, was accepted in the state in which Franchisor's then-current headquarters (currently the State of California) is located and shall be governed by and construed in accordance with the laws of such state, except that the provisions in Section 20.1 covering competition following the expiration, termination or assignment of this Agreement shall be governed by the laws of the state in which the breach occurs.",74
7952,RandWorldwideInc_20010402_8-KA_EX-10.2_2102464_EX-10.2_Co-Branding Agreement,Revenue/Profit Sharing,"As financial consideration under this Agreement, Net Revenue will be shared by the parties as follows:

                 (a)   For so long as PlanetCAD hosts the Co-Branded Service,                         during which time PlanetCAD shall be the Billing Party,                         all Net Revenue derived from sales of the Co-Branded                         Service to Dassault Systemes Customers shall be                         apportioned [REDACTED AMOUNT] percent ([REDACTED AMOUNT]%) to Dassault Systems                         and [REDACTED AMOUNT] percent ([REDACTED AMOUNT]%) to PlanetCAD.",64
7250,LifewayFoodsInc_20160316_10-K_EX-10.24_9489766_EX-10.24_Endorsement Agreement,Unlimited/All-You-Can-Eat-License,"Individual grants Lifeway together with its affiliates, subsidiaries, parent companies and their representatives and employees have an unlimited, perpetual, non-exclusive, worldwide and, except as set forth in Section 9, royalty-free, right to use, reuse, publish, reproduce, perform, copy, create derivative works, exhibit, broadcast, and display throughout the world the name, image and likeness of Individual in Marketing Materials (as defined below) in connection with marketing, advertising or otherwise promoting the Lifeway products and/or services and for historical reference and display purposes and other internal purposes, including without limitation, internal sales meetings.",91
8623,BIOFRONTERAAG_04_29_2019-EX-4.17-SUPPLY AGREEMENT,Insurance,"In addition, if and for so long as Supplier utilizes any subcontractor(s) or agents to provide services hereunder, Supplier will use its commercially reasonable efforts to cause each such subcontractor to hold, at least, the minimum insurance coverages listed above.",40
4652,MorganStanleyDirectLendingFund_20191119_10-12GA_EX-10.5_11898508_EX-10.5_Trademark License Agreement,Change Of Control,"For the avoidance of doubt, a merger, change of control, reorganization or sale of all or substantially all of the stock of Licensee shall be deemed an ""assignment"" requiring the above consent, regardless of whether Licensee is the surviving entity or whether such transaction constitutes an assignment under applicable law.",50
6687,ExactSciencesCorp_20180822_8-K_EX-10.1_11331629_EX-10.1_Promotion Agreement,Exclusivity,"Commencing on the Launch Date, Exact and its Affiliates hereby grant to Pfizer and its Affiliates, on an exclusive basis for the Co-Promote Field (except as to Exact and its Affiliates), and Pfizer accepts, the right and obligation to Promote and Detail the Product in the Territory during the Term jointly with Exact, in accordance with the terms and conditions of this Agreement, all Applicable Laws and the applicable Annual Marketing Plan.",72
4846,EdietsComInc_20001030_10QSB_EX-10.4_2606646_EX-10.4_Co-Branding Agreement,Renewal Term,"This agreement shall automatically renew for additional successive terms of twelve (12) months each at the end of the Initial Term (""Renewal Terms""), unless either party notifies the other in writing at least sixty (60) days prior to the end of the Initial Term.",44
7261,"LEGACYTECHNOLOGYHOLDINGS,INC_12_09_2005-EX-10.2-DISTRIBUTOR AGREEMENT",Renewal Term,The  term of this  Agreement  shall  be two (2)  years  from the          Effective  Date with  automatic  annual  renewals  thereafter  provided          either  party does not provide  sixty (60) days  notice of  termination          prior to the renewal date or the Agreement is not otherwise  terminated          as set forth in Section 8.,49
10595,PHLVARIABLEINSURANCECOCT_08_17_2009-EX-10.1-STRATEGIC ALLIANCE AGREEMENT,Termination For Convenience,"This Agreement may be terminated by either the PHL Parties, on the one hand, or ICC, on the other,  with respect to Certificates that have not been issued as of the effective date of termination in the following manner:",39
7915,MOSSIMOINC_04_14_2000-EX-10.14-ENDORSEMENT AGREEMENT,Liquidated Damages,"In the event Duval does not meet                   the Minimum Annual Performance Requirements for a Contract                   Year, $375,000 of the Additional License Fee will be deemed to                   be unearned.",28
9473,"FIDELITYNATIONALINFORMATIONSERVICES,INC_08_05_2009-EX-10.3-INTELLECTUAL PROPERTY AGREEMENT",License Grant,"Without limiting the foregoing, Certegy hereby grants, and will cause





the other members of the Certegy Group to grant, to Equifax a fully paid, non- exclusive, perpetual, worldwide, transferable license to use, modify, improve, create Derivative Works from, and sublicense, the Utility Software Programs (in both object and source code format) identified on Exhibit L as being owned by Certegy or a member of the Certegy Group for any and all fields of use and to any and all Person",80
5515,ReynoldsConsumerProductsInc_20200121_S-1A_EX-10.22_11948918_EX-10.22_Service Agreement,Governing Law,"This Agreement shall be governed in all respects, including as to validity, interpretation and effect, by the Laws of the State of Illinois, without giving effect to its principles or rules of conflict of laws, to the extent such principles or rules are not mandatorily applicable by statute and would permit or require the application of the Laws of another jurisdiction.",61
9488,"FIDELITYNATIONALINFORMATIONSERVICES,INC_08_05_2009-EX-10.3-INTELLECTUAL PROPERTY AGREEMENT",Affiliate License-Licensor,"Equifax hereby grants, and will cause the other members of the Equifax Group to grant, to Certegy a fully paid, non-exclusive, perpetual, worldwide, non-transferable license to use, modify, copy, improve, create Derivative Works and Certegy Enhancements from, and sublicense the Licensed Equifax Materials (excluding the Utility Software Programs) solely for use in the Certegy Business and as that business may evolve and change in the future, subject to the following:

          (i)   Certegy shall not sublicense, or otherwise disclose or                 distribute, or permit any Person to use, the Licensed Equifax                 Materials (excluding the Utility Software Programs), except in                 accordance with Section 4.1(b);

          (ii)  Certegy shall hold the Licensed Equifax Materials (excluding the                 Utility Software Programs) in strict confidence; will not remove                 or destroy any proprietary markings of the Equifax Group on or                 contained in the Licensed Equifax Materials (excluding the                 Utility",140
2071,FreezeTagInc_20180411_8-K_EX-10.1_11139603_EX-10.1_Sponsorship Agreement,Governing Law,"This Agreement is subject to and shall be construed in accordance with the laws of the Commonwealth of Virginia with jurisdiction and venue in federal and Virginia courts in Alexandria and Arlington, Virginia.",33
4637,GSVINC_05_15_1998-EX-10-SPONSORSHIP AGREEMENT,Minimum Commitment,"In the event that Excite has not delivered XXXXXXXXXXXXXXXX             clickthroughs to the Client Site by the end of twelve (12) months             after the Launch Date, the first year of the term of the Agreement             will be extended without additional sponsorship and advertising fees             for up to an additional four (4) months.",51
3378,DigitalCinemaDestinationsCorp_20111220_S-1_EX-10.10_7346719_EX-10.10_Affiliate Agreement,Cap On Liability,"EXCEPT IN CONNECTION WITH A BREACH OF ARTICLE XIII OF THIS AGREEMENT AND WITH THE EXCEPTION OF  THE INDEMNIFICATION OBLIGATIONS OF THE PARTIES UNDER ARTICLE X, IN NO EVENT SHALL EITHER PARTY BE LIABLE TO THE  OTHER PARTY OR ANY OTHER PERSON OR ENTITY FOR ANY INDIRECT, INCIDENTAL, CONSEQUENTIAL, SPECIAL, PUNITIVE,  EXEMPLARY, OR EXTRA-CONTRACTUAL DAMAGES OF ANY KIND WHATSOEVER ARISING FROM OR CONNECTED WITH THIS  AGREEMENT, INCLUDING, BUT NOT LIMITED TO, LOST PROFITS, LOST REVENUES, OR LOSS OF BUSINESS, REGARDLESS OF LEGAL  THEORY, WHETHER OR NOT FORESEEABLE, EVEN IF EITHER PARTY HERETO HAS BEEN ADVISED OF THE POSSIBILITY OR  PROBABILITY OF SUCH DAMAGES AND EVEN IF THE REMEDIES OTHERWISE PROVIDED BY THIS AGREEMENT FAIL OF THEIR  ESSENTIAL PURPOSE.",118
1015,BNCMORTGAGEINC_05_17_1999-EX-10.4-LICENSING AND WEB SITE HOSTING AGREEMENT,Anti-Assignment,"Neither party shall assign or transfer any of its rights under this Agreement without the prior written approval of the other party, except no such approval shall be required for an assignment to a financially responsible affiliate.",37
9194,SoupmanInc_20150814_8-K_EX-10.1_9230148_EX-10.1_Franchise Agreement1,Exclusivity,"We grant to you, upon the terms and conditions contained in this Agreement, the exclusive right to establish and operate a Franchised Business and a license to use the methods, procedures and products developed by us in the business of selling and servicing Unit Franchises in the territory described on Attachment A attached to this Agreement and incorporated into this Agreement by reference (the ""Master Territory"").",66
8886,BIOPURECORP_06_30_1999-EX-10.13-AGENCY AGREEMENT,Minimum Commitment,"(h) make all field sales personnel of the Agent available for at       least four (4) hours, and telesales personnel available for at least one       (1) hour, of initial Products sales and marketing training by the Company,       and for such supplemental training by the Company as the Company may deem       appropriate from time to time, in each case, at such times and locations       as may be mutually agreed upon by the Company and the Agent.",74
819,PfHospitalityGroupInc_20150923_10-12G_EX-10.1_9266710_EX-10.1_Franchise Agreement1,Insurance,You agree that you will do all of the following things:,11
10750,NATIONALPROCESSINGINC_07_18_1996-EX-10.4-SPONSORSHIP AGREEMENT,Renewal Term,This Agreement shall automatically renew for successive one-year terms unless one party gives the other party written notice of non-renewal at least six months prior to automatic renewal.,28
11553,"BERKELEYLIGHTS,INC_06_26_2020-EX-10.12-COLLABORATION AGREEMENT",Insurance,Each Party will obtain and carry in full force and effect the minimum insurance requirements set forth below.,18
7495,AIRTECHINTERNATIONALGROUPINC_05_08_2000-EX-10.4-FRANCHISE AGREEMENT,Audit Rights,"If an inspection discloses an underpayment to AIRSOPURE of 2% or more of the total amount that should have been paid to AIRSOPURE, You shall, in addition to repayment of such understated amount with interest, reimburse AIRSOPURE for any and all costs and expenses incurred in connection with the inspection or audit (including, without limitation,





reasonable accounting and attorneys' fees).",60
9137,"ARMSTRONGFLOORING,INC_01_07_2019-EX-10.2-INTELLECTUAL PROPERTY AGREEMENT",Irrevocable Or Perpetual License,"Subject to the terms and conditions of this Agreement, the Company hereby grants to Seller a perpetual, non- exclusive, royalty-free license in, to and under the Company Licensed Know-How for use in the Arizona Field throughout the world.",38
8867,"IPAYMENT,INC_05_14_2007-EX-10.1-SPONSORSHIP AGREEMENT",Covenant Not To Sue,ISO agrees to never contest the ownership of these marks and Visa and/or MasterCard may at any time immediately and without advance notice prohibit ISO from using their respective marks.,30
13812,PerformanceSportsBrandsInc_20110909_S-1_EX-10.10_7220214_EX-10.10_Endorsement Agreement,Minimum Commitment,"In consideration for the rights, services and benefits granted by North hereunder,  Company agrees to pay North a non-refundable Guaranteed Service Fee and Marketing Retainer (hereinafter referred to as ""Guaranteed  Fee"") of fifty-five thousand dollars ($55,000USD) in Contract Year 2011 and seventy thousand dollars ($70,000USD) in Contract Year  2012.",49
3979,ScansourceInc_20190822_10-K_EX-10.38_11793958_EX-10.38_Distributor Agreement1,Cap On Liability,"NOTWITHSTANDING ANYTHING ELSE IN THIS AGREEMENT TO THE CONTRARY, AND EXCEPT FOR LIABILITY ARISING OUT OF DISTRIBUTOR'S BREACH OF SECTION 9 (PROPRIETARY RIGHTS AND SOFTWARE LICENSING) OR EXHIBIT C (SOFTWARE LICENSE AGREEMENT), OR AMOUNTS DUE FOR PRODUCTS AND SERVICES PURCHASED WITH RESPECT TO THE PAYMENT OF WHICH NO BONA FIDE DISPUTE EXISTS, ALL LIABILITY OF EACH PARTY, INCLUDING EACH PARTY'S AFFILIATES, OFFICERS, DIRECTORS, EMPLOYEES, AGENTS AND SUPPLIERS COLLECTIVELY, FOR CLAIMS ARISING UNDER THIS AGREEMENT OR OTHERWISE HOWSOEVER ARISING SHALL BE LIMITED SEPARATELY FOR PRODUCTS AND SERVICES PURCHASES TO THE GREATER OF I) [REDACTED AMOUNT] OR (ll)THE MONEY PAID TO CISCO FOR PRODUCTS OR FOR SERVICES, SEPARATELY AND AS APPLICABLE, UNDER THIS AGREEMENT DURING THE [REDACTED AMOUNT] PERIOD PRECEDING THE EVENT OR CIRCUMSTANCES FIRST GIVING RISE TO SUCH LIABILITY.",126
5983,LeadersonlineInc_20000427_S-1A_EX-10.8_4991089_EX-10.8_Co-Branding Agreement,Covenant Not To Sue,"In addition, LeadersOnline shall not now or in the future contest the validity of VerticalNet's ownership of its Intellectual Property; provided, however, that LeadersOnline may contest the validity of VerticalNet's Intellectual Property in any proceeding brought against LeadersOnline alleging infringement or misappropriation of VerticalNet's Intellectual Property.",46
8355,EhaveInc_20190515_20-F_EX-4.44_11678816_EX-4.44_License Agreement_ Reseller Agreement,Minimum Commitment,"or (ii) at any time after November 1, 2010 CHT fails to achieve annual revenues of $500,000.",17
2222,INTERNATIONALFASTFOODCORP_04_04_1997-EX-99-FRANCHISE AGREEMENT,Audit Rights,The Franchisee  agrees to keep complete  records of the business and shall furnish BKC with monthly and fiscal  year-to-date  profit and loss statements for the Franchised  Restaurant in the format  prescribed by BKC.,33
437,ReynoldsConsumerProductsInc_20191115_S-1_EX-10.18_11896469_EX-10.18_Supply Agreement,Insurance,"All insurers of a Party on such policies must have at all times an A.M. Best financial rating of at least ""A-Minus VII"".",23
3122,VERTEXENERGYINC_08_14_2014-EX-10.24-OPERATION AND MAINTENANCE AGREEMENT,Audit Rights,"Upon reasonable prior written notice to Operator, Owner shall have the right during normal business hours to audit or examine all books and records of Operator to the extent they relate to Operator's performance hereunder as well as the relevant books of account of Operator's contractors, relating to the performance of Operator's obligations under this Agreement.",56
10502,KitovPharmaLtd_20190326_20-F_EX-4.15_11584449_EX-4.15_Manufacturing Agreement,License Grant,"Kitov hereby grants to Dexcel a fully paid, limited license right to use all of its Confidential Information and Intellectual Property Rights (including, inter alia, the Kitov Foreground IP, Kitov Data, Kitov's share of the Joint IP, and the Trademark (""Kitov Product IP"")) necessary in order for Dexcel to manufacture, Label, package with the Livery, test and release the Product for shipment, exclusively for Kitov, for and during the Term.",70
10032,BEYONDCOMCORP_08_03_2000-EX-10.2-CO-HOSTING AGREEMENT,Liquidated Damages,"Termination or expiration of this Agreement if by reason of material           breach by Co-Host shall not affect any of Co-Host's payment           obligations, all of which survive termination of this Agreement;           provided that, in (i) the event of termination of this Agreement by           Co-Host due to a material default by NAI, NAI shall pay to the Co-Host           the Liquidated Damages Amount (as defined in Part 2 of Exhibit ""A",68
10674,ADAPTIMMUNETHERAPEUTICSPLC_04_06_2017-EX-10.11-STRATEGIC ALLIANCE AGREEMENT,Post-Termination Services,The Parties agree that any termination of a Study Order shall allow for: (i) the wind down of the Study to ensure the safety of Study subjects; and (ii) Adaptimmune's final reconciliation of Data related to the Study in addition to Adaptimmune's final monitoring visit.,45
2686,INKTOMICORP_06_08_1998-EX-10.14-SOFTWARE HOSTING AGREEMENT,Uncapped Liability,EXCEPT FOR [REDACTED] CAUSED BY A [REDACTED] OF,8
13049,JOINTCORP_09_19_2014-EX-10.15-FRANCHISE AGREEMENT,Renewal Term,"Subject to the provisions of subparagraph 2.6(b) below, and if you have substantially complied with all provisions of this Agreement and all other agreements between us, on expiration of the Initial Term, if you refurbish and decorate the Premises, replace fixtures, furnishings, wall decor, furniture, equipment, and signs and otherwise modify the Franchise in compliance with specifications and standards then applicable under new or renewal franchises for The Joint Corp. Location franchises, you will have the right to renew the Franchise for one (1) additional term of ten (10) years (the ""Renewal Term"").",93
1018,BNCMORTGAGEINC_05_17_1999-EX-10.4-LICENSING AND WEB SITE HOSTING AGREEMENT,License Grant,"Client hereby grants to TrueLink the nonexclusive worldwide right and license to use, distribute, disseminate, license, resell, exploit, upload, display, copy and store Credit Data subject to the limitations set forth in and in accordance with the Non-Competition Agreement.",39
7652,XENCORINC_10_25_2013-EX-10.24-COLLABORATION AGREEMENT (3),Insurance,BII shall have the right to reasonably self insure.,9
10933,PROFOUNDMEDICALCORP_08_29_2019-EX-4.5-SUPPLY AGREEMENT,Post-Termination Services,The cost of any off-site storage of such records after the Term of this Agreement shall be borne by Customer and invoiced on a calendar quarter basis.,27
4301,MRSFIELDSORIGINALCOOKIESINC_01_29_1998-EX-10-FRANCHISE AGREEMENT,Rofr/Rofo/Rofn,"In the event the closing of the purchase does not occur within said ninety (90) day period because Franchisee fails to act diligently in connection therewith,  the purchase price shall be reduced by ten percent (10%).",36
6667,"GIGGLESN_HUGS,INC_06_23_2016-EX-10.2-STRATEGIC ALLIANCE AGREEMENT",No-Solicit Of Customers,"(ii) solicit, participate in or promote the solicitation of any of the Company's clients, customers, or prospective customers with whom Consultant had a Material Contact (hereinafter defined) and/or regarding whom Consultant received Confidential Information, for the purpose of providing products or services (""Competitive Products/Services"").",44
4763,PhasebioPharmaceuticalsInc_20200330_10-K_EX-10.21_12086810_EX-10.21_Development Agreement,Post-Termination Services,"In the event that PB terminates this Agreement pursuant to this Section 14.2.5, then, if PB elects to continue development of the Product and obtains Regulatory Approval following such termination, in exchange for purchasing the Trial Data Package including the Research Results included therein as set forth in Section 11.1.1.4, PB shall remain obligated to pay to SFJ any Approval Payments that become due and payable pursuant to ARTICLE 6 at such time as such Approval Payments become due and payable (if ever) pursuant to ARTICLE 6 (except to the extent of the amount of any Buy-Out Payment paid by PB pursuant",102
7843,KALLOINC_11_03_2011-EX-10.1-STRATEGIC ALLIANCE AGREEMENT,Non-Compete,Agent may not offer or promote competitive products without the consent of Kallo.,13
5202,"TRANSPHORM,INC_02_14_2020-EX-10.12(1)-JOINT VENTURE AGREEMENT",Rofr/Rofo/Rofn,"As longs as AFSL and FSL are not in material and continuing breach of this Agreement or the Ancillary Agreements, FSL or AFSL may trigger the option to sell the Put Shares to TPH-A or its designee (the ""Put Option"") by providing a written notice of the exercise of the Put Option (the ""Put Exercise Notice"") simultaneously to the Company, TPH and TPH-A, which notice states (i) such Party's bona fide intention to exercise the Put Option, and (ii) the date on which such Party intends that the Put Closing Date occur.",92
1514,WPPPLC_04_30_2020-EX-4.28-SERVICE AGREEMENT,Competitive Restriction Exception,"During the Appointment, the Executive may not accept any employment with or appointment to any office, whether paid or unpaid, in relation to anybody, whether corporate or not (other than a Group Company), or directly or indirectly be interested in any manner in any other business except:",47
4438,ENTERTAINMENTGAMINGASIAINC_02_15_2005-EX-10.5-DISTRIBUTOR AGREEMENT,No-Solicit Of Employees,"Distributor agrees that, without the prior written consent of the Vendor, for a period beginning from the date of this Agreement and ending three (3) years after the termination of this Agreement, neither Distributor nor any of its affiliates or representatives will: (1) employ or solicit to employ any of the employees of Vendor; or (2) encourage of the employees of the Vendor or its subsidiaries to leave the employment of Vendor; provided, however, this Section shall not apply to any such employee who has been terminated by or left the employment of Vendor prior to the Effective Date or, if employed by Vendor as of the Effective Date, any employee who has not been employed by Vendor for at least one (1) year after the end of such employment.",130
1080,ENERGOUSCORP_03_16_2017-EX-10.24-STRATEGIC ALLIANCE AGREEMENT,Audit Rights,Such audit may also not interfere with DIALOG's or its Affliates' quarterly closing of its books.,16
11285,XpresspaGroupInc_20190401_10-K_EX-10.28_11599457_EX-10.28_Marketing Agreement,License Grant,"Subject to the terms and conditions of this Agreement, XSPA hereby grants to Calm, solely during the Term and in the Territory, a revocable (as set forth in ​Section ​​12.04), royalty-free, assignable (solely as set forth in Section ​16.05), non-sublicensable (except as set forth in Section ​9.03), non-exclusive license to use the marks set forth on Exhibit E (""XSPA's Marks"", and together with Calm's Marks, the ""Marks""), solely to the extent necessary for Calm to exercise its rights or perform its obligations set forth in this Agreement.",87
9552,GentechHoldingsInc_20190808_1-A_EX1A-6 MAT CTRCT_11776814_EX1A-6 MAT CTRCT_Distributor Agreement,Renewal Term,Distributor shall have the option to renew this Agreement for an additional Three (3) year period by providing prior written notice to Company within Ninety (90) days of the end of the initial period of this Agreement.,37
12911,NakedBrandGroupInc_20150731_POS AM (on S-1)_EX-10.75_9196027_EX-10.75_Endorsement Agreement,Renewal Term,"The initial term of this Agreement shall be for a period of four (4) years, commencing on the Effective Date, which term may be extended for up to three (3) years by written agreement of both Parties prior to the expiration date of the initial term or any extension thereof (collectively, the ""Term"").",53
6586,SFGFINANCIALCORP_05_12_2009-EX-10.1-SOFTWARE LICENSE AND MAINTENANCE AGREEMENT,Revenue/Profit Sharing,The computation of the rebates received by Licensee shall be expressed as a fixed percentage (15%) of  Billable Platform Fees paid by Licensee to Licensor.,25
13103,JOINTCORP_09_19_2014-EX-10.15-FRANCHISE AGREEMENT,Audit Rights,"We have the right to inspect the proposed supplier's facilities, and require that product samples from the proposed supplier be delivered, at our option, either directly to us, or to any independent, certified laboratory that we may designate, for testing.",40
6016,AgapeAtpCorp_20191202_10-KA_EX-10.1_11911128_EX-10.1_Supply Agreement,Anti-Assignment,On either party assigning or attempting to assign this agreement without the prior written consent of the other party.,19
5166,"BABCOCK_WILCOXENTERPRISES,INC_08_04_2015-EX-10.17-INTELLECTUAL PROPERTY AGREEMENT between THE BABCOCK _ WILCOX COMPANY and BABCOCK _ WILCOX ENTERPRISES, INC.",Affiliate License-Licensor,"licensed by SpinCo or any other member of the SpinCo Group if and to the extent the licensing of same to RemainCo would constitute a breach of an agreement with any Third Party executed prior to the Effective Date or result in any expense to SpinCo or any member of the SpinCo Group for payments to such Third Party or (ii) any intellectual property not owned by one or more members of the SpinCo Group, or as to which no member of the SpinCo Group has the right to grant sublicenses, as of the Effective Date.",96
3510,AIRSPANNETWORKSINC_04_11_2000-EX-10.5-Distributor Agreement,Most Favored Nation,"Airspan warrants that during the term of this Agreement, the prices at      which Airspan sells to Distributor products supplied under this Agreement      shall be no less favorable to the Distributor than those prices at which      Airspan sells, at substantially the same time in the United States, similar      products and pursuant to similar terms and conditions as those by which      Airspan sells Products to the Distributor under this Agreement.",68
12086,"VIRTUALSCOPICS,INC_11_12_2010-EX-10.1-STRATEGIC ALLIANCE AGREEMENT",Anti-Assignment,Neither party shall have the right to assign this Agreement or any Work Order or to assign any rights thereunder without the prior written consent of the other party.,29
9050,FIBROGENINC_10_01_2014-EX-10.11-COLLABORATION AGREEMENT,Audit Rights,"Astellas shall have the right, upon reasonable advance notice and during regular business hours, to inspect and audit, either by itself or through its Affiliates or consultants, the facilities (including any facilities of sub-contractors) being used by FG for production of the Lead Compound to assure compliance with applicable laws, rules and regulations, including, without limitation, Japanese regulatory standards and FG quality control procedures (""Relevant Standards""). FG shall also reasonably comply with inspection",73
4567,SUMMAFOURINC_06_19_1998-EX-10.3-SOFTWARE LICENSE AND MAINTENANCE AGREEMENT,Warranty Duration,"Upon successful completion of the acceptance testing, LICENSEE shall make the final ""Development License Fee"" payment described in Exhibit C LICENSEE shall, within thirty (30) days after delivery of any Licensed Technology, either accept such Licensed Technology or reject such Licensed Technology because of nonconformance with the Specifications.",48
8974,STARTECGLOBALCOMMUNICATIONSCORP_11_16_1998-EX-10.30-CONSTRUCTION AND MAINTENANCE AGREEMENT,Revenue/Profit Sharing,The revenue from          such  occasional use shall be shared by the Parties in accordance  with          Schedule B,17
13689,XinhuaSportsEntertainmentLtd_20070221_F-1_EX-99.4_645553_EX-99.4_Content License Agreement,License Grant,"CEIS hereby grants XFN and its      Affiliates an exclusive license (free of all third-party liens, claims and      encumbrances) to, and to permit others to, during the Term in the      Territory:",30
2218,INTERNATIONALFASTFOODCORP_04_04_1997-EX-99-FRANCHISE AGREEMENT,Audit Rights,The  Franchisee  shall  participate  in any  self-audit scheme which may from time to time form part of the Burger King System.,21
13757,KINGPHARMACEUTICALSINC_08_09_2006-EX-10.1-PROMOTION AGREEMENT,Revenue/Profit Sharing,"Following the termination of this Agreement at the conclusion of the initial five year term or any additional term, for each of the eight full calendar quarters following such termination, Depomed shall pay to King an amount equal to, in each of the first four such calendar quarters, [REDACTED AMOUNT]% of the Net Sales for each such quarter and, in each of the fifth through eighth such calendar quarters, [REDACTED AMOUNT]% of such Net Sales for each such quarter.",77
5144,"BABCOCK_WILCOXENTERPRISES,INC_08_04_2015-EX-10.17-INTELLECTUAL PROPERTY AGREEMENT between THE BABCOCK _ WILCOX COMPANY and BABCOCK _ WILCOX ENTERPRISES, INC.",Exclusivity,"Accordingly, (i) with respect to RemainCo's right and interest in and to the Shared Library Materials, RemainCo, for itself and as representative of all other members of the RemainCo Group, hereby grants to SpinCo (x) a perpetual (subject to Section 4.4), irrevocable, exclusive, royalty-free, worldwide right and license with the right to grant sublicenses (solely as set forth in Section 5.6) to use the Shared Library Materials, including all Know-How and Copyrights embodied therein, for any purpose in the SpinCo Core Field and (y) a perpetual (subject to Section 4.4), irrevocable, non-exclusive, royalty-free, worldwide right and license with the right to grant sublicenses (solely as set forth in Section 5.6) to use the Shared Library Materials, including all Know-How and Copyrights embodied therein, for any purpose in any field other than the RemainCo Core Field or the SpinCo Core Field and (ii) with respect to SpinCo's right and interest in and to the Shared Library Materials, SpinCo, for itself and as representative of all other members of the SpinCo Group, hereby grants to RemainCo (x) a perpetual (subject to Section 4.4), irrevocable, exclusive, royalty-free, worldwide right and license with the right to grant sublicenses (solely as set forth in Section 5.6) to use the Shared Library Materials, including all Know-How and Copyrights embodied therein, for any purpose in the RemainCo Core Field and (y) a perpetual (subject to Section 4.4), irrevocable, non- exclusive, royalty-free, worldwide right and license with the right to grant sublicenses (solely as set forth in Section 5.6) to use the Shared Library Materials, including all Know-How and Copyrights embodied therein, for any purpose in any field other than the SpinCo Core Field or the RemainCo Core Field.",281
3525,AIRSPANNETWORKSINC_04_11_2000-EX-10.5-Distributor Agreement,Audit Rights,"For at least two (2) years after termination of this Agreement,      Distributor will maintain its records, contracts, and accounts relating to      distribution of Airspan Products, and will permit examination thereof by      authorized representatives of Airspan at all reasonable times.",39
13091,JOINTCORP_09_19_2014-EX-10.15-FRANCHISE AGREEMENT,Minimum Commitment,"During sixty (60) day period that begins thirty (30) days prior to the opening of your Franchise, and ending thirty (30) days after the opening of your Franchise (the ""Grand Opening Period""), you will be required to expend at least Ten Thousand and No/100 Dollars ($10,000.00) in verifiable marketing costs to publicize the grand opening of your Franchise.",58
5365,PLAYAHOTELS_RESORTSNV_03_14_2017-EX-10.22-STRATEGIC ALLIANCE AGREEMENT (Hyatt Ziva Cancun),Rofr/Rofo/Rofn,"If the Receiving Party declines its right of first offer with respect to any Development Opportunity, or fails to notify the Offering Party of its decision within the ten (10) business-day period described above, or if Hyatt's affiliate or Playa's affiliate (as applicable) fails to acquire the Development Property within the sixty (60)-day period described above, then the right of first offer with respect to that Development Opportunity shall expire, and the Offering Party thereafter may acquire, develop and/or operate (and/or grant any other person or entity the right to acquire, develop and/or operate) an all-inclusive resort or other business on the Development Property without any restriction under this Agreement, subject to any restrictions under any Existing Franchise Agreement or other agreement between Hyatt (or its affiliate) and Playa (or its affiliate).",132
6989,MERCATAINC_03_09_2000-EX-10.21-SPONSORSHIP AGREEMENT,Anti-Assignment,"Neither this Agreement nor any of the rights or     -------------------     obligations of either FNW or Sponsor hereunder may be assigned, transferred     or conveyed by operation of law or otherwise by either party, nor shall such     agreements or rights inure to the benefit of any trustee in bankruptcy,     receiver, creditor, or trustee of either party's business or its properties     whether by operation of law or otherwise, except with the prior written





    consent of the other party, which consent shall not be unreasonably     withheld, and the delivery of a written document in which the assignee     assumes all of the obligations of the assigning party and the assigning     party acknowledges that it will continue to be bound to such obligations if     not performed by the assignee.",123
7425,SigaTechnologiesInc_20190603_8-K_EX-10.1_11695818_EX-10.1_Promotion Agreement,Revenue/Profit Sharing,"In consideration for the services provided by MMT hereunder, commencing with the First Commercial Sale of the Product in the Territory, MMT shall be entitled to retain a fee (the ""Promotion Fee"") of: (i) [REDACTED AMOUNT] of the Yearly Collected Revenue of the Product in the Territory in each Calendar Year during the Term if the aggregate Net Product Sales Amounts for such Calendar Year are equal to or below [REDACTED AMOUNT]; and (ii) [REDACTED AMOUNT] of the Yearly Collected Revenue of the Product in the Territory in each Calendar Year during the Term if the aggregate Net Product Sales Amounts for such Calendar Year exceed [REDACTED AMOUNT].",104
9418,TELKOMSALTD_01_30_2003-EX-10-LICENCE AND MAINTENANCE AGREEMENT,Revenue/Profit Sharing,"5. 2. 2. 3.     value add services that SAP AFRICA and it's licensors may provide to   TELKOM and/or BUSINESS THIRD PARTIES USING, or in respect   of, the SOFTWARE and/or the Marketplace;   5. 2. 2. 4.      value added services that TELKOM may provide to BUSINESS   THIRD PARTIES USING or in respect of the SOFTWARE and/or the   Marketplace; and   5. 2. 2. 5.      any other fee or charge that TELKOM and SAP AFRICA may in the   future agree, should be included in the total gross revenue.   Where REVENUE SHARE is levied from a Net Market Maker connected to the   TELKOM Marketplace, then, the cumulative REVENUE SHARE shall not exceed   the REVENUE SHARE PERCENTAGE.",111
1325,SouthernStarEnergyInc_20051202_SB-2A_EX-9_801890_EX-9_Affiliate Agreement,Expiration Date,This Agreement is entered into for an unlimited period of time.,11
5413,HYPERIONSOFTWARECORP_09_28_1994-EX-10.47-EXCLUSIVE DISTRIBUTOR AGREEMENT,Minimum Commitment,"Developer may cancel this Agreement if the total gross annual software revenue does not meet DeVeloper's revenue forecast for the Distributor, such cancellation to be eftected by written notice delivered to Distributor not later than 30 days after any Developer's Fiscal Year end (June 30).",45
6691,ExactSciencesCorp_20180822_8-K_EX-10.1_11331629_EX-10.1_Promotion Agreement,Rofr/Rofo/Rofn,"Promptly upon receipt of notice from Pfizer, Exact and Pfizer shall engage in exclusive good faith negotiations to enter into a definitive written agreement for the OB/Gyn Commercial Rights.",29
8857,"IPAYMENT,INC_05_14_2007-EX-10.1-SPONSORSHIP AGREEMENT",Anti-Assignment,(f)   Upon an assignment of this Agreement by SERVICERS without ISO's prior written consent;,14
5073,"CERES,INC_01_25_2012-EX-10.20-Collaboration Agreement",Rofr/Rofo/Rofn,CERES shall have the first option to pursue such protection in its best judgment in the joint names of both Parties.,21
13028,ParatekPharmaceuticalsInc_20170505_10-KA_EX-10.29_10323872_EX-10.29_Outsourcing Agreement,Cap On Liability,"NOTWITHSTANDING ANYTHING TO THE CONTRARY IN THIS SECTION 13.4(b), WITH RESPECT TO [* * *] IN NO EVENT SHALL SUPPLIER'S LIABILITY, HOWEVER CAUSED AND ON ANY THEORY OF LIABILITY, BE GREATER THAN, PER CLAIM OR SERIES OF CLAIMS ARISING FROM THE SAME CAUSE OF ACTION, [* * *].",48
8640,"CORALGOLDRESOURCES,LTD_05_28_2020-EX-4.1-CONSULTING AGREEMENT",Anti-Assignment,Neither this Agreement nor any of the rights of any of the parties under this Agreement shall be assigned without thewritten consent of all the parties.,26
3373,DigitalCinemaDestinationsCorp_20111220_S-1_EX-10.10_7346719_EX-10.10_Affiliate Agreement,Audit Rights,Any period that has been audited pursuant to this Section shall not be  subject to any further audit.,18
7888,GridironBionutrientsInc_20171206_8-K_EX-10.1_10972555_EX-10.1_Endorsement Agreement,License Grant,"Company acknowledges that this Agreement does not grant Company any rights with respect to any other NFLA Marks (defined below), the name, likeness, signature, or other attributes of any NFLA member or other individual, or any audio or video of any NFLA event.",43
12508,ArmstrongFlooringInc_20190107_8-K_EX-10.2_11471795_EX-10.2_Intellectual Property Agreement,Affiliate License-Licensor,"""Company Licensed Copyrights"" means all Copyrights and registrations and applications for any of the foregoing owned by any Company Entity as of the Effective Date and used or held for use in the Arizona Field as of the Effective Date.",40
12732,LegacyEducationAllianceInc_20141110_8-K_EX-10.9_8828866_EX-10.9_Endorsement Agreement,Renewal Term,The period of license granted shall be for the Term and shall extend for a period of twenty four (24) months or until terminated as per clause 8 herein.,29
13350,PlayboyEnterprisesInc_20090220_10-QA_EX-10.2_4091580_EX-10.2_Content License Agreement_ Marketing Agreement_ Sales-Purchase Agreement1,Insurance,EFS agrees that these policies shall not be canceled or materially changed without at least thirty (30) days'  prior written notice to Client.,23
11542,"BERKELEYLIGHTS,INC_06_26_2020-EX-10.12-COLLABORATION AGREEMENT",Audit Rights,"Such examinations may not (a) be conducted more than once in any [REDACTED] month period (unless a previous audit during such [REDACTED] month period revealed an overpayment (or an underpayment of a Milestone Payment, FOU License Fees, or royalty for Licensed Products) of at least [REDACTED] percent ([REDACTED]%) of the amount actually due with respect to such period) or (b) [REDACTED].",61
1479,VERICELCORP_08_06_2019-EX-10.10-SUPPLY AGREEMENT,Minimum Commitment,"If MediWound fails to respond to a Purchase Order that is consistent with the Binding Forecast within [REDACTED AMOUNT] after receiving it, Vericel will, within [REDACTED AMOUNT] thereafter, confirm with MediWound that such Purchase Order was received by MediWound, and if such Purchase Order is consistent with the Binding Forecast and was properly submitted by Vericel in accordance with this Section 2.8(b), MediWound shall be deemed to have accepted such Purchase Order (""Binding Order"") as of the date of MediWound's receipt of such Purchase Order.",83
2678,INKTOMICORP_06_08_1998-EX-10.14-SOFTWARE HOSTING AGREEMENT,Joint Ip Ownership,"All Usage Data shall be owned jointly by Microsoft and





Inktomi, and Inktomi hereby irrevocably assigns to Microsoft an [REDACTED] interest therein.",22
7414,SigaTechnologiesInc_20190603_8-K_EX-10.1_11695818_EX-10.1_Promotion Agreement,Governing Law,"This Agreement and all disputes arising out of or related to this Agreement or any breach hereof are governed by and construed under the Laws of the State of New York, without giving effect to any choice of law principles that would require the application of the Laws of a different state.",52
8188,SONUSCORP_03_12_1997-EX-10.11-SPONSORSHIP AGREEMENT,Anti-Assignment,"This  Agreement  is binding  upon and enures to the  benefit of the  parties and their  respective  successors and assigns,  and no party shall have the right to assign its rights  hereunder or any interest  herein  without the prior  written consent of the other parties.",44
4073,CardlyticsInc_20180112_S-1_EX-10.16_11002987_EX-10.16_Maintenance Agreement1,Insurance,"Supplier and its Subcontractors shalt pay any and all costs which are incurred by Bank of America as a result of any such deductibles or self-insured retentions to the extent that Bank of America is named as an ""Additional Insured,"" and to the same extent as if the policies contained no deductibles or self-insured retention.",55
11083,EmbarkComInc_19991008_S-1A_EX-10.10_6487661_EX-10.10_Co-Branding Agreement,Exclusivity,"For the avoidance of doubt, the parties acknowledge that the foregoing restriction applies only to persistent sponsorship placement as judged by Sponsor at its discretion, and not to run-of-site banner advertisements or other rotating promotional placements.",36
2501,N2KINC_10_16_1997-EX-10.16-SPONSORSHIP AGREEMENT,Joint Ip Ownership,Data relating to the use of the Co-Branded Pages will                   be jointly owned and shared by both parties.,18
6701,ExactSciencesCorp_20180822_8-K_EX-10.1_11331629_EX-10.1_Promotion Agreement,Revenue/Profit Sharing,Royalty payments shall be determined by multiplying the Laboratory Services Revenue and the applicable royalty rate from the chart below. Cumulative Incremental Laboratory Services Revenue during the Term Applicable Royalty Rate If < $200 million 0% If > $200 million and < $400 million 1% If > $400 million and < $600 million 2% If > $600 million 3%,59
6020,AgapeAtpCorp_20191202_10-KA_EX-10.1_11911128_EX-10.1_Supply Agreement,Ip Ownership Assignment,"The Manufacturer has appointed the Customer the copyright holder of both the English and the Chinese version of the book How to achieve Super Health beyond 2000 - Advanced Edition, authored by Frank D.P. Ellis and Dr. Michael Tait M.D.",40
5350,"VAPOTHERM, INC. - Manufacturing and Supply Agreement",Insurance,Vapotherm shall have the right to maintain such insurance coverage on Vapotherm's behalf and at Vapotherm' s expense in the event of nonpayment of premiums or lapse of coverage.,29
3992,ScansourceInc_20190822_10-K_EX-10.38_11793958_EX-10.38_Distributor Agreement1,Insurance,Each party shall maintain Commercial General Liability insurance with bodily injury and property damage limits of $[REDACTED AMOUNT] per occurrence and $[REDACTED AMOUNT] aggregate.,22
11207,Monsanto Company - SECOND A_R EXCLUSIVE AGENCY AND MARKETING AGREEMENT ,Non-Transferable License,"Upon the termination of this Agreement, the license granted in Section 6.11(c) above shall convert to a perpetual, non-exclusive, royalty-free, non-transferable and non-assignable license (without the right to sublicense, except as specifically set forth in Section 6.11(h) below) to use the Additional Roundup Products Formulation Data to make, sell and offer for sale, in the Included Markets for each such Additional Roundup Product, products comparable to such Additional Roundup Products, and to the limited extent necessary, to register such products with federal, state or territorial government authorities (as may be required by law) in the United States and its territories.",100
11756,InvendaCorp_20000828_S-1A_EX-10.2_2588206_EX-10.2_Co-Branding Agreement,Change Of Control,"In the event that the Agreement is terminated pursuant to Section             16.a.v due to e-centives' acquisition by an Excite@Home Named             Competitor, or by an entity controlling or controlled by an             Excite@Home Named Competitor, e-centives shall transfer all of its             right, title and interest in and to the Payment-Eligible User Data             to Excite.",52
11526,"BERKELEYLIGHTS,INC_06_26_2020-EX-10.12-COLLABORATION AGREEMENT",Affiliate License-Licensor,"Subject to the terms and conditions of this Agreement, and in consideration for the payments to BLI under this Agreement, during the Term, BLI, on behalf of itself and its Affiliates, hereby grants and shall grant to Ginkgo a non-exclusive, sublicensable (solely in accordance with Section 9.1.4 (Consent to Sublicense)), non-transferable, non-royalty-bearing (subject to Section 13.3.2 (Effects of Termination Based Upon Ginkgo Buy-Down Election)) worldwide license in, to and under (i) BLI Background IP, and (ii) other Intellectual Property that is Controlled by BLI and that is [REDACTED] BLI Inventions, with both of (i) and (ii) being limited to what is necessary for Ginkgo to [REDACTED] and (iii) the Collaboration Intellectual Property solely to:

(a) perform research [REDACTED] on biological entities, including organisms, cells and strains (and sub-components thereof);

(b) (i) design and develop (A) Collaboration Workflows as generally contemplated under a Workflow Development Plan and (B) Ginkgo Workflows as permitted under this Agreement and (ii) use [REDACTED] Workflows to conduct the activities set forth in clause (a) and clause (c) of this Section 9.1.1 (Scope of Grants);

(c) perform commercial research [REDACTED] and other Commercial Services for Third Parties; and

(d) in each case of clauses (a) through (c) of this Section 9.1.1 (Scope of Grants), the license granted is for activities solely within the Licensed Field.",218
995,LOYALTYPOINTINC_11_16_2004-EX-10.2-RESELLER AGREEMENT,Volume Restriction,"Effective January 1, 2005, after which                   Encompass(R) Select shall no longer be available to Schoolpop,                   the maximum inactive Card value shall not exceed $3,000,000 in                   any combination of products at any given time.",33
95,CENTRACKINTERNATIONALINC_10_29_1999-EX-10.3-WEB SITE HOSTING AGREEMENT,Termination For Convenience,Either party may terminate this Agreement without cause at any time effective upon thirty (30) days' written notice.,18
4359,PalmerSquareCapitalBdcInc_20200116_10-12GA_EX-10.6_11949289_EX-10.6_Trademark License Agreement,Third Party Beneficiary,"The parties agree that Investment Advisor shall be a third party beneficiary of this Agreement, and shall have the rights and protections provided to Licensee under this Agreement.",28
1231,AlliedEsportsEntertainmentInc_20190815_8-K_EX-10.19_11788293_EX-10.19_Content License Agreement,Non-Compete,WPT or its affiliates shall not authorize a Zynga Competitor to commercially exploit the Licensed Property in connection with social poker gaming via a license similar to the license granted herein for the Term.,34
7344,CCAINDUSTRIESINC_04_14_2014-EX-10.1-OUTSOURCING AGREEMENT,Liquidated Damages,"Either party hereto may terminate this Agreement after the Initial Period upon at least six (6) months' prior written notice to the other party thereof. The Company may terminate this Agreement in accordance with the immediately preceding sentence but with less than six (6) months' prior written notice to Contractor; provided, that in such event, the Company shall pay Contractor an amount equal to the Termination Fee.",67
10416,FLOTEKINDUSTRIESINCCN_05_09_2019-EX-10.1-SUPPLY AGREEMENT,Insurance,"FCC agrees to provide $5,000,000 of commercial liability insurance in support of this indemnity which names Flotek as additional insured, with waiver of subrogation",24
10024,BEYONDCOMCORP_08_03_2000-EX-10.2-CO-HOSTING AGREEMENT,Non-Transferable License,"Co-Host hereby grants to NAI a non-exclusive,           non-transferable, royalty-free license during the term of this           Agreement to use the trademarks, service marks and trade names of           Co-Host in connection with the advertising and promotion of the Goods           from the Originating Locations, provided that NAI complies with the           terms of Section 9(b) of the Web Site Services Agreement (as defined           below).",60
13652,CcRealEstateIncomeFundadv_20181205_POS 8C_EX-99.(H)(3)_11447739_EX-99.(H)(3)_Marketing Agreement,Anti-Assignment,"No party to this Agreement has the right to assign any of its rights or obligations hereunder, except as already set forth under this Agreement.",25
12061,TEARDROPGOLFCO_10_23_1996-EX-10.12-ENDORSEMENT AGREEMENT,License Grant,"Subject to the terms and conditions set forth herein, Consolidated Artists grants to TPC the exclusive right and license, within the Contract Territory and during the Contract Period, to use the Ogle Endorsement in connection with the manufacture, distribution, advertisement, promotion and sale of the Endorsed Product.",47
1367,ConformisInc_20191101_10-Q_EX-10.6_11861402_EX-10.6_Development Agreement,Cap On Liability,"EXCEPT FOR [REDACTED AMOUNT], IN NO EVENT WILL EITHER PARTY BE LIABLE TO THE   OTHER PARTY FOR [REDACTED AMOUNT], EVEN IF SUCH PARTY WAS ADVISED OR AWARE OF THE POSSIBILITY OF SUCH   DAMAGES.",31
9619,OFGBANCORP_03_28_2007-EX-10.23-OUTSOURCING AGREEMENT,Minimum Commitment,"""Monthly Base Fee"" shall mean the minimum monthly fees payable by Customer to Metavante as specifically set forth in the Services and Charges Schedule.",24
8511,VITAMINSHOPPECOMINC_09_13_1999-EX-10.26-SPONSORSHIP AGREEMENT,Anti-Assignment,Any attempt to                           assign this Agreement other than as permitted above                           will be null and void.,16
5967,LeadersonlineInc_20000427_S-1A_EX-10.8_4991089_EX-10.8_Co-Branding Agreement,License Grant,"VerticalNet hereby grants LeadersOnline a non-exclusive, nontransferable, royalty-free right and license for the Term of this Agreement to utilize a VerticalNet Mark in a form approved by VerticalNet for the design and display of  the VerticalNet Branded Link.",38
8562,SmartRxSystemsInc_20180914_1-A_EX1A-6 MAT CTRCT_11351705_EX1A-6 MAT CTRCT_Distributor Agreement,Notice Period To Terminate Renewal,"This contract shall remain in effect initially for the five (5) year term (""Initial Term"") from the date signed and shall be automatically extended for one (1) year periods after the Initial Term (""Renewal Term"") unless (i) either party provides written notice of its intention not to renew the Agreement within 180 days prior to any Renewal Term; or (ii) this Agreement is otherwise terminated pursuant to the terms of this Section 12.",73
7285,DeltathreeInc_19991102_S-1A_EX-10.19_6227850_EX-10.19_Co-Branding Agreement_ Service Agreement,Change Of Control,"The term of this Agreement shall be effective as of the date first stated above and shall continue for a term of three (3) years, unless terminated earlier in accordance with the provisions of this Agreement (the ""Term""); provided, however, that PrimeCall may elect to terminate this Agreement, upon thirty (30) days' written notice, at any time from and after the time that collectively RSL Communications, Ltd. and/or its Affiliates holds less than fifty percent (50%) of the voting control of DeltaThree's outstanding shares.",84
5900,ZogenixInc_20190509_10-Q_EX-10.2_11663313_EX-10.2_Distributor Agreement,Joint Ip Ownership,"Zogenix and Distributor shall each own an undivided right, title, and interest in and to any and all Inventions discovered, developed, identified, made, conceived or reduced to practice jointly by or on behalf of Zogenix under or in connection with this Agreement and by Distributor or its Affiliates or Sub-distributors or its other subcontractors in the Territory and under or in connection with this Agreement (""Joint Invention"").",67
10355,WestPharmaceuticalServicesInc_20200116_8-K_EX-10.1_11947529_EX-10.1_Supply Agreement,Change Of Control,"To the extent permitted by law, in the event that a party becomes aware that it will or may undergo a Change of Control (""Affected Party"") within the following three (3) Months, the Affected Party will notify the other party without delay after it becomes so aware.",47
1355,ConformisInc_20191101_10-Q_EX-10.6_11861402_EX-10.6_Development Agreement,Anti-Assignment,"Except as otherwise provided herein, a Party shall not have the right to   assign any of its rights or obligations under this Agreement (whether through a merger, sale of stock, or otherwise) without the   prior written consent of the other Party; except that, either Party shall be permitted, without any need for the other Party's   consent, to assign this Agreement (a) in whole or in part to an Affiliate (provided, however, that once such Person is no longer an   Affiliate of the assigning Party, such former Affiliate shall assign this Agreement back to the assigning Party), provided that the   assigning Party provides the other Party notice of any such assignment provided further that failure to provide such notice of such   assignment shall not render such assignment void; or (b) to a Third Party in connection with sale or transfer of all or substantially all   of the assigning Party's business or assets relating to the subject matter of this Agreement, whether by Change of Control, merger,   sale of assets or otherwise; provided, however, that, with respect to clause (b), (i) any assignment of this Agreement shall be void   and have no effect unless and until the assignee assumes the",198
5731,NeoformaInc_19991202_S-1A_EX-10.26_5224521_EX-10.26_Co-Branding Agreement,Exclusivity,"Neoforma hereby grants VerticalNet an exclusive license, even as to Neoforma, to use, modify, enhance, reproduce, display, perform and transmit the Neoforma Laboratory Product Listings, subject to and in accordance with the terms, conditions and provisions of this Agreement, to the extent Neoforma has the right to do so.",49
2224,INTERNATIONALFASTFOODCORP_04_04_1997-EX-99-FRANCHISE AGREEMENT,Audit Rights,"The Franchisee agrees that BKC or its  representatives,  at BKC's expense shall, at all reasonable times, have the right to examine or audit the books and  accounts of the  Franchisee.",30
6198,IDREAMSKYTECHNOLOGYLTD_07_03_2014-EX-10.39-Cooperation Agreement on Mobile Game Business,Change Of Control,"In case of division or merger of Party B, this Agreement shall terminate, and the successor company (or other entity) to Party B's wireless value added business hereunder shall re-apply for business opening to Party A, and timely modify Party B's enterprise identifier code and other information existing on Party A's business system or other business management system.",58
11302,XpresspaGroupInc_20190401_10-K_EX-10.28_11599457_EX-10.28_Marketing Agreement,Insurance,"If any such insurance is on a ""claims made"" basis, XSPA shall maintain coverage thereunder for a period of at least two (2) years following the termination of this Agreement.",30
1305,"Zounds Hearing, Inc. - MANUFACTURING DESIGN MARKETING AGREEMENT",Liquidated Damages,"Each Party agrees that in the event it violates the provisions of this Section 15.9, it will pay to the other Party as liquidated damages, and not as a penalty, an amount equal to one hundred times (100 X) of any such employee's then-current base annual salary.",47
8695,HealthcentralCom_19991108_S-1A_EX-10.27_6623292_EX-10.27_Co-Branding Agreement,Minimum Commitment,"MLX will use all commercially reasonable efforts to maintain the user traffic at a monthly minimum of:

 .  [REDACTED AMOUNT] page views three (3) months after the launch of the Co-Branded Site;

 .  [REDACTED AMOUNT] page views six (6) months after the launch of the Co-Branded Site; and

 .  [REDACTED AMOUNT] page views twelve (12) months after the launch of the Co-Branded Site.",60
13150,NEXSTARFINANCEHOLDINGSINC_03_27_2002-EX-10.26-OUTSOURCING AGREEMENT,Revenue/Profit Sharing,"Notwithstanding anything herein to the contrary, WYZZ shall continue to be the owner of and shall be entitled to all revenues resulting from the sale of advertising and other time on WYZZ-TV before, during and/or after the Term; provided, however, in consideration of the Services, Nexstar shall be entitled to all revenues resulting from the sale of advertising and other time on the Stations during the Term remaining after the payment of the amounts set forth below:

            (a) Within seventy-five (75) days following the end of each month of a calendar year during the Term that ""BCF"" (as defined below) for such month, when combined with BCF for all prior months during such calendar year (other than any month which is outside the Term) is less than the Minimum BCF, Nexstar shall pay a fee to WYZZ in an amount equal to thirty-five percent (35%) of BCF for such month. Within seventy-five (75) days following the end of each month of a calendar year during the Term that BCF for such month, when combined with BCF for all prior months of such calendar year (other than any month which is outside the Term) is greater than the Minimum BCF, Nexstar shall pay a fee to WYZZ in an amount equal to 50% of BCF for such month; provided, in the first month of each calendar year in which this sentence applies, the fee with respect to the portion of BCF for such month which, when combined with BCF for all prior months during such year (other than any month which is outside the Term) is exactly equal to the Minimum BCF, shall equal thirty-five percent (35%) of such portion rather than fifty percent (50%).",284
9662,"OMINTO,INC_03_29_2004-EX-10-RESELLER AGREEMENT",License Grant,"Reseller is hereunder licensed to market MediaNet Group Technologies' Brand-A-Port portals (""PORTALS"") and to resell MediaNet Group Technologies products and services for compensation in accordance with the annexed ""RESELLING SCHEDULE.""",30
11521,"BERKELEYLIGHTS,INC_06_26_2020-EX-10.12-COLLABORATION AGREEMENT",License Grant,"For clarity and without limiting Section 8.8.1 (Non-Exclusive Manufacturing License; Covenant), the licenses granted to Ginkgo in Section 9.1.1 (Scope of Grants) and Section 9.1.2 (License Grant to Exploit [REDACTED]) do not include the right to make, have made, offer to sell or sell Consumables, [REDACTED], to or for Third Parties or any Ginkgo Affiliate or Ginkgo Subcontractor that are [REDACTED] on the Beacon Platform [REDACTED].",66
3896,IGENEBIOTECHNOLOGYINC_05_13_2003-EX-1-JOINT VENTURE AGREEMENT,Minimum Commitment,"Subject to the provisions of Article 6.1, the Operating Company shall annually declare and pay by March 15 a distribution to each Party equal to the larger of the two estimated annual tax liabilities as reflected on the approved Party Tax Estimates (the ""Minimum Distribution"").",45
2193,INTERNATIONALFASTFOODCORP_04_04_1997-EX-99-FRANCHISE AGREEMENT,Change Of Control,"BKC may impose reasonable  conditions on its consent to the transfers  contemplated in Subparagraphs 15.1 and 15.2 above. BKC is under no  obligation  to  consent  to the  encumbrances  contemplated  in Subparagraphs 15.1 and 15.2 above, and may deny its consent to such encumbrances in its sole discretion.",47
1476,VERICELCORP_08_06_2019-EX-10.10-SUPPLY AGREEMENT,Anti-Assignment,Any assignment not in accordance with this Section 11.1 shall be void.,12
1300,"Zounds Hearing, Inc. - MANUFACTURING DESIGN MARKETING AGREEMENT",Audit Rights,"Subcontractor agrees to provide Manufacturer, at Manufacturer's expense and reasonable request and during ordinary business hours, access to, and copies of, such records, books and all other documents and materials in the possession and under the control of Subcontractor relating to or pertaining to the subject matter of this Agreement; including, but not limited to, the following:

a) Subcontractor will provide Manufacturer a schedule of all audits of Subcontractors for materials used in the manufacture of Manufacturer's Products upon request.",80
9641,OFGBANCORP_03_28_2007-EX-10.23-OUTSOURCING AGREEMENT,Insurance,Certificates of Insurance evidencing all coverages described in this Section shall be furnished to Customer upon request.,17
6277,"HOSPITALITYINVESTORSTRUST,INC_04_07_2014-EX-10.26-FRANCHISE AGREEMENT",Audit Rights,"If the audit or inspection reveals that the underpayment is willful, or is for five percent (5%) or more of the total amount owed for the period being inspected, you will also reimburse us for all inspection and audit costs, including reasonable travel, lodging, meals, salaries and other expenses of the inspecting or auditing personne",55
11087,EmbarkComInc_19991008_S-1A_EX-10.10_6487661_EX-10.10_Co-Branding Agreement,Rofr/Rofo/Rofn,"In the event of termination or expiration of this Agreement for other than a material breach of this Agreement by Sponsor, upon notice from Sponsor delivered to Snap at least forty-five (45) days prior to such expiration or termination, Snap shall negotiate in good faith an agreement providing Sponsor with sponsorship rights similar to those described herein on terms and conditions to be mutually agreed upon by the parties. In the event that an agreement",75
9382,NEONSYSTEMSINC_03_01_1999-EX-10.5-DISTRIBUTOR AGREEMENT_New,Audit Rights,and in such a manner so as to not unreasonably interfere with such party's business operations.,16
1726,ASPIRITYHOLDINGSLLC_05_07_2012-EX-10.6-OUTSOURCING AGREEMENT,Insurance,"The Contractor maintains insurance, which is in full force and effect, with insurers of recognized financial responsibility of  the types and in the amounts generally deemed adequate for its business and, to the best of the Contractor's knowledge, in line with  the insurance maintained by similar companies and businesses; and the Contractor has no reason to believe that it will not be able to  renew its existing insurance coverage as and when such coverage expires or obtain similar coverage from similar insurers as may be  necessary to continue its business at a cost that would not materially and adversely affect the financial condition or business  operations of the Contractor.",109
13203,"SPIENERGYCO,LTD_03_09_2011-EX-99.5-OPERATIONS AND MAINTENANCE AGREEMENT",Insurance,"Within thirty (30) days after the Effective Date, Service Provider shall provide a certificate of insurance and  thereafter shall maintain the following insurance during the Term with insurance carriers reasonably acceptable to Owner:

(a) Commercial General Liability. Service Provider shall provide and maintain commercial general liability insurance with combined single policy  limits not less than Two Million Dollars ($2,000,000) for bodily injury or property damage for each occurrence and in the aggregate, including broad  form contractual liability insurance, broad form property damage, personal injury, products and completed operations insurance.

(b) Automobile Liability. Service Provider shall provide and maintain business auto liability insurance covering owned, non-owned and hired  automobiles in the amount of One Million Dollars ($1,000,000) combined",117
11702,StampscomInc_20001114_10-Q_EX-10.47_2631630_EX-10.47_Co-Branding Agreement,Competitive Restriction Exception,"common stock of the Company (calculated on an as-converted basis and as      adjusted for any stock split, stock dividend, recapitalization or similar      transaction)",23
12642,DRKOOPCOMINC_04_21_1999-EX-10.28-SPONSORSHIP AGREEMENT,Expiration Date,"Sponsor Website or Vitamin Buzz contained in the Sponsor logos or the Sponsor banner advertisements are established in accordance with the terms of this Agreement, subject to earlier termination as set forth in this Agreement.",35
7268,"LEGACYTECHNOLOGYHOLDINGS,INC_12_09_2005-EX-10.2-DISTRIBUTOR AGREEMENT",Rofr/Rofo/Rofn,"Upon  termination,  ENVISION shall have eighteen (18) months to exhaust          any  inventories,  packaging  and  advertising  materials  bearing  the          ""SierraSil""  trademark  and SIERRA  shall have first option to buy back          any inventory at ENVISION's net purchase price.",36
5417,HYPERIONSOFTWARECORP_09_28_1994-EX-10.47-EXCLUSIVE DISTRIBUTOR AGREEMENT,Audit Rights,"Upon reasonable notice to Distributor, Distributor shall make such books and records available to Developer, at Distributor's place of business during normal business hours, to audit the payments being made by Distributor hereunder.",33
8386,EhaveInc_20190515_20-F_EX-4.44_11678816_EX-4.44_License Agreement_ Reseller Agreement,Uncapped Liability,"Further, subject to Section 17(c), neither Party shall not be liable to the other Party for any lost revenue, lost profit or lost savings.",24
309,"MetLife, Inc. - Remarketing Agreement",Governing Law,"THIS REMARKETING AGREEMENT AND THE PRICING AGREEMENT SHALL BE GOVERNED BY AND CONSTRUED IN ACCORDANCE WITH THE LAWS OF THE STATE OF NEW YORK, WITHOUT REGARD TO PRINCIPLES OF CONFLICTS OF LAW TO THE EXTENT THAT SUCH PRINCIPLES WOULD REQUIRE OR PERMIT THE APPLICATION OF LAWS OF ANOTHER JURISDICTION.",49
8753,IVILLAGEINC_03_17_1999-EX-10.16-SPONSORSHIP AGREEMENT,Expiration Date,"The initial production period shall be for a period of two (2) months to commence on November 4, 1998 (the ""Production Period""), and the remaining term of this Agreement shall be for a period of twenty four (24) months to commence on the tentative launch date of January 4, 1999, unless terminated earlier as provided herein (the ""Promotion Period""), (The Production Period and the Promotion Period shall be collectively referred to as the ""Initial Term"").",75
6554,ULTRAGENYXPHARMACEUTICALINC_12_23_2013-EX-10.9-SUPPLY AGREEMENT,Exclusivity,Ultragenyx shall purchase the Product exclusively from Cremer.,8
121,ADAMSGOLFINC_03_21_2005-EX-10.17-ENDORSEMENT AGREEMENT,Minimum Commitment,"""MANDATORY PRODUCTS"" shall mean the following ADAMS GOLF PRODUCTS  that CONSULTANT must exclusively play/use in all Champions/Senior Professional Golf Association (SPGA) and Professional Golf Association (PGA) events at all times:

[***** ]  Confidential Material redacted and filed separately with the Commission.   2





  1.[REDACTED AMOUNT] 2.Sufficient [REDACTED AMOUNT] to maintain total minimum of [REDACTED AMOUNT] ADAMS GOLF  [REDACTED AMOUNT] (includes [REDACTED AMOUNT])[REDACTED AMOUNT] at all times",59
10817,QIWI_06_16_2017-EX-99.(D)(2)-COOPERATION AGREEMENT,Anti-Assignment,"No Party shall assign (whether absolutely or by way of security and whether in whole or in part), transfer, mortgage, charge or otherwise dispose in any manner whatsoever of the benefit of this Agreement or sub-contract or delegate in any manner whatsoever its performance under this Agreement.",47
10163,"VISIUMTECHNOLOGIES,INC_10_20_2004-EX-10.20-DISTRIBUTOR AGREEMENT",License Grant,The MidLink software is licensed to Power2Ship for the exclusive use with WLI's products.,14
3369,DigitalCinemaDestinationsCorp_20111220_S-1_EX-10.10_7346719_EX-10.10_Affiliate Agreement,Audit Rights,Any audit with respect to  amounts payable by either party to the other party under this Agreement shall be limited to an audit with respect to amounts to be paid in the  current calendar year and immediately preceding calendar year only.,41
8624,BIOFRONTERAAG_04_29_2019-EX-4.17-SUPPLY AGREEMENT,Insurance,"In addition, each of the Parties shall maintain and keep in force at its sole cost and expense throughout the Term of this Agreement and for three years following the effective date of expiration or termination hereof (if such policies are on a claims made basis), Product Liability Insurance from carriers having an A.M. Best rating of A with a combined single limit of not less than $[REDACTED AMOUNT] per occurrence and in the aggregate annually.",75
5212,"TRANSPHORM,INC_02_14_2020-EX-10.12(1)-JOINT VENTURE AGREEMENT",Rofr/Rofo/Rofn,"Completion of the sale and purchase of the Call Shares pursuant to the exercise of the Call Option by TPH- A/TPH shall take place on the date specified in the Call Exercise Notice (which shall be a date after at least sixty (60) days from the date of the Call Exercise Notice) (the ""Call Closing Date"") and on which date:

(i) TPH-A shall, or shall cause its designees to, and TPH shall cause TPH-A or TPH-A's designees to, pay to AFSL the Call Option Price for the Call Shares by way of a bank transfer to the bank account as separately designated by AFSL; and

(ii) in exchange for which, AFSL shall deliver to TPH-A or its designees duly executed a letter of request to enter in the shareholder register of the Company the information that is required to be registered with regard to the Call Shares.",147
61,"WHITESMOKE,INC_11_08_2011-EX-10.26-PROMOTION AND DISTRIBUTION AGREEMENT",License Grant,"Subject to the terms and conditions of this Agreement, Google grants to Distributor a [* ] license during the  Term to: (a) bundle the Distribution Products, in machine-readable binary code format only, solely with Distributor App(s); (b) distribute  Bundles directly (or indirectly, subject to Clause 2.2 (Third Party Distribution)) to End Users in the Territory; (c) when indicated by the  applicable Criteria Checker and requested by the End User in accordance with clause 3.2 (Form of Distribution Offering), install the  Chrome Browser or the Google Toolbar (as applicable) on the End User's system using the Google Installers; and (d) reproduce (or have  reproduced by Third Party Distributors as defined in Clause 2.2 (Third Party Distribution)), the Distribution Products to the extent  necessary to exercise the rights granted in (a), (b) and (c).",132
3643,"SightLife Surgical, Inc. - STRATEGIC SALES _ MARKETING AGREEMENT",Insurance,"Each Party shall maintain such insurance for so long as it continues its activities under this Agreement, and thereafter for so long as it customarily maintains insurance for itself covering similar activities.",32
12799,"GOOSEHEADINSURANCE,INC_04_02_2018-EX-10.6-Franchise Agreement",No-Solicit Of Employees,"19.3.2 Employ or seek to employ any person who is then employed by us or any other Goosehead Business franchisee or developer, or otherwise directly or indirectly induce such person to leave his or her employment. In addition to any other rights and remedies available to us under this Agreement, in the event of a violation of this Section, we will have the right to require you to pay to us (or such other Goosehead Business developer or franchisee, as the case may be) an amount equal to three times the annual salary of the person(s) involved in such violation, plus an amount equal to our costs and attorney's fees incurred in connection with such violation.",116
6460,"THERAVANCEBIOPHARMA,INC_05_08_2020-EX-10.2-SERVICE AGREEMENT",Ip Ownership Assignment,"To the extent that the Company IP does not vest automatically in the Company the Executive hereby assigns all right, title and interest in the Company IP to the Company with full title guarantee by way of a present assignment of all future rights and shall otherwise hold them on trust for the Company.",54
6596,SFGFINANCIALCORP_05_12_2009-EX-10.1-SOFTWARE LICENSE AND MAINTENANCE AGREEMENT,Cap On Liability,"Licensor shall assume no liability, both contingent and otherwise, which may arise out of or be in any  way related to the following; (a) furnishing, performance, maintenance, use of, or inability to use all or  any part of the system, (b) any fault in the delivery or operation of the system, (c) suspension or  termination of the Licensee's ability to use all or part of the system, or any inaccuracies or omissions  in any information or documentation provided, (d) any failure or delay suffered or allegedly suffered  by Licensee in initiating and terminating trades, (e) the termination of all or part of this Licensee  Agreement by the Licensor, (f) the termination or modification of any and all parts of the License.",121
8273,AURASYSTEMSINC_06_16_2010-EX-10.25-STRATEGIC ALLIANCE AGREEMENT,Change Of Control,"Notwithstanding Section 7.1 above, this Agreement may be terminated upon the occurrence of any of the following events:


  (a) At the election of either party, in writing, if: (i) all or substantially all of the assets of the non-terminating party are transferred, sold or  liquidated;",45
6018,AgapeAtpCorp_20191202_10-KA_EX-10.1_11911128_EX-10.1_Supply Agreement,Minimum Commitment,"Minimum Annual Product Performance Requirements are listed below: Product Name: Agreed Quantity of Units to be purchased per Annum: ATP 1 S Survivor Select 150gm packaged 15,000 ATP 2 Energized Mineral Concentrate 29.5mL packaged 20,000 ATP 3 Ionized Cal-Mag 114gm packaged 15,000 ATP 4 Omega Blend 250mL packaged 15,000 ATP 5 BetaMaxx 150gm packaged 15,000 AGP 1 Iron 29.5mL packaged 1000 YFA Young Formula 450gm packaged 3000 ORYC Organic Soap 150gm packaged 2500",73
12089,"VIRTUALSCOPICS,INC_11_12_2010-EX-10.1-STRATEGIC ALLIANCE AGREEMENT",Ip Ownership Assignment,"Unless otherwise addressed in an Intellectual Property Amendment, VS hereby assigns to PPD (or Sponsor as the case may be) all rights that VS may have in any invention, technology, know-how or other intellectual property which is developed with use of Confidential Information provided to VS by PPD.",48
6879,"PHREESIA,INC_05_28_2019-EX-10.18-STRATEGIC ALLIANCE AGREEMENT",Anti-Assignment,"Neither Party may assign or otherwise transfer any of its rights, or delegate or otherwise transfer any of its obligations or performance, under this Agreement, in each case whether voluntarily or involuntarily, without the other Party's prior written consent, which will not be unreasonably withheld, conditioned, or delayed.",48
2281,PACIFICSYSTEMSCONTROLTECHNOLOGYINC_08_24_2000-EX-10.53-SPONSORSHIP AGREEMENT,Anti-Assignment,"7)      All covenants, promises and agreements by or on behalf of the parties contained in this Agreement shall be binding upon and shall inure to the benefit of the successors and assigns of the  parties; but nothing in this Agreement, expressed or implied is intended to confer on any party the right to assign its rights or  obligations hereunder.",59
12470,TALCOTTRESOLUTIONLIFEINSURANCECO-SEPARATEACCOUNTTWELVE_04_30_2020-EX-99.8(L)-SERVICE AGREEMENT,Governing Law,This Agreement shall be governed by and construed in accordance with the internal laws of the State of Ohio.,19
5453,BUFFALOWILDWINGSINC_06_05_1998-EX-10.3-FRANCHISE AGREEMENT,Rofr/Rofo/Rofn,"Application for our consent to a transfer and tender of the right of first refusal provided for in Paragraph XX, will be accompanied by the documents (including a copy of the proposed purchase or other transfer agreement) or other information required by us.",43
3731,FUSIONPHARMACEUTICALSINC_06_05_2020-EX-10.17-Supply Agreement - FUSION,Uncapped Liability,"EXCEPT FOR DAMAGES FOR WHICH A PARTY IS RESPONSIBLE PURSUANT TO ITS INDEMNIFICATION OBLIGATIONS SET FORTH IN SECTION 10 ABOVE, EACH PARTY SPECIFICALLY DISCLAIMS ALL LIABILITY FOR AND SHALL IN NO EVENT BE LIABLE FOR ANY INCIDENTAL, SPECIAL, INDIRECT OR CONSEQUENTIAL DAMAGES, EXPENSES, LOST PROFITS, LOST SAVINGS, INTERRUPTIONS OF BUSINESS OR OTHER DAMAGES OF ANY KIND OR CHARACTER WHATSOEVER ARISING OUT OF OR RELATED TO THIS AGREEMENT OR RESULTING FROM THE MANUFACTURE, HANDLING. MARKETING, SALE, DISTRIBUTION OR USE OF LICENSED PRODUCT REGARDLESS OF THE FORM OF ACTION, WHETHER IN CONTRACT, TORT, STRICT LIABILITY OR OTHERWISE, EVEN IF SUCH PARTY WAS ADVISED OF THE POSSIBILITY OF SUCH DAMAGES",107
3215,ANIXABIOSCIENCESINC_06_09_2020-EX-10.1-COLLABORATION AGREEMENT,Termination For Convenience,"This Agreement may be terminated by Anixa, without cause, upon at least thirty (30) days written notice to OntoChem.",19
10286,"ADUROBIOTECH,INC_06_02_2020-EX-10.7-CONSULTING AGREEMENT",Governing Law,"This Agreement shall be construed and enforced in accordance with the laws of the State of California, without regard to the conflict of law principles of California or any other jurisdiction.",31
2945,ReedsInc_20191113_10-Q_EX-10.4_11888303_EX-10.4_Development Agreement,Cap On Liability,"EXCEPT WITH RESPECT TO THE INDEMNIFICATION OBLIGATIONS SET FORTH IN SECTION 9 WITH REGARD TO CLAIMS BY THIRD PARTIES, IN NO EVENT SHALL EITHER PARTY BE LIABLE FOR CONSEQUENTIAL, INDIRECT, INCIDENTAL, SPECIAL, EXEMPLARY, PUNITIVE OR ENHANCED DAMAGES, LOST PROFITS OR REVENUES OR DIMINUTION IN VALUE ARISING OUT OF, RELATING TO, OR IN CONNECTION WITH ANY BREACH OF THIS AGREEMENT OR CLAIM HEREUNDER, REGARDLESS OF (A) WHETHER SUCH DAMAGES WERE FORESEEABLE, (B) WHETHER OR NOT IT WAS ADVISED OF THE POSSIBLITY OF SUCH DAMAGES, AND (C) THE LEGAL OR EQUITABLE THEORY (CONTRACT, TORT OR OTHERWISE) UPON WHICH THE CLAIM IS BASED.",100
1203,ImpresseCorp_20000322_S-1A_EX-10.11_5199234_EX-10.11_Co-Branding Agreement,License Grant,Impresse shall permit Users who access the Co-Branded Site to access and use Co-Branded Content from the Co-Branded Site for the personal use of such Users in accordance with the then-current terms of Impresse's standard license agreement governing the use of such Co-Branded Content.,44
863,CORIOINC_07_20_2000-EX-10.5-LICENSE AND HOSTING AGREEMENT,Post-Termination Services,"Subject to Corio's payment of the annual support and         maintenance fee, Commerce One's support and maintenance obligation of         the Software and MarketSite.net Service shall continue after termination         or expiration of this Agreement with respect to all Software Users         granted access to the Software and MarketSite.net Service prior to         termination or expiration of this Agreement.",54
3678,GRANTIERRAENERGYINC_05_07_2012-EX-10.6-TRANSPORTATION CONTRACT,Anti-Assignment,c) The unauthorized assignment of the Contract by the SENDER.,10
1033,ENERGOUSCORP_03_16_2017-EX-10.24-STRATEGIC ALLIANCE AGREEMENT,Non-Compete,"Until expiration or earlier termination of the Agreement, DIALOG agrees that it and its Affiliates will not, without ENERGOUS' written approval, intentionally sell, distribute or work with any third party to develop products incorporating any Uncoupled Power Transfer Technology other than Licensed Products; provided, however, that DIALOG shall not be under any such restrictions in relation to services or products it provides to the Key Customer in the event the Key Customer terminates its agreement with ENERGOUS.",77
9898,StaarSurgicalCompany_20180801_10-Q_EX-10.37_11289449_EX-10.37_Distributor Agreement,Exclusivity,Distributor shall (a) procure the Products solely from STAAR (or its affiliates),12
13749,KINGPHARMACEUTICALSINC_08_09_2006-EX-10.1-PROMOTION AGREEMENT,Rofr/Rofo/Rofn,"Depomed agrees to grant and hereby grants to King an exclusive option (exercisable at King's sole discretion by providing written notice of intent at any time, but in no event later than 180 days after the Effective Date) to obtain an exclusive license in the Territory to certain of Depomed's proprietary drug delivery technology in combination with both metformin hydrochloride and any other active pharmaceutical ingredients (a ""Combination Product License"").",70
1135,CytodynInc_20200109_10-Q_EX-10.5_11941634_EX-10.5_License Agreement,Insurance,Each Party shall provide a certificate of insurance (or evidence of self-insurance) evidencing such coverage to the other Party upon reques,21
3330,DigitalCinemaDestinationsCorp_20111220_S-1_EX-10.10_7346719_EX-10.10_Affiliate Agreement,Governing Law,This Agreement shall be binding on the Parties as of the date hereof and is to be construed in accordance  with and governed by the internal laws of the State of Delaware without giving effect to any choice of law rule that would cause the application of  the laws of any jurisdiction other than the internal laws of the State of Delaware to the rights and duties of the Parties.,70
10046,CHEETAHMOBILEINC_04_22_2014-EX-10.43-Cooperation Agreement,Non-Compete,"All act which may damage the right of user of Baidu promotion, damage user experience, disturb market cooperation order of the Union, adversely affect Baidu product and business reputation of Baidu, constitute unfair competition against Baidu or violate legal right of Baidu are forbidden by the Union, including but not limited to:",52
8283,AURASYSTEMSINC_06_16_2010-EX-10.25-STRATEGIC ALLIANCE AGREEMENT,Post-Termination Services,"Upon termination of this Agreement for whatever reason whatsoever, the Parties shall have the  following rights and obligations:",18
11942,HfEnterprisesInc_20191223_S-1_EX-10.22_11931299_EX-10.22_Development Agreement,Anti-Assignment,The rights of Developer under this Agreement shall immediately cease and be terminated upon the sale or transfer of all or substantially all of the assets of Developer unless an assignment of such rights pursuant to such sale or transfer has been previously approved in writing by DSS.,48
5293,"Sonos, Inc. - Manufacturing Agreement ",Cap On Liability,"EXCEPT IN THE EVENT OF A VIOLATION OF SECTION 3 (OWNERSHIP; GRANT OF RIGHTS: TRADEMARKS USAGE), OR FOR EACH PARTY'S OBLIGATIONS UNDER SECTION 11 (INDEMNITY), OR BREACH OF SECTION 12 (CONFIDENTIALITY), UNDER NO CIRCUMSTANCES WILL EITHER PARTY BE LIABLE TO THE OTHER UNDER ANY CONTRACT, STRICT LIABILITY, NEGLIGENCE OR OTHER LEGAL OR EQUITABLE THEORY, FOR ANY INCIDENTAL OR CONSEQUENTIAL DAMAGES OR LOST PROFITS IN CONNECTION WITH THE SUBJECT MATTER OF THIS AGREEMENT.",72
6310,FulucaiProductionsLtd_20131223_10-Q_EX-10.9_8368347_EX-10.9_Content License Agreement,License Grant,"Producer further grants to ConvergTV the right and license to Distribute and re-Distribute, including relicensing or sublicensing, the Program at such dates and times as are determined by ConvergTV in its sole discretion.",33
5604,WARNINGMANAGEMENTSERVICESINC_12_10_1999-EX-10-ENDORSEMENT AGREEMENT,Ip Ownership Assignment,"In the event that, prior to the Contract Period, Company has filed one or more applications for registration of any such trademark, or otherwise has obtained any rights to such trademark, Company agrees to cause such applications and/or trademarks to be assigned and transferred to Pey Dirt forthwith.",48
1125,CytodynInc_20200109_10-Q_EX-10.5_11941634_EX-10.5_License Agreement,Non-Transferable License,"The licenses granted to Vyera under this Agreement shall not be transferrable and/or sublicensable without CytoDyn's written consent, which it may grant, condition or withhold in its sole discretion.",29
3886,IGENEBIOTECHNOLOGYINC_05_13_2003-EX-1-JOINT VENTURE AGREEMENT,Exclusivity,"If the Board elects to pursue such Neutraceutical Opportunity, the Operating Company then shall have exclusive rights to exploit such Neutraceutical Opportunity, but solely with respect to use of Astaxanthin as a Neutraceutical, and, subject to Article 8.1, the Party (or its Affiliate) that has developed, discovered or acquired such opportunity, product or process will, however, be entitled to exploit such opportunity, product or process for application outside of use of Astaxanthin as a Neutraceutical.",75
2456,SPARKLINGSPRINGWATERHOLDINGSLTD_07_03_2002-EX-10.13-SOFTWARE LICENSE AND MAINTENANCE AGREEMENT,License Grant,"Garman hereby grants to Sparkling, a perpetual, fully paid, non-exclusive license entitling Sparkling to use and reproduce the Codes deposited with it pursuant to Section (a) to change, update, add to, or substitute the Codes, the Software or any part thereof, limited to Sparkling's needs for the use and improvement of the Software or Sparkling's operations, provided that Sparkling shall only be entitled to utilize such license if Sparkling terminates this Agreement pursuant to Section 17(c) due to Garman's default, or if Garman ceases to support the Software as required pursuant to this Agreement.",94
2635,TodosMedicalLtd_20190328_20-F_EX-4.10_11587157_EX-4.10_Marketing Agreement_ Reseller Agreement,Rofr/Rofo/Rofn,"The Reseller shall have a right of first refusal to include within this Agreement any additional products developed, manufactured, or sold by the Company following the Effective Date that are not currently included in Exhibit A, and upon the exercise of such right, the term ""Products"" shall be expanded to mean such additional products as well.",56
11549,"BERKELEYLIGHTS,INC_06_26_2020-EX-10.12-COLLABORATION AGREEMENT",Cap On Liability,"ANY THEORY OF LIABILITY (WHETHER IN CONTRACT, TORT (INCLUDING NEGLIGENCE), STRICT LIABILITY OR OTHERWISE). THE LIMITATIONS SET FORTH IN THIS SECTION WILL APPLY EVEN IF A PARTY HAS BEEN ADVISED OF THE POSSIBILITY OF SUCH DAMAGES, AND NOTWITHSTANDING ANY FAILURE OF ESSENTIAL PURPOSE OF ANY LIMITED REMEDY.",47
11844,SANDRIDGEENERGYINC_08_06_2009-EX-10.6-OPERATIONS AND MAINTENANCE AGREEMENT,Insurance,"Operator, with respect to Operator's activities provided for under this Agreement, shall maintain the following insurance coverage with  responsible insurance carriers and/or through a program of self-insurance:",27
4800,PhasebioPharmaceuticalsInc_20200330_10-K_EX-10.21_12086810_EX-10.21_Development Agreement,Insurance,Any deductibles for such insurance policies will be assumed by the insuring Party.,13
13202,"SPIENERGYCO,LTD_03_09_2011-EX-99.5-OPERATIONS AND MAINTENANCE AGREEMENT",Anti-Assignment,"Service Provider shall not, without the prior written consent of Owner, which consent will not be unreasonably withheld or delayed, assign,  pledge or transfer all or any part of, or any right or obligation under, this Agreement, whether voluntarily or by operation of law, and any such  assignment or transfer without such consent will be null and void; provided, however, that notwithstanding the foregoing, Service Provider may,  without the consent of Owner, assign,",73
4350,PalmerSquareCapitalBdcInc_20200116_10-12GA_EX-10.6_11949289_EX-10.6_Trademark License Agreement,Termination For Convenience,by Licensor or Licensee upon sixty (60) days' written notice to the other party;,14
3318,HarpoonTherapeuticsInc_20200312_10-K_EX-10.18_12051356_EX-10.18_Development Agreement,Insurance,"Upon request by a Party, the other Party shall provide Certificates of Insurance evidencing compliance with this Section. The insurance policies shall be under an occurrence form, but if only a claims-made form is available to a Party, then such Party shall continue to maintain such insurance after the expiration or termination of this Agreement for the longer of (a) a period of [REDACTED AMOUNT] following termination or expiration of this Agreement in its entirety, or (b) with respect to a particular Party, [REDACTED AMOUNT] by a Party.",86
15,LIMEENERGYCO_09_09_1999-EX-10-DISTRIBUTOR AGREEMENT,No-Solicit Of Customers,"Distributor further agrees that it will not interfere                            with or  otherwise  disrupt  the  business  relations                            between the Company or nay of its  affiliates and any                            of their current or prospective customers,  suppliers                            or distributors, during the",36
4845,EdietsComInc_20001030_10QSB_EX-10.4_2606646_EX-10.4_Co-Branding Agreement,Expiration Date,", shall remain effective for two (2) years from and after the Effective Date (the ""Initial Term"").",17
5672,SMITHELECTRICVEHICLESCORP_04_04_2012-EX-10.26-FLEET MAINTENANCE AGREEMENT,Cap On Liability,"DCL will indemnify and will keep SEV indemnified in full against all Liabilities arising directly or indirectly in connection with.     11.4.1 the employment or termination of employment by DCL of any of the Transferring Employees (whether or not  terminated by notice and, if so terminated, whenever that notice expires) up to and including the Commencement  Date;     11.4.2 any act, omission or default of DCL up to and including the Commencement Date in respect of the employment by  DCL of the Transferring Employees;     11.4.3 DCL's failure to inform or consult as required under Regulation 10 and 10A of the Regulations except to the extent  that any such action or claim (or any part of such action or claim) arises from any failure by SEV to give DCL the  information required from SEV to enable DCL to comply with its obligations under Regulation 10(3) of the  Regulations;     11.4.4 any claim by a Transferring Employee that such person is entitled for any reason to take benefits not relating to old  age, invalidity or survivors pursuant to the terms of any pension scheme in which SEV is not then participating, or  pursuant to the Transferring Employee's terms and conditions of employment prior to the Commencement Date;     11.4.5 any claim by any trade union, staff association or staff body recognised by DCL in respect of all or any of the  Transferring Employees arising out of DCL's failure to comply with its legal obligations to such trade unions or  staff associations or bodies; and     11.4.6 any claim by any former, existing or future employee of DCL (other than the Transferring Employees) against SEV  concerning or relating to any matter whatever.",274
4728,PhasebioPharmaceuticalsInc_20200330_10-K_EX-10.21_12086810_EX-10.21_Development Agreement,Exclusivity,"SFJ shall use commercially reasonable efforts to obtain from each Third Party contractor that SFJ or its Affiliate proposes to engage to conduct activities under or in connection with this Agreement on behalf of SFJ or its Affiliates (i) an assignment, (ii) an exclusive, worldwide, royalty-free, fully-paid, freely-assignable license, with the right to sublicense through multiple tiers, or (iii) a non‑exclusive, worldwide, royalty-free, fully-paid, freely-assignable license, with the right to sublicense through multiple tiers ((i) through (iii) in order of preference), to PB of any Trial Invention that such Third Party contractor conceives, discovers, develops or otherwise makes in connection with activities conducted relating to this Agreement.",107
831,CORIOINC_07_20_2000-EX-10.5-LICENSE AND HOSTING AGREEMENT,Renewal Term,"Thereafter, this Agreement shall automatically renew for         subsequent one (1) year periods unless either party provides the other         party with written notification at least thirty (30) days prior to the         expiration of the initial five (5) year term or any one (1) year renewal         thereof of its intention to terminate this Agreement.",52
12878,"OPTIMIZEDTRANSPORTATIONMANAGEMENT,INC_07_26_2000-EX-6.6-DISTRIBUTOR AGREEMENT",Minimum Commitment,"In the event COMWARE  purchases an amount less than      $45,420.00, than this Agreement will automatically terminate.",16
930,SENMIAOTECHNOLOGYLTD_02_19_2019-EX-10.5-Collaboration Agreement,Most Favored Nation,"Party B shall provide the Driver User with long-term and stable rental sources and the most favorable financial leasing scheme, complete the vehicle leasing transactions with the Driver User through the Platform, and provide the Driver User with high-quality financial leasing services.",42
1689,FuseMedicalInc_20190321_10-K_EX-10.43_11575454_EX-10.43_Distributor Agreement,Non-Compete,"act as the agent or the buying agent, for any person for any goods which are competitive with the Product; or",21
10102,NEOMEDIATECHNOLOGIESINC_12_15_2005-EX-16.1-DISTRIBUTOR AGREEMENT,Cap On Liability,PPG          SHANGHAI will not accept any claims for discrepancy in delivery beyond          the 48 hours period.,16
9392,NEONSYSTEMSINC_03_01_1999-EX-10.5-DISTRIBUTOR AGREEMENT_New,Warranty Duration,"For twelve (12) months after delivery of the Master Copy of each Licensed Product to Licensee, Licensor warrants that the media in which the Licensed Products are stored shall be free from defects in materials and workmanship, assuming normal use.  Licensee may return any defective media to Licensor for replacement free of charge during such twelve (12) month period.",59
6479,BerkshireHillsBancorpInc_20120809_10-Q_EX-10.16_7708169_EX-10.16_Endorsement Agreement,Change Of Control,"In the case of reorganization, merger, consolidation, or sale of all or substantially all of its  assets, any attempt to assign this Agreement other than as permitted above will be null and void.",33
12469,TALCOTTRESOLUTIONLIFEINSURANCECO-SEPARATEACCOUNTTWELVE_04_30_2020-EX-99.8(L)-SERVICE AGREEMENT,Expiration Date,"This Agreement shall terminate (a) at the option of any party, upon 90 days' advance written notice to the other parties hereto; or (b) in the event of a material breach that has not been cured within ten days following a written notice of breach to the breaching party.",49
10681,ADAPTIMMUNETHERAPEUTICSPLC_04_06_2017-EX-10.11-STRATEGIC ALLIANCE AGREEMENT,Audit Rights,Such monitoring visits shall also enable Adaptimmune to (a) inspect and review any or all Study Records and Study source documents for comparison with case report forms; and (b) audit financial records relating solely to the performance of the Study under this Agreement.,43
13259,"KIROMICBIOPHARMA,INC_04_08_2020-EX-10.28-JOINT VENTURE AGREEMENT",Change Of Control,"This JV Agreement cannot be assigned by a Party, also as a result of the transfer of a business as a going concern, of a merger, of a de-merger or of a spin-off, without the prior written consent of the other Party.",42
13671,"BLUEROCKRESIDENTIALGROWTHREIT,INC_06_01_2016-EX-1.1-AGENCY AGREEMENT",Cap On Liability,"Notwithstanding the provisions of this Section 8(d), the Agent shall not be required to contribute any amount in excess of the amount by which the total price at which the  Series A Preferred Stock sold pursuant to this Agreement exceeds the amount of any damages which the Agent has otherwise been required to pay by reason of such untrue or alleged untrue statement or omission or alleged omission.",68
144,"KIROMICBIOPHARMA,INC_05_11_2020-EX-10.23-CONSULTING AGREEMENT",Ip Ownership Assignment,"Consultant agrees that if Company is unable because of Consultant's unavailability, mental or physical incapacity, or for any other reason, to secure Consultant's signature to apply for or to pursue any application or registration for any intellectual property rights covering any Invention, then Consultant hereby irrevocably designates and appoints Company and its duly authorized officers and agents as Consultant's agent and attorney-in-fact, to act for and in Consultant's behalf",69
9771,"GSITECHNOLOGYINC_11_16_2009-EX-10.2-INTELLECTUAL PROPERTY AGREEMENT between SONY ELECTRONICS INC. and GSI TECHNOLOGY, INC.",Anti-Assignment,Any attempted transfer in contravention of this Section 9.3 shall be null and void.,14
7430,SigaTechnologiesInc_20190603_8-K_EX-10.1_11695818_EX-10.1_Promotion Agreement,Non-Transferable License,"Except for the subcontractors appointed by MMT as of the Effective Date as listed on Exhibit A attached hereto, MMT may not grant sublicenses of the rights and licenses granted to it in Section 2.1(a) to any Affiliate (including Pfizer or any Affiliate of Pfizer) or Third Party without the prior written approval of SIGA (such approval not to be unreasonably withheld).",62
12782,"GOOSEHEADINSURANCE,INC_04_02_2018-EX-10.6-Franchise Agreement",Non-Compete,"advice to any Competitive Business and which business is, or is intended to be, located within the city or county in which the Approved Location is situated.",27
11430,PrudentialBancorpInc_20170606_8-K_EX-10.4_10474434_EX-10.4_Endorsement Agreement,Third Party Beneficiary,"Upon the death of the Employee, proceeds shall be paid in one sum to the Owner, its successors or assigns, to the extent of its interest in the Policy as described in the Agreement.",34
6254,"HOSPITALITYINVESTORSTRUST,INC_04_07_2014-EX-10.26-FRANCHISE AGREEMENT",Expiration Date,"The Term shall begin on the Effective Date and will end, without further notice, on the Expiration Date set forth in the Addendum, unless terminated earlier under the terms of this Agreement.",32
9222,SoupmanInc_20150814_8-K_EX-10.1_9230148_EX-10.1_Franchise Agreement1,Volume Restriction,We will provide you or one of your principals and up to five (5) additional persons with a comprehensive initial training program and additional training programs from time to time.,30
1673,ImperialGardenResortInc_20161028_DRS (on F-1)_EX-10.13_9963189_EX-10.13_Outsourcing Agreement,Governing Law,"Should either Party herein initiate a legal proceeding for revoking any arbitration result regarding the Contract, both Parties herein agree to take the Miaoli District Court of Taiwan as the competent court of first instance pursuant to the laws of the R.O.C..",42
6971,"Array BioPharma Inc. - LICENSE, DEVELOPMENT AND COMMERCIALIZATION AGREEMENT",Audit Rights,"Inspections conducted under this Section 7.4 shall be at the expense of Array, unless a variation or error producing an underpayment in amounts payable exceeding [ * ] of the amount paid for a period covered by the inspection is established, in which case all reasonable costs relating to the inspection for such period and any unpaid amounts that are discovered shall be paid by Ono, together with interest on such unpaid amounts at the rate set forth in Section 7.1 above.",82
1408,LegacyEducationAllianceInc_20200330_10-K_EX-10.18_12090678_EX-10.18_Development Agreement,Revenue/Profit Sharing,"For monthly Cash Sales above [$●] and up to [$●], the Base Royalty paid to T&B by LEA shall be [●%] of the LEA's Cash Sales",26
2848,HEALTHGATEDATACORP_11_24_1999-EX-10.1-HOSTING AND MANAGEMENT AGREEMENT (1),Change Of Control,"If there is a change in Control of the first party,                           the second party may, entirely at their own option and                           without thereby becoming liable for any costs or                           losses which the first party or its holding company or                           any company in which it may hold shares may suffer as                           a result terminate the Agreement by notice in writing                           to first party.",62
7342,CCAINDUSTRIESINC_04_14_2014-EX-10.1-OUTSOURCING AGREEMENT,Post-Termination Services,"After the Withholding Period, Company will remain liable to Contractor for any additional audits, deductions, rebates, credits, allowances or other adjustments taken by the Customers against the Company's Products.",29
2920,PacificapEntertainmentHoldingsInc_20051115_8-KA_EX-1.01_4300894_EX-1.01_Content License Agreement,Notice Period To Terminate Renewal,"After the Initial Term, this Agreement will be automatically renewed for successive additional 3~year periods (""Extension Terms""), unless otherwise terminated by either party by giving notice to the other party not less than sixty (60) days prior to the end of a Term.",43
3694,GRANTIERRAENERGYINC_05_07_2012-EX-10.6-TRANSPORTATION CONTRACT,Cap On Liability,"Save the event of gross negligence or willful misconduct, if any claims arise by the SENDER such as the loss of profit, this shall not  exceed twenty five percent (25%) of the value that ECOPETROL is obliged to indemnify the SENDER under this numeral 11.2(d) of the  Contract hereof.",49
9368,NEONSYSTEMSINC_03_01_1999-EX-10.5-DISTRIBUTOR AGREEMENT_New,Non-Compete,"Each of Licensor and Licensee understands and acknowledges that Licensor shall be entitled to protect and preserve the going concern value of Licensor's business to the extent permitted by law and that Licensor would not have entered into this Agreement absent the provisions of this Section 10.1 and, therefore, each of Licensor and Licensee agrees that during the term of this Agreement Licensee shall not engage in, represent in any way or be connected with directly or indirectly any business competing with the Licensed Products.",85
8034,BloomEnergyCorp_20180321_DRSA (on S-1)_EX-10_11240356_EX-10_Maintenance Agreement,Minimum Commitment,"Sample One-Year Minimum Power Product Example Calculation 2014 Assumptions Number of active Systems 150 Nameplate capacity 200kW One-Year Power Performance Warranty 95%

One-Year Minimum Power Product Analysis

Minimum Power Product 28,500kW",31
3688,GRANTIERRAENERGYINC_05_07_2012-EX-10.6-TRANSPORTATION CONTRACT,Minimum Commitment,The basket of Crude Oil to be used shall always include a minimum of ten (10) Crude Oils.,18
12304,ZtoExpressCaymanInc_20160930_F-1_EX-10.10_9752871_EX-10.10_Transportation Agreement,Liquidated Damages,Party B shall pay one-month freight as liquidated damages in case of termination of the Agreement without consent.,18
9443,TELKOMSALTD_01_30_2003-EX-10-LICENCE AND MAINTENANCE AGREEMENT,Cap On Liability,defaulting party or any person or entity in respect of whom the defaulting party may   be vicariously liable.,18
10709,ENTRUSTINC_07_24_1998-EX-10.5-STRATEGIC ALLIANCE AGREEMENT,Affiliate License-Licensor,"Subject to the terms and               -----------------------------------                           conditions of this Agreement, Entrust, to the extent of its legal right to do so, hereby grants to Nortel, under the Entrust Patents, an irrevocable, non- transferable, non-assignable, indivisible, non-exclusive, royalty-free, worldwide license for Licensed Products and Licensed Services.",45
12001,ArtaraTherapeuticsInc_20200110_8-K_EX-10.5_11943350_EX-10.5_License Agreement,License Grant,University hereby grants to ArTara an exclusive license to use the Program Data solely for the Project and in Regulatory Filings in the Field in the Territory.,27
6912,"PHREESIA,INC_05_28_2019-EX-10.18-STRATEGIC ALLIANCE AGREEMENT",Insurance,"At the Company's expense, the Company will maintain policies of insurance with insurance companies having a financial strength rating no lower than ""A"" and a size category not lower than ""XII"" as rated by the A.M. Best Company, and in amounts which are reasonable and prudent in light of the Company's business, potential liabilities to Allscripts hereunder, and other relevant factors, including the following: (i) Commercial General Liability insurance [REDACTED AMOUNT] (ii) Errors and Omissions insurance [REDACTED AMOUNT] and (iii) Workers' Compensation insurance with applicable statutory limits.",85
8305,IpassInc_20181203_8-K_EX-99.1_11445874_EX-99.1_Reseller Agreement,Anti-Assignment,"Channel Partner may not assign the Agreement, the use of any Licensed Software or Services or its rights and obligations under the Agreement without the prior written consent of iPass.",30
4416,EmmisCommunicationsCorp_20191125_8-K_EX-10.6_11906433_EX-10.6_Marketing Agreement,Governing Law,This Agreement will be construed in accordance with the laws of the State of Indiana without regard to principles of conflicts of laws.,23
8444,VirtuosoSurgicalInc_20191227_1-A_EX1A-6 MAT CTRCT_11933379_EX1A-6 MAT CTRCT_License Agreement,Change Of Control,"For a Liquidity Event, the fee required under Section 4.1 of this Exhibit A above shall be payable to JHU by COMPANY in the same form as the proceeds paid or payable to either COMPANY or its security holders, whether in cash, securities or other property, and in the same proportion as such form of consideration is paid or payable to COMPANY or its security holders.",66
1354,ConformisInc_20191101_10-Q_EX-10.6_11861402_EX-10.6_Development Agreement,Anti-Assignment,"To the extent working with Agents or other Third Parties is permitted under the R&D Work   Plan, should a Party wish to engage an Agent or any other Third Party in connection with the R&D Work Plan or any other work   under this Agreement, such Party must obtain in advance a written agreement by such Agent or other Third Party (i) to assign to   the Party all Inventions conceived, created or generated by the Agent or other Third Party, and (ii) to maintain all Confidential   Information in confidence as set forth in Section 5.2.",94
6180,"MJBIOTECH,INC_12_06_2018-EX-99.01-JOINT VENTURE AGREEMENT",Audit Rights,The audit will be performed by an accounting firm acceptable to all the Participants.,14
8612,BIOFRONTERAAG_04_29_2019-EX-4.17-SUPPLY AGREEMENT,Post-Termination Services,"Each of Supplier and CUTANEA shall maintain and keep in force at its sole cost and expense throughout the Term of this Agreement and for three years following the effective date of expiration or termination hereof (if such policies are on a claims made basis), Commercial General Liability Insurance from carriers having an A. M. Best rating of A, including Product Recall, Bodily Injury and Property Damage Insurance, with a combined single limit of not less than $[REDACTED DURATION] per occurrence and $[REDACTED DURATION] in the aggregate annually (this limit can be secured via a combination of primary and excess/umbrella policies).",99
12520,ArmstrongFlooringInc_20190107_8-K_EX-10.2_11471795_EX-10.2_Intellectual Property Agreement,Irrevocable Or Perpetual License,"Subject to the terms and conditions of this Agreement, Arizona hereby grants to the Company a perpetual, non-exclusive, royalty-free license in, to and under the Arizona Licensed Patents for use in the Company Field throughout the world.",37
12003,ArtaraTherapeuticsInc_20200110_8-K_EX-10.5_11943350_EX-10.5_License Agreement,Post-Termination Services,Upon termination of the Project by ArTara this Agreement will terminate subject to Section 8.3 and ArTara will reassign to University the IND if assignment thereof previously occurred pursuant to Section 4.3.,32
11720,StampscomInc_20001114_10-Q_EX-10.47_2631630_EX-10.47_Co-Branding Agreement,Audit Rights,MBE will also permit the Company to enter any of MBE's premises during regular business hours to inspect the use of the Service in any reasonable manner.,27
9406,TELKOMSALTD_01_30_2003-EX-10-LICENCE AND MAINTENANCE AGREEMENT,Governing Law,This AGREEMENT shall be governed by and construed under the   Laws of the Republic of South Africa.,17
8284,AURASYSTEMSINC_06_16_2010-EX-10.25-STRATEGIC ALLIANCE AGREEMENT,Audit Rights,"For a period of not less than two (2) years after the date of termination, each party shall maintain, and make available to the other party  upon its request, for inspection and copying all books and records that pertain to performance of and compliance with obligations,  warranties and representations under this Agreement.",52
13308,PlayboyEnterprisesInc_20090220_10-QA_EX-10.2_4091580_EX-10.2_Content License Agreement_ Marketing Agreement_ Sales-Purchase Agreement1,Revenue/Profit Sharing,"Pursuant to Section 3.6, EFS shall pay a quarterly Royalty to Client calculated as set forth in Section 6.1  using separate Royalty percentages on a country-by-country basis based on product margins for each such country, as agreed  upon by the parties.",41
2712,BANGIINC_05_25_2005-EX-10-Premium Managed Hosting Agreement,Expiration Date,"The effective term is 12 months beginning March 1, 2005 and ending February 28, 2006.",15
3275,HarpoonTherapeuticsInc_20200312_10-K_EX-10.18_12051356_EX-10.18_Development Agreement,Rofr/Rofo/Rofn,"If AbbVie notifies Harpoon in writing within [REDACTED] after receipt of such copy that AbbVie wishes to receive a license or sublicense (as applicable) under, and be subject to the rights and obligations of, the Proposed Future In-Licensed Rights as they apply to AbbVie and this Agreement, then the Proposed Future In-Licensed Rights shall automatically be included in the Harpoon Patents and/or Harpoon Know-How (as applicable) hereunder and AbbVie agrees to abide by all applicable terms and conditions of such license, sublicense or other agreement, as it relates to AbbVie and this Agreement, including payment of any financial obligations based upon AbbVie's practice of such intellectual property rights.",108
7635,XENCORINC_10_25_2013-EX-10.24-COLLABORATION AGREEMENT (3),License Grant,"XENCOR hereby grants to BII and BII herewith accepts a non exclusive, worldwide, irrevocable, sublicensable (in several cascades), perpetual, royalty-free/fully paid up license under the XENCOR Intellectual Property to the extent it is generally applicable to the manufacturing of biopharmaceutical products, handling",42
1616,ORBSATCORP_08_17_2007-EX-7.3-STRATEGIC ALLIANCE AGREEMENT,Expiration Date,The term of the Agreement will be for 12 months unless terminated sooner.,13
489,"SIBANNAC,INC_12_04_2017-EX-2.1-Strategic Alliance Agreement",Revenue/Profit Sharing,"For any Product or Solution sold to any perspective clients introduced by Bravatek registered with COMPANY via email to COMPANY's CEO and delivered through Bravatek or a COMPANY-designated distribution affiliate(s) or sales channel(s), Bravatek will receive a lead-finder fee, to be mutually discussed and finally decided by COMPANY at the range of minimum of 10% to maximum of 20% of project revenue, with an exact fee to be depending upon the overall project sales margin and cost of development and delivery of each project, payable NET 30 days after each client payment on delivered products received at COMPANY's bank account.",100
3486,"MIDDLEBROOKPHARMACEUTICALS,INC_03_18_2010-EX-10.1-PROMOTION AGREEMENT",Renewal Term,"Unless terminated in  accordance with the provisions of Section 18, this Agreement shall automatically renew for each subsequent one-year  term.",20
11443,SEASPINEHOLDINGSCORP_10_10_2018-EX-10.1-SUPPLY AGREEMENT,Revenue/Profit Sharing,"Subject to Section 2.2(c), for so long as Agreement has not been converted to a non-exclusive arrangement pursuant to Section 3.2, Integra shall pay PcoMed a Fee of ***% of Net Sales of all Partially Treated Integra Product Sold by Integra or its Affiliates.",44
4355,PalmerSquareCapitalBdcInc_20200116_10-12GA_EX-10.6_11949289_EX-10.6_Trademark License Agreement,Anti-Assignment,Any purported transfer without such consent shall be void ab initio.,11
3821,SLINGERBAGINC_05_27_2020-EX-10.7-CONSULTING AGREEMENT,Change Of Control,"Upon any capital reorganization of the Company's capital stock (other than a subdivision, combination, reclassification or exchange of shares provided for elsewhere in this Section 2) or a merger or consolidation of the Company with or into another corporation, then as a part of such reorganization, merger or consolidation, provision shall be made so that the Holder shall thereafter be entitled to receive upon the exercise of this Warrant, the number and kind of securities and property of the Company, or of the successor corporation resulting from such reorganization, merger or consolidation, to which that Holder would have received for the Shares if this Warrant had been exercised immediately before such reorganization, merger or consolidation.",115
2299,NANOPHASETECHNOLOGIESCORP_11_01_2005-EX-99.1-DISTRIBUTOR AGREEMENT,Termination For Convenience,The initial term of this Agreement shall be for a period of five (5) years from the date first set forth above and shall thereafter automatically renew for additional two (2) year terms unless a party provides the other party with notice of non-renewal no less than 6 months prior to the expiration of the initial term or any renewal term unless earlier terminated as follows:,66
1718,ASPIRITYHOLDINGSLLC_05_07_2012-EX-10.6-OUTSOURCING AGREEMENT,Minimum Commitment,"In consideration of the agreement of the Contractor to provide its services as set forth in this  Agreement, the Company will pay the Contractor the following amounts:     (i) a monthly service fee of $7.50 per note based on the maximum number of notes outstanding during the  month, subject to a monthly minimum of $2,500;",54
1078,ENERGOUSCORP_03_16_2017-EX-10.24-STRATEGIC ALLIANCE AGREEMENT,Post-Termination Services,"Notwithstanding any statement in Section 15.3 to the contrary, upon any termination or expiration of this Agreement and until the later to occur of (i) [REDACTED DURATION] from the Effective Date or (ii) [REDACTED DURATION] following the effective date of termination or expiration of this Agreement (the ""Wind Down Period""), the parties' respective rights and obligations under Sections 2 (License), 3 (Sourcing), 7 (Product Sales), 9 (Royalties and Service Fees), 11 (Representations and Warranties; Disclaimers), 12 (Indemnification), 13 (Limitation of Liability), 14 (Compliance with Laws), 15.2 (Termination), 16 (Escrow) and all Exhibits hereto which are associated with any of the foregoing listed sections will remain in full force and effect as to (A) any Products or repackaged Product Die with respect to which DIALOG or any of its Affiliates has secured a design win at a customer prior to or within one (1) month after the start of the Wind Down Period, or (B) the sale of any MCMs which have been released for production at a foundry, provided, however, that DIALOG's license rights under Section 2.1 (including any sublicenses granted by DIALOG pursuant to Section 2.4) will be non-exclusive during the Wind Down Period.",193
11375,IdeanomicsInc_20160330_10-K_EX-10.26_9512211_EX-10.26_Content License Agreement,Cap On Liability,"EXCEPT FOR THE ABOVE INDEMNIFICATION OBLIGATIONS AND FOR BREACHES OF SECTION 14, NEITHER PARTY SHALL BE LIABLE TO THE OTHER FOR ANY INCIDENTAL, CONSEQUENTIAL, SPECIAL OR PUNITIVE DAMAGES ARISING OUT OF THIS AGREEMENT (INCLUDING, BUT NOT LIMITED TO, LOSS OF PROFITS), WHETHER IN AN ACTION OR ARISING OUT OF BREACH OF CONTRACT, TORT OR ANY OTHER CAUSE OF ACTION EVEN IF SUCH PARTY HAS BEEN ADVISED OF THE POSSIBILITY OF SUCH DAMAGES.",72
2974,"BELLICUMPHARMACEUTICALS,INC_05_07_2019-EX-10.1-Supply Agreement",Minimum Commitment,"Notwithstanding anything to the contrary in the foregoing, and for Calendar Year 2019 only, the €[...***...] amount recited as an element used to determine the Minimum Purchase in a Calendar Year is hereby reduced to €[...***...].",36
10603,PHLVARIABLEINSURANCECOCT_08_17_2009-EX-10.1-STRATEGIC ALLIANCE AGREEMENT,Cap On Liability,"Each PHL Party acknowledges that neither ICAS nor any of its Affiliates shall be  deemed to have guaranteed the profitability of the GIE or any volume of sales, and no indemnification shall arise in  connection with profitability of the GIE or volume of sales.",44
13795,KINGPHARMACEUTICALSINC_08_09_2006-EX-10.1-PROMOTION AGREEMENT,Covenant Not To Sue,"King recognizes Depomed's title to the Depomed Trademarks, and shall not at any time, during or after the Term, do or knowingly suffer to be done any act or thing which will in any way impair the rights of Depomed in or to the Depomed Trademarks.",46
2257,BIOCEPTINC_08_19_2013-EX-10-COLLABORATION AGREEMENT,License Grant,use in connection with the promotion and performance of the Tests in the Territory.,14
6258,"HOSPITALITYINVESTORSTRUST,INC_04_07_2014-EX-10.26-FRANCHISE AGREEMENT",Non-Compete,"5.1.15 not become a Competitor, or permit your Affiliate to become a Competitor, in the upscale hotel market segment, or any substantially equivalent market segment, as determined by Smith Travel Research (""STR"") (or, if STR is no longer in existence, STR's successor or other such industry resource that is as equally as reputable as STR);",55
10260,"INNOVIVA,INC_08_07_2014-EX-10.1-COLLABORATION AGREEMENT",Post-Termination Services,"So long as this Agreement remains in effect and for a period of one (1) year thereafter, neither GSK nor any of its Affiliates may make any public disclosure of any holdings of or disposition of beneficial ownership of Theravance voting securities unless such disclosure is approved in advance in writing by Theravance, such approval not to be unreasonably withheld or delayed.",62
3912,ENERGYXXILTD_05_08_2015-EX-10.13-Transportation AGREEMENT,Governing Law,"The validity, construction and performance of this Agreement shall be governed by the laws of the State of Texas, not including any of its conflicts of law rules that would direct or refer to the laws of another jurisdiction.",39
10897,GluMobileInc_20070319_S-1A_EX-10.09_436630_EX-10.09_Content License Agreement2,Exclusivity,"Licensee shall have the non-exclusive right and license to develop and distribute ICE AGE 2 Wireless Products during the Term of the Agreement for all Wireless Products set forth in this Paragraph 2(c) except the Game, for which Licensee shall have the exclusive right and license to develop and distribute until December 31, 2006.",54
3631,"SightLife Surgical, Inc. - STRATEGIC SALES _ MARKETING AGREEMENT",Expiration Date,"The Agreement shall commence on the Effective Date and, unless terminated earlier pursuant to this Agreement or extended by mutual agreement between the parties, shall continue in effect for thirty six (36) months following the Effective Date (the ""Term"").",39
56,"WHITESMOKE,INC_11_08_2011-EX-10.26-PROMOTION AND DISTRIBUTION AGREEMENT",Change Of Control,"[ * ] may terminate this Agreement immediately upon written notice if there is a Change of Control of [ * ]. In this  Clause the term ""Control"" shall mean the possession by any person(s) directly or indirectly of the power to direct or cause the direction  of another person and ""Change of Control"" is to be construed accordingly.",59
7621,XENCORINC_10_25_2013-EX-10.24-COLLABORATION AGREEMENT (3),Ip Ownership Assignment,XENCOR agrees to assign and hereby assigns to BII all right title and interest it may have in any BII Intellectual Property.,22
7906,MOSSIMOINC_04_14_2000-EX-10.14-ENDORSEMENT AGREEMENT,Anti-Assignment,"The rights granted Company hereunder are personal to it, shall be used only by it or its affiliate and shall not without the prior written consent of Licensor be transferred or assigned to any other party.",36
2786,AimmuneTherapeuticsInc_20200205_8-K_EX-10.3_11967170_EX-10.3_Development Agreement,Non-Compete,"Aimmune hereby covenants and agrees that it shall not (and shall cause the other Aimmune Agreement Entities not to), either directly or indirectly, 14

Source: AIMMUNE THERAPEUTICS, INC., 8-K, 2/5/2020





Develop, Manufacture, or Commercialize the Product for use outside the Licensed Field.",42
11551,"BERKELEYLIGHTS,INC_06_26_2020-EX-10.12-COLLABORATION AGREEMENT",Liquidated Damages,"In the event that a Party solicits and then hires an employee of the other Party in violation of this Section 14.4 (Non-Solicit), the hiring Party shall, [REDACTED AMOUNT], within [REDACTED AMOUNT] ([REDACTED AMOUNT]) days of such hire, pay the other Party an amount equal to the [REDACTED AMOUNT] cash compensation actually paid to the individual",52
13746,KINGPHARMACEUTICALSINC_08_09_2006-EX-10.1-PROMOTION AGREEMENT,Non-Compete,"Except as expressly contemplated by this Agreement (including Article XIII hereof) and subject to Section 13.1 hereof, King shall not promote, market or distribute any product containing metformin hydrochloride as the sole active ingredient in the Territory during the Term of this Agreement, other than the Product.",47
6739,Quaker Chemical Corporation - NON COMPETITION AND NON SOLICITATION AGREEMENT,Anti-Assignment,This Agreement shall be binding upon and inure to the benefit of the parties and their respective successors and permitted assigns; provided that this Agreement shall not be assignable or otherwise transferable by any party without the prior written consent of the other party (which consent shall not be unreasonably withheld or delayed) and any purported assignment or transfer without such consent shall be null and void.,67
8456,VirtuosoSurgicalInc_20191227_1-A_EX1A-6 MAT CTRCT_11933379_EX1A-6 MAT CTRCT_License Agreement,Minimum Commitment,Company shall pay to JHU minimum annual royalties as set forth in Exhibit A.,14
7678,NETGROCERINC_07_31_1998-EX-10.15-SPONSORSHIP AGREEMENT,Uncapped Liability,"EXCEPT UNDER SECTION 11(a), IN NO EVENT WILL EITHER PARTY BE LIABLE TO          THE OTHER FOR ANY SPECIAL, INCIDENTAL OR CONSEQUENTIAL DAMAGES,          WHETHER BASED ON BREACH OF CONTRACT, TORT (INCLUDING NEGLIGENCE) OR          OTHERWISE, WHETHER OR NOT THAT PARTY HAS BEEN ADVISED OF THE          POSSIBILITY OF SUCH DAMAGE. THE LIABILITY OF EXCITE FOR DAMAGES OR          ALLEGED DAMAGES HEREUNDER, WHETHER IN CONTRACT, TORT OR ANY OTHER          LEGAL THEORY, IS LIMITED TO, AND WILL NOT EXCEED, THE TOTAL AMOUNTS          PREVIOUSLY PAID OR TO BE PAID BY NETGROCER TO EXCITE HEREUNDER [REDACTED]",88
7022,"MEDALISTDIVERSIFIEDREIT,INC_05_18_2020-EX-10.1-CONSULTING AGREEMENT",Ip Ownership Assignment,"CONSULTANT acknowledges that all copyrightable Work Product which is capable of being classified as ""works made for hire"" under the U.S. Copyright Act of 1976, as amended, shall be deemed ""works made for hire"" and that the Company shall be the author of, and own all rights therein.",48
2326,AzulSa_20170303_F-1A_EX-10.3_9943903_EX-10.3_Maintenance Agreement1,Expiration Date,"The Agreement shall end on the End Date without any further action, unless otherwise provided under this Agreement.",18
8560,SmartRxSystemsInc_20180914_1-A_EX1A-6 MAT CTRCT_11351705_EX1A-6 MAT CTRCT_Distributor Agreement,Expiration Date,"This contract shall remain in effect initially for the five (5) year term (""Initial Term"") from the date signed and shall be automatically extended for one (1) year periods after the Initial Term (""Renewal Term"") unless (i) either party provides written notice of its intention not to renew the Agreement within 180 days prior to any Renewal Term; or (ii) this Agreement is otherwise terminated pursuant to the terms of this Section 12.",73
12039,NlsPharmaceuticsLtd_20200228_F-1_EX-10.14_12029046_EX-10.14_Development Agreement,Cap On Liability,"Either Party shall only be liable for direct losses incurred by the other Party as a direct consequence of a negligent or intentional breach of this Agreement by such liable Party, and shall not be liable for any punitive or indirect damages, losses caused by business interruptions, loss of revenues, loss of profit, damages and loss of goodwill, or any reputational damages, and both Parties waive any claims to such losses.",71
635,ZEBRATECHNOLOGIESCORP_04_16_2014-EX-10.1-INTELLECTUAL PROPERTY AGREEMENT,Expiration Date,"The term of this IP Agreement shall be from the Effective Date until all of the Intellectual Property licensed hereunder is in the public domain (provided, however, that in such event the representations and warranties in Article III shall survive (and terminate) in accordance with the Acquisition Agreement) or this IP Agreement is terminated pursuant to Section 4.3.",58
13817,PerformanceSportsBrandsInc_20110909_S-1_EX-10.10_7220214_EX-10.10_Endorsement Agreement,License Grant,"Subject to the terms set forth in this Agreement, North hereby grants to Company the right and privilege  to use North's Likeness and North's Endorsement during the Term and within the Contract Territory in all reasonable forms of advertising  including, but not limited to television (including the infomercial format), radio, print advertising, brochures, pamphlets, product packaging,  point-of-purchase materials, Company's  web-site and a demonstration video (hereinafter referred to as ""Advertising Materials"")  in connection with Company's advertisement and sale of the Endorsed Product only.",82
8595,"Reinsurance Group of America, Incorporated - A_R REMARKETING  AGREEMENT",Cap On Liability,"Notwithstanding the provisions of this Section 7(d), the  Remarketing Agent shall not be required to contribute any amount in excess of the total price at which Remarketing Securities distributed in the  Remarketing exceed the amount of any damages which the Remarketing Agent has otherwise paid or become liable to pay by reason of any untrue  or alleged untrue statement or omission or alleged omission.",64
6541,VALENCETECHNOLOGYINC_02_14_2003-EX-10-JOINT VENTURE CONTRACT,Insurance,The Joint Venture Company shall take out the required insurance from an insurance company or organization permitted by Chinese laws and regulations to provide such insurance.,26
13196,"SPIENERGYCO,LTD_03_09_2011-EX-99.5-OPERATIONS AND MAINTENANCE AGREEMENT",Renewal Term,"This Agreement shall be subject to an automatic extension for consecutive one (1) year periods  thereafter (each, an ""Extension Term"" and together with the Initial Term, the ""Term""), unless terminated (i) in accordance with its terms or (ii)  upon thirty (30) days' written notice by either Party to the other Party.",51
12137,BLUEFLYINC_03_27_2002-EX-10.27-e-business Hosting Agreement,License Grant,"IBM grants Customer a nonexclusive, revocable license to use the Base Components solely in connection with the Services as provided under this Agreement.",23
7809,NmfSlfIInc_20200115_10-12GA_EX-10.5_11946987_EX-10.5_Trademark License Agreement,Non-Transferable License,"Subject to the terms and conditions of this Agreement, the Licensor hereby grants to the Licensee, and the Licensee hereby accepts from the Licensor, a personal, non-exclusive, royalty-free right and license to use the Licensed Mark in the Territory solely and exclusively as a component of the Licensee's own company name and in connection with the Licensed Services and any business provided in conjunction therewith by such Licensee.",68
4111,"NETGEAR,INC_04_21_2003-EX-10.16-DISTRIBUTOR AGREEMENT",Cap On Liability,"Under no circumstances

INGRAM NETGEAR Distributor AGREEMENT     9                                083096

is NETGEAR liable for any third-party claims except for those described in this section and in the section entitled CLAIMS OF INFRINGEMENT.",31
2927,PacificapEntertainmentHoldingsInc_20051115_8-KA_EX-1.01_4300894_EX-1.01_Content License Agreement,License Grant,"PACIFICAP ENTERTAINMENT agrees to also allow THE HENRY FILM AND ENTERTAINMENT CORPORATION the right to redistribute, reproduce, retransmit, disseminate, sell, publish, broadcast or circulate the information contained in such PACIFICAP ENTERTAINMENT Content.",32
3356,DigitalCinemaDestinationsCorp_20111220_S-1_EX-10.10_7346719_EX-10.10_Affiliate Agreement,Ip Ownership Assignment,"Any and all data, information, and material created, conceived, reduced to practice, or developed by or on  behalf of either Party, whether alone, in connection with the other Party or any third party, including, without limitation, written works, processes,  methods, inventions, discoveries, software, works of visual art, audio works, look-and-feel attributes, and multimedia works, based on, using, or  derived from, in whole or in part, any NCM Property, whether or not done on NCM's facilities, with NCM's equipment, or by NCM personnel, and  any and all right, title, and interest therein and thereto (including, but not limited to, the right to sue for past infringement) (collectively, ""Derived  Works""), shall be owned solely and exclusively by NCM, and Network Affiliate agrees to and hereby does assign, transfer, and convey to NCM  (and will ensure than any third party acting with or on behalf of Network Affiliate assigns, transfers, and conveys to NCM any and all right, title, or  interest in or to any Derived Work which it may at any time acquire by operation of law or otherwise.",177
3467,ACCURAYINC_09_01_2010-EX-10.31-DISTRIBUTOR AGREEMENT,Cap On Liability,"Without affecting Section 10 or the respective obligations of the parties under the Confidentiality Agreement and except  for any liability (i) relating to any breach associated with the unauthorized use of Intellectual Property, (ii) arising from the  intentional breach or willful misconduct of a party, or (iii) arising from the non-compliance with any mandatory applicable law or  regulation, the total aggregate liability of one party to another party for any claim relating to any breach of this Agreement (or any  Purchase Order or other agreement entered into in connection with this Agreement) (a ""Claim"") shall be limited to the aggregate  amount of the purchase prices paid by Distributor to Accuray for Products pursuant to this Agreement (or any Purchase Order or  other Agreement entered into in connection with this Agreement) during the twelve calendar months preceding the date of the  notification to the other party of such Claim less any amounts paid or payable in respect of any other Claim of which the other party  was notified during such twelve month period.",172
13022,ParatekPharmaceuticalsInc_20170505_10-KA_EX-10.29_10323872_EX-10.29_Outsourcing Agreement,Audit Rights,The frequency of such audits as well as the response time with respect to audit findings shall be governed by the Quality Agreement.,23
12436,"CARDAX,INC_08_19_2014-EX-10.1-COLLABORATION AGREEMENT",Governing Law,This Agreement shall be governed by and interpreted in accordance under the laws of the State of New York.,19
3721,FUSIONPHARMACEUTICALSINC_06_05_2020-EX-10.17-Supply Agreement - FUSION,Anti-Assignment,"This Agreement shall inure to the benefit of and be binding upon the successors and assigns of the Parties hereto; provided, however, that neither Party shall transfer or assign this Agreement without the prior written consent of the other Party, such consent not to be unreasonably withheld, except where such assignment is by CPDC to any successor or subsidiary organization created within [REDACTED] of the Effective Date of this Agreement, which assignment may be completed without the prior written consent of FUSION.",82
2034,GopageCorp_20140221_10-K_EX-10.1_8432966_EX-10.1_Content License Agreement,Cap On Liability,EACH PARTY'S LIABILITY ARISING OUT OF OR RELATED TO THIS AGREEMENT WILL NOT EXCEED AN AMOUNT EQUAL TO THE AGGREGATE AMOUNTS PAID OR PAYABLE TO LICENSOR IN THE TWELVE (12) MONTHS PRECEDING THE COMMENCEMENT OF THE CLAIM.,37
10511,KitovPharmaLtd_20190326_20-F_EX-4.15_11584449_EX-4.15_Manufacturing Agreement,Insurance,"At the time of entering this Agreement, each Party shall be fully insured and shall duly maintain such insurance during the term of this Agreement and thereafter for so long as it customarily maintains insurance for itself for similar products and activities.",42
8265,AURASYSTEMSINC_06_16_2010-EX-10.25-STRATEGIC ALLIANCE AGREEMENT,Exclusivity,"In the event that Zanotti fails to secure purchases









  amounting to the Minimum Order for any particular period, the exclusive supplier rights granted pursuant to this Article 2 shall become non- exclusive commencing immediately following such period in which the Minimum Order was not achieved and Aura shall have full discretion to  purchase or otherwise obtain Product from sources other than Zanotti.",62
6459,"THERAVANCEBIOPHARMA,INC_05_08_2020-EX-10.2-SERVICE AGREEMENT",Termination For Convenience,"The Company may, in its sole and absolute discretion, terminate the Executive's employment under this Agreement at any time and with immediate effect by notifying the Executive that the Company is exercising its right under this clause 17 and that it will make a payment in l ieu of  not ice (""PILON"") to the Executive.",55
6311,FulucaiProductionsLtd_20131223_10-Q_EX-10.9_8368347_EX-10.9_Content License Agreement,License Grant,Producer further grants to ConvergTV the right and license to utilize any and all footage from the Program for promotional and marketing purposes related to the Distribution of the Program and for promotion of channels or other distribution methods.,39
5430,BUFFALOWILDWINGSINC_06_05_1998-EX-10.3-FRANCHISE AGREEMENT,Renewal Term,"Within ninety (90) days of our receipt of your notice to renew, we will furnish you with written notice of:  (i) reasons which could cause us not to grant a renewal to you including but not limited to any deficiencies which require correction and a schedule for correction by you; and (ii) our then-current requirements relating to the image, appearance, decoration, furnishing, equipping and stocking of Buffalo Wild Wings businesses, and a schedule for effecting upgrading or modifications in order to bring the Franchised Restaurant in compliance, as a condition of renewal.  Renewal of the franchise shall be conditioned upon your compliance with such requirements and continued compliance with all the terms and conditions of this Agreement up to the date of termination of the initial term.",127
12049,TEARDROPGOLFCO_10_23_1996-EX-10.12-ENDORSEMENT AGREEMENT,Governing Law,"This Agreement shall be governed by and construed in accordance with the laws of the Commonwealth of Virginia applicable to contracts entered into and wholly to be performed within the Commonwealth of Virginia and, in the event of any litigation arising out of this Agreement, venue shall be the Commonwealth of Virginia.",52
5419,HYPERIONSOFTWARECORP_09_28_1994-EX-10.47-EXCLUSIVE DISTRIBUTOR AGREEMENT,Cap On Liability,"DEVELOPER'S MAXIMUM LIABILITY HEREUNDER IS EXPRESSLY LIMITED TO THE LESSER OF: THE AMOUNT PAID UNDER THIS AGREEMENT BY DISTRIBUTOR TO DEVELOPER WITHIN THE SIX (6) MONTH PERIOD IMMEDIATELY PRECEDING THE CAUSE GIVING RISE TO THE CLAIM; OR FIVE HUNDRED THOUSAND DOLLARS ($5OO,000).",42
8741,"TURNKEYCAPITAL,INC_07_20_2017-EX-1.1-Strategic Alliance Agreement",Expiration Date,The term of this Agreement is twenty-four (24) months.,9
7980,GOLDRESOURCECORP_12_11_2008-EX-10.1-STRATEGIC ALLIANCE AGREEMENT,Rofr/Rofo/Rofn,"If the Company intends to authorize and/or issue equity securities that give rise to the rights of HOC pursuant to Section 4.1(a), the Company shall provide notice to HOC (the ""Rights Notice"") no less than ten (10) business days before the date on which the Company intends to issue equity securities giving rise to the rights of HOC in Section 4.1(a).",61
2223,INTERNATIONALFASTFOODCORP_04_04_1997-EX-99-FRANCHISE AGREEMENT,Audit Rights,BKC  shall  have  the unrestricted right to enter the Franchised Restaurant to conduct such reasonable activities as it deems  necessary to ascertain  compliance  with this Agreement.,26
12798,"GOOSEHEADINSURANCE,INC_04_02_2018-EX-10.6-Franchise Agreement",No-Solicit Of Employees,"Accordingly, you covenant and agree that, during the term of this Agreement and for a continuous period of two (2) years after the expiration or termination of this Agreement, and/or a transfer as contemplated in Section 16 above, you will not directly, indirectly, for yourself, or through, on behalf of, or in conjunction with any party, in any manner whatsoever, do any of the following:",65
12509,ArmstrongFlooringInc_20190107_8-K_EX-10.2_11471795_EX-10.2_Intellectual Property Agreement,Affiliate License-Licensor,"Subject to the terms and conditions of this Agreement, the Company hereby grants to Seller a perpetual, non- exclusive, royalty-free license in, to and under the Company Licensed Copyrights for use in the Arizona Field throughout the world.",38
3062,RUBIOSRESTAURANTSINC_03_31_2008-EX-10.75-SPONSORSHIP AGREEMENT,Insurance,"c. Sponsor must obtain, and continuously maintain, at its own expense, the following insurance policies:     1. Workers' Compensation in compliance with California's laws, including Employers' Liability with minimum limits of:   $ *** Each Accident; $ *** Disease - Each Employee; $ *** Disease - Policy Limit.

  2. An Insurance Services Office occurrence based Commercial General Liability Insurance Policy, including contractual liability and products/completed operations liability coverage with minimum limits of:

$ *** Each Occurrence; $ *** General Aggregate; $ *** Products/Completed Operations Aggregate.",83
10660,ADAPTIMMUNETHERAPEUTICSPLC_04_06_2017-EX-10.11-STRATEGIC ALLIANCE AGREEMENT,Joint Ip Ownership,"If Adaptimmune elects not to file in the United States or not to maintain an application or patent arising from any jointly-owned Invention, Adaptimmune will promptly notify MD Anderson within reasonable time for MD Anderson to file, prosecute or maintain such application or patent, and MD Anderson will have the right to file, prosecute or maintain such application or patent, at MD Anderson's expense. MD Anderson will keep Adaptimmune reasonably informed of all such material preparations, material filings, material prosecution, material maintenance, material enforcement and defense it makes in relation to any jointly-owned Invention.",94
1060,ENERGOUSCORP_03_16_2017-EX-10.24-STRATEGIC ALLIANCE AGREEMENT,License Grant,"To the extent the parties engage in any co-branding activities, then, subject to the terms and conditions of this Agreement and during the Term, each party (in such capacity, ""Licensor"") hereby grants to the other party (in such capacity, ""Licensee"") a non-exclusive, non- transferable, worldwide right and license (without the right to sublicense), under Licensor's Intellectual Property Rights in Licensor's Marks, to use those Marks of Licensor set forth in  Exhibit D solely in connection with the marketing, sale and distribution of such co-branded Products in accordance with this Agreement.",90
13218,SteelVaultCorp_20081224_10-K_EX-10.16_3074935_EX-10.16_Affiliate Agreement,Non-Compete,"Further, Marketing  Affiliate shall not market similar products from competing companies on any Web Site Landing Page containing the Equidata or Marketing Affiliate Web link as long as this Agreement is in effect.",33
7722,CoherusBiosciencesInc_20200227_10-K_EX-10.29_12021376_EX-10.29_Development Agreement,License Grant,"Licensee hereby grants to Bioeq during the term of this Agreement (and, subject to Section 15.3.4, after termination",18
12278,LiquidmetalTechnologiesInc_20200205_8-K_EX-10.1_11968198_EX-10.1_Development Agreement,Post-Termination Services,"In the event this Agreement expires or is terminated for any reason other than a breach by Eutectix, Liquidmetal shall purchase from Eutectix existing raw material inventory at the purchase price (including delivery charges) paid by Eutectix to its suppliers in connection with the Orders accepted by Eutectix hereunder.",49
8140,WOMENSGOLFUNLIMITEDINC_03_29_2000-EX-10.13-ENDORSEMENT AGREEMENT,Non-Disparagement,"conduct which could reasonably be expected to degrade          the Professional, devalue the services of the Professional or to          bring the Professional into public hatred, contempt, scorn or          ridicule, or that could reasonably be expected to shock, insult or          offend the community or to offend public morals or decency.",48
11312,ElPolloLocoHoldingsInc_20200306_10-K_EX-10.16_12041700_EX-10.16_Development Agreement,Expiration Date,"Notwithstanding any provision to the contrary contained herein, unless earlier terminated by either party, this Agreement shall expire on ______, 20___, and all rights of Developer herein shall cease and all unapplied or unused Development Fees paid pursuant to Section 3 hereof shall be forfeited to Franchisor.",47
1517,WPPPLC_04_30_2020-EX-4.28-SERVICE AGREEMENT,Termination For Convenience,15.2 The Company may in its sole and absolute discretion (whether or not any notice of termination has been given under sub clause 15.1) terminate this Agreement at any time and with immediate effect by giving notice in writing to the Executive that the Company is exercising its rights pursuant to this clause 15.,54
7016,"MEDALISTDIVERSIFIEDREIT,INC_05_18_2020-EX-10.1-CONSULTING AGREEMENT",Revenue/Profit Sharing,"REIT agrees to pay CONSULTANT the following consulting fees, for services performed by CONSULTANT:",14
7767,DIVERSINETCORP_03_01_2012-EX-4-RESELLER AGREEMENT,Volume Restriction,"Diversinet will arrange for the initial personal technical and sales instruction of up to three (3) Reseller personnel for up to five (5) days in  learning the functions, installation, integration, operation and maintenance of the Products.",36
4849,EdietsComInc_20001030_10QSB_EX-10.4_2606646_EX-10.4_Co-Branding Agreement,Non-Compete,"""Brought to you by...."") or fixed placement of 468x60 (top) and 125x365 (side) banners within eight (8) of the Content Features selected by eDiets; and (v) anchor sponsorship in any multi-sponsor Women.com promotion.",33
7824,"CURAEGISTECHNOLOGIES,INC_05_26_2010-EX-1-CORPORATE SPONSORSHIP AGREEMENT",Anti-Assignment,"Neither party may assign its rights or powers under this Agreement without the express written consent of the other, which consent shall",22
9381,NEONSYSTEMSINC_03_01_1999-EX-10.5-DISTRIBUTOR AGREEMENT_New,Post-Termination Services,"(e)  All valid Redistributor Agreements and Sublicenses by and between           Licensee and any Redistributors and Customers will remain and continue           in full force and effect for the remainder of their respective terms,           and at Licensor's option Licensee shall assign to Licensor its rights           in such agreements with respect to the Licensed Products or           Documentation; provided that if Licensor fails to provide reasonable           support to any Redistributor or Customer, Licensee may support such           Redistributor or Customer without payment of fees to Licensor.",81
12774,"GOOSEHEADINSURANCE,INC_04_02_2018-EX-10.6-Franchise Agreement",Renewal Term,"You will have the right to renew your rights to operate the Franchise Business for two (2) additional successor terms of five (5) years, so long as you have satisfied all of the conditions specified in Sections 2.2.1 through 2.2.10 before each such renewal: 2.2.1 You agree to give us written notice of your choice to renew at least six (6) months before the end of the term of this Agreement (but not more than nine (9) months before the term expires).",82
13297,PlayboyEnterprisesInc_20090220_10-QA_EX-10.2_4091580_EX-10.2_Content License Agreement_ Marketing Agreement_ Sales-Purchase Agreement1,Exclusivity,"Subject to Client's prior written approval in each case, EFS shall have the right to work  with Client's manufacturers for the production of Merchandise that will be designed and offered for sale exclusively via the  Playboy Commerce Business.",38
13072,JOINTCORP_09_19_2014-EX-10.15-FRANCHISE AGREEMENT,Change Of Control,"Accordingly, neither this Agreement nor any part of your interest in it, nor any Interest (as defined in Paragraph 14.2) of Franchise Owner or a Principal Owner, may be transferred (see definition below) without our advance written approval if such transfer will result in the Principal Owner(s) set forth in Exhibit 4 holding less than a seventy-five percent (75%) Interest in Franchise Owner.",63
10627,GluMobileInc_20070319_S-1A_EX-10.09_436630_EX-10.09_Content License Agreement3,Revenue/Profit Sharing,"In consideration of the rights granted to Licensee pursuant to this Amendment 2, Licensee shall pay to Fox, or such other party as Fox may designate in writing, a royalty in the following amount:

(a) From the first unit sold, Fox shall earn a royalty at the rate of ***** percent (*****%) of Licensee's Gross Receipts (as defined in the Agreement) from Licensee's sale and distribution of the IA2 Audio and Video Wireless Products.",74
11721,StampscomInc_20001114_10-Q_EX-10.47_2631630_EX-10.47_Co-Branding Agreement,Audit Rights,"MBE shall, at any time during the term of this Agreement, be entitled to audit all such records upon ten (10) days written notice to the Company, in order to confirm the accuracy of such records and conformance with the terms and conditions of this Agreement; provided, however, that no more than one (1) such audit may be conducted in any --------  ------- ninety (90)-day period.",66
644,ZEBRATECHNOLOGIESCORP_04_16_2014-EX-10.1-INTELLECTUAL PROPERTY AGREEMENT,Anti-Assignment,"If a Seller Party assigns or transfers any Licensed IP, the Seller shall (or shall cause the applicable Seller Party to) expressly condition such assignment or transfer on the express acknowledgement and agreement of the assignee or transferee that all such Licensed IP is bound by the license grants set forth herein.",52
2031,GopageCorp_20140221_10-K_EX-10.1_8432966_EX-10.1_Content License Agreement,Audit Rights,"Licensor will pay the cost of such audits unless an audit reveals a discrepancy in payment or reporting of five percent (5%) or more, in which case the Licensee shall reimburse the Licensor for the reasonable cost of the audit.",40
11497,"BERKELEYLIGHTS,INC_06_26_2020-EX-10.12-COLLABORATION AGREEMENT",Anti-Assignment,of such subcontracting Party (e.g. [REDACTED]) or (b) [REDACTED] (e.g. [REDACTED]) in order for a Party to [REDACTED].,18
6542,VALENCETECHNOLOGYINC_02_14_2003-EX-10-JOINT VENTURE CONTRACT,Insurance,"The Joint Venture Company, at its own expense, shall take out and maintain at all times during the Contract Term with insurance companies insurance against loss or damage by fire, natural disasters and other risks of types and in amounts as may be recommended by the CEO and decided by the Board of Directors.",54
11539,"BERKELEYLIGHTS,INC_06_26_2020-EX-10.12-COLLABORATION AGREEMENT",Post-Termination Services,"The Parties hereby acknowledge that, if this Agreement is terminated, then, depending on the manner of termination, Ginkgo may, as more fully set forth in Section 13.3 (Effects of Termination), be required to pay royalties to BLI with respect to Licensed Product, which royalties will be in line with BLI's then-standard commercial terms. In order for Ginkgo to more fully understand the royalty that may be owed to BLI in the event this Agreement is terminated, on an annual basis, starting at the end of the [REDACTED DURATION] Contract Year, BLI will provide Ginkgo, in writing, its then-current commercial terms with respect to royalties for the Licensed Products.",107
1980,ABILITYINC_06_15_2020-EX-4.25-SERVICES AGREEMENT,Ip Ownership Assignment,"All writings or works of authorship, including, without limitation, program codes or documentation, produced or authored by Provider in the course of performing services for the Recipient, together with any associated copyrights, are works made for hire and the exclusive property of the Recipient.",44
6224,"CANOPETROLEUM,INC_12_13_2007-EX-10.1-Sponsorship Agreement",Minimum Commitment,The Company shall produce no less than forty (40) original episodes of the Show per year,16
6359,MPLXLP_06_17_2015-EX-10.1-TRANSPORTATION SERVICES AGREEMENT,Minimum Commitment,"If Shipper makes a Pre-Service Increase Request, MPL shall notify Shipper of its new Quarterly Volume Commitment within thirty (30) days following receipt of Shipper's Pre-Service Increase Request, and Exhibit C shall be deemed revised to reflect Shipper's new volume commitment, which shall equal the sum of its original Capacity Request Form volume commitment and its Pre-Service Increase Request or its allocated portion thereof pursuant to this Section 3.9.",69
12698,EbixInc_20010515_10-Q_EX-10.3_4049767_EX-10.3_Co-Branding Agreement,Audit Rights,"About shall provide ebix with at least thirty (30) days' prior notice of an audit and such audit shall be conducted at ebix's offices for a maximum period of two business days, during regular business hours, subject to ebix's cooperation.",40
12450,"CARDAX,INC_08_19_2014-EX-10.1-COLLABORATION AGREEMENT",Insurance,"During the Term and for a period of two (2) years after the termination of the Agreement or the expiry date of the last batch manufactured whichever is later, thereafter, each Party shall obtain and maintain, at its sole expense adequate product liability insurance for the Product as it reasonably deems necessary and appropriate. Evidence of coverage, in the form of certificates of insurance, shall be provided promptly upon registration of the Product in given countries and as reasonably requested thereafter.",81
8541,InnerscopeHearingTechnologiesInc_20181109_8-K_EX-10.6_11419704_EX-10.6_Distributor Agreement,Minimum Commitment,Minimum Performance won't be determined until FDA 50k market clearance is obtained.,12
11404,BIOAMBERINC_04_10_2013-EX-10.34-DEVELOPMENT AGREEMENT (1),Audit Rights,"Such audit shall occur once per year  during reasonable business hours by an independent third party agreed to by both parties, who shall be under obligations of  confidentiality.",28
8464,VirtuosoSurgicalInc_20191227_1-A_EX1A-6 MAT CTRCT_11933379_EX1A-6 MAT CTRCT_License Agreement,Liquidated Damages,"COMPANY will pay JHU a fee equal one percent (1%) of the Aggregate Consideration received by the COMPANY, or the total amount received by stockholders of COMPANY, upon the occurrence of a Liquidity Event.",34
5490,BUFFALOWILDWINGSINC_06_05_1998-EX-10.3-FRANCHISE AGREEMENT,Audit Rights,"We will have the right to observe the manner in which you are rendering your services and conducting your operations, to confer with your employees and customers, and to select Menu Items, ingredients, food and",35
746,PfHospitalityGroupInc_20150923_10-12G_EX-10.1_9266710_EX-10.1_Franchise Agreement1,Renewal Term,"When this Agreement expires, you will have the option to continue the franchise relationship with us for two (2) additional terms of ten (10) years each.",26
1508,WPPPLC_04_30_2020-EX-4.28-SERVICE AGREEMENT,Non-Compete,"(a) as holder or beneficial owner (for investment purposes only) of any class of securities in a company if those securities are listed or dealt in on a Recognised Investment Exchange and the Executive (together with his spouse, children, parents and parents' issue) neither holds nor is beneficially interested in more than 1% of the securities of that class; or (b) with the consent in writing of the Company, which may be given subject to any terms which the Company requires.",81
10251,"INNOVIVA,INC_08_07_2014-EX-10.1-COLLABORATION AGREEMENT",Joint Ip Ownership,"In the event that the Agreement is terminated pursuant to Section 14.5, the following shall occur:",16
2618,FerroglobePlc_20150624_F-4A_EX-10.20_9154746_EX-10.20_Outsourcing Agreement,Termination For Convenience,"The Agreement rests, for all that, cancellable at any time by any of the parties before the expiry date of the Agreement or any of itsrenewals, upon three months prior written notice.",32
4485,"Magenta Therapeutics, Inc. - Master Development and Manufacturing Agreement",Cap On Liability,"CONFIDENTIAL TREATMENT REQUESTED. INFORMATION FOR WHICH CONFIDENTIAL TREATMENT HAS BEEN REQUESTED IS OMITTED AND MARKED WITH ""[REDACTED AMOUNT]"". AN UNREDACTED VERSION OF THE DOCUMENT HAS ALSO BEEN FURNISHED SEPARATELY TO THE SECURITIES AND EXCHANGE COMMISSION AS REQUIRED BY RULE 406 UNDER THE SECURITIES ACT OF 1933, AS AMENDED. CONTRACT LAW, TORTS OR ANY OTHER AREA OF LAW SHALL BE LIMITED TO THE AMOUNT [REDACTED AMOUNT].",63
3022,"BELLICUMPHARMACEUTICALS,INC_05_07_2019-EX-10.1-Supply Agreement",Warranty Duration,"perform, or have its Affiliate, Subcontractor, or Licensee (as the case may be) perform, incoming quality assurance testing on each shipment of Miltenyi Product in accordance with the Bellicum-approved quality control testing procedures as set forth in the Product Specifications or the Quality Agreement, as applicable (the ""Testing Methods""), to verify conformance with the Product Specifications.",56
4146,EcoScienceSolutionsInc_20171117_8-K_EX-10.1_10956472_EX-10.1_Endorsement Agreement,License Grant,"During the Term and subject to the limitations set forth in Paragraphs 9 and 10, ESSI shall have the right to use the name, image, likeness, characterization, visual and audio representation of Talent (""Talent Attributes"") in connection with the ESSI product suite, in the venue(s) as follows:

A. Promotional Territories (""Territories"") shall include various online, outdoor, radio and television promotional spots (specific promotional spots and content specifics to be mutually agreed upon) promoting the ESSI product suite (""Commercial Placements"") aired in various venues as determined to best suit the needed promotion of ESSI products;

B. On ESSI's downloaded apps (UseHerbo, Herbo Wallet, FitRx) and websites (www.useherbo.com; www.eccossi.com) (""Websites""), of which new ESSI owns and operates downloadable apps and websites may be added to this list at the will of ESSI; and

C. ESSI Natural Supplementation Products.

D. In ESSI product-related press releases (of which only ESSI may produce and publish).",150
2818,AimmuneTherapeuticsInc_20200205_8-K_EX-10.3_11967170_EX-10.3_Development Agreement,Post-Termination Services,"Upon expiration of this Agreement with respect to a Product in a country, the licenses granted to Aimmune pursuant to this Agreement shall continue in full force and effect on a fully-paid basis.",33
4863,EdietsComInc_20001030_10QSB_EX-10.4_2606646_EX-10.4_Co-Branding Agreement,Change Of Control,"For purposes of this Agreement, ""Change in Control"" means a merger or consolidation of the party with, or any sale of all or substantially all of the assets of such party to, any other person, corporation or entity, unless as a result of such merger, consolidation or sale of assets the holders of such party's voting securities prior thereto hold at least fifty percent (50%) of the total voting power represented by the voting securities of the surviving or successor corporation after such transaction.",84
13413,"MARSHALLHOLDINGSINTERNATIONAL,INC_04_14_2004-EX-10.15-ENDORSEMENT AGREEMENT",Change Of Control,"(ii) If the COMPANY ceases business or, other than in an Initial                Merger, sells a controlling interest to a third party, or agrees                to a consolidation or merger of itself with or into another                corporation, or enters into such a transaction outside

               of the scope of this Agreement, or sells substantially all of its                assets to another corporation, entity or individual outside of                the scope of this Agreement;",68
5660,SMITHELECTRICVEHICLESCORP_04_04_2012-EX-10.26-FLEET MAINTENANCE AGREEMENT,Termination For Convenience,"Following expiry of the initial period described in Clause 15 above, DCL or SEV giving not less than six months notice in  writing may terminate this Agreement.",27
9385,NEONSYSTEMSINC_03_01_1999-EX-10.5-DISTRIBUTOR AGREEMENT_New,Audit Rights,"Any such audit shall be





conducted during normal business hours, upon at least three business days prior written notification to the party to be audited stating the purpose of the audit",31
3576,AtnInternationalInc_20191108_10-Q_EX-10.1_11878541_EX-10.1_Maintenance Agreement,Non-Transferable License,"T&T grants to Vendor a license to access, use, and copy the AT&T Derived Data, with no right to grant sublicenses, solely for the performance of Vendor's obligations during the Term of this Agreement and solely in compliance with AT&T's privacy policies, including obligations relating to Customer Information.",48
4477,"Magenta Therapeutics, Inc. - Master Development and Manufacturing Agreement",License Grant,In the event that any Bachem Intellectual Property is incorporated into any,12
564,BONTONSTORESINC_04_20_2018-EX-99.3-AGENCY AGREEMENT,Insurance,"From and after the date of this Agreement, all such policies will also name Purchaser as an additional named insured or loss payee, as applicable (as its interest may appear).",30
3922,ENERGYXXILTD_05_08_2015-EX-10.13-Transportation AGREEMENT,Uncapped Liability,"EXCEPT WITH REGARD TO OBLIGATIONS TO INDEMNIFY A PARTY FOR CLAIMS MADE BY THIRD PARTIES, NEITHER PARTY SHALL BE LIABLE TO THE OTHER PARTY (OR ITS AFFILIATES) PURSUANT TO THIS AGREEMENT FOR ANY CONSEQUENTIAL, INCIDENTAL, INDIRECT, OR SPECIAL DAMAGES OR LOSSES OR ANY PUNITIVE, EXEMPLARY, TREBLE, OR SIMILAR DAMAGES ARISING OUT OF OR RELATING TO THIS AGREEMENT OR THE PERFORMANCE OF, OR FAILURE TO PERFORM, ITS OBLIGATIONS HEREUNDER, EVEN IF SUCH DAMAGES OR LOSSES ARE CAUSED BY THE SOLE, JOINT, OR CONCURRENT NEGLIGENCE, STRICT LIABILITY, OR OTHER FAULT OF THE PARTY WHOSE LIABILITY IS BEING WAIVED HEREBY.",97
3224,ANIXABIOSCIENCESINC_06_09_2020-EX-10.1-COLLABORATION AGREEMENT,Ip Ownership Assignment,"For each Lead Scaffold, if (a) neither Anixa nor any of its Affiliates, licensees or assignees has dosed the first patient in a human clinical trial for a product incorporating a compound from such Lead Scaffold by the fifth (5th) anniversary of the date of the Selection Notice, or (b) Anixa earlier provides written notice of termination of such Lead Scaffold referencing this Section 4.3, then such Lead Scaffold (each, a ""Terminated Scaffold"") will thereupon cease to be a Lead Scaffold under this Agreement and thereafter, notwithstanding anything to the contrary in this Agreement: (i) Anixa will promptly assign to OntoChem all right, title and interest in and to any patents and patent applications owned by Anixa that claim such Terminated Scaffold (including the composition, use or manufacture thereof) and, following such assignment, OntoChem will exclusively control the filing, prosecution, maintenance and enforcement of such patents and patent applications; (ii) the identity, structure and SAR information of such Terminated Scaffold will be deemed to be the Confidential Information of OntoChem; (iii) Anixa will not owe any further annual fees under Section 3.2 for such Terminated Scaffold; and (iv) this Agreement will otherwise remain in full force and effect.",198
8146,WOMENSGOLFUNLIMITEDINC_03_29_2000-EX-10.13-ENDORSEMENT AGREEMENT,Revenue/Profit Sharing,"If the Company elects to create and market the Products, the Company will pay to the Professional a ""Royalty Fee"" on the sales of Products during the Term, except as provided in the following sentence, of two percent (2%) of the ""Royalty Base,"" which Royalty Base shall be calculated as the wholesale selling price of all Products for which the Company actually receives the proceeds of such net of returns, allowances, discounts, shipping, taxes, insurance and credits.",77
1750,"OASYSMOBILE,INC_07_05_2001-EX-10.17-OUTSOURCING AGREEMENT",Minimum Commitment,Reseller must have a minimum of five (5) of its sales staff participate in the sales and marketing training in the first 6 months of this agreement.,27
8892,BIOPURECORP_06_30_1999-EX-10.13-AGENCY AGREEMENT,Cap On Liability,"The Customer's exclusive remedy for a breach of any of the foregoing warranties will be the replacement, at the delivery point thereof, freight prepaid, of any Product furnished hereunder that fails to meet the foregoing standards.",36
4297,MRSFIELDSORIGINALCOOKIESINC_01_29_1998-EX-10-FRANCHISE AGREEMENT,Rofr/Rofo/Rofn,"The  purchase  price  shall be paid in cash at the  closing  of the purchase, which shall take place no later than ninety (90) days after receipt by Franchisee  of Pretzel  Time's notice of exercise of this option to purchase the Unit, at which time Franchisee shall deliver instruments transferring to Pretzel Time or its assignee good and merchantable  title to the assets purchased,  free and clear of all liens and encumbrances  with all sales and other transfer taxes paid by  Franchisee,  and all  licenses  or  permits  of the Unit  which  may be assigned or transferred.",95
10362,WestPharmaceuticalServicesInc_20200116_8-K_EX-10.1_11947529_EX-10.1_Supply Agreement,Volume Restriction,"In accordance with the provisions of this Agreement, ExxonMobil Selling Affiliates agree to sell to Buyer Affiliates, and Buyer Affiliates agree to purchase from ExxonMobil Selling Affiliates, the following product(s) (collectively, ""Product""):

Products Quantity [Metric Tons / Year] Container PackageYear 2019 2020 2021 2022 2023 [REDACTED AMOUNT] [REDACTED AMOUNT] Minimum Maximum [REDACTED AMOUNT] [REDACTED AMOUNT] [REDACTED AMOUNT] [REDACTED AMOUNT] [REDACTED AMOUNT] [REDACTED AMOUNT] [REDACTED AMOUNT] [REDACTED AMOUNT] [REDACTED AMOUNT] [REDACTED AMOUNT] Leased metal crates",62
5177,"BABCOCK_WILCOXENTERPRISES,INC_08_04_2015-EX-10.17-INTELLECTUAL PROPERTY AGREEMENT between THE BABCOCK _ WILCOX COMPANY and BABCOCK _ WILCOX ENTERPRISES, INC.",Irrevocable Or Perpetual License,"RemainCo, for itself and as representative of all other members of the RemainCo Group, hereby grants to SpinCo (x) a perpetual, irrevocable, exclusive, royalty-free, worldwide right and license with the right to grant sublicenses (solely as set forth in Section 5.6) to use the RemainCo Know-How currently or previously used in connection with the SpinCo Business or otherwise in the possession of SpinCo or any member of the SpinCo Group as of the Distribution Date (the ""Licensed RemainCo Know-How""), for the continued operation of the SpinCo Business and any future extensions of the SpinCo Business in the SpinCo Core Field and (y) a perpetual, irrevocable, non-exclusive, royalty-free, worldwide right and license with the right to grant sublicenses (solely as set forth in Section 5.6) to use the Licensed RemainCo Know-How for the continued operation of the SpinCo Business and any future extensions of the SpinCo Business in any field other than the RemainCo Core Field or the SpinCo Core Field; provided, however, the foregoing licenses shall not extend to (i) RemainCo Know-How licensed by RemainCo or any other member of the RemainCo Group if and to the extent the licensing of same to SpinCo would constitute a breach of an agreement with any Third Party executed prior to the Effective Date or result in any expense to RemainCo or any member of the RemainCo Group for payments to such Third Party or (ii) any intellectual property not owned by one or more members of the RemainCo Group, or as to which no member of the RemainCo Group has the right to grant sublicenses, as of the Effective Date.",268
2268,BIOCEPTINC_08_19_2013-EX-10-COLLABORATION AGREEMENT,Uncapped Liability,"NEITHER PARTY SHALL BE ENTITLED TO RECOVER FROM THE OTHER PARTY ANY SPECIAL, INCIDENTAL, CONSEQUENTIAL OR PUNITIVE DAMAGES IN CONNECTION WITH THIS AGREEMENT OR ANY LICENSE GRANTED HEREUNDER; provided, however, that this Section shall neither (a) apply to any liability for damages arising from breach of any obligations of confidentiality under Article 10, nor (b) limit the indemnification obligations of the parties arising under Article 12 of this Agreement.",69
6899,"PHREESIA,INC_05_28_2019-EX-10.18-STRATEGIC ALLIANCE AGREEMENT",Audit Rights,The rights set forth in this Section 17.4(b) may not be exercised by an auditing Party more frequently than one (1) time in any twelve (12)-month period.,27
7778,DIVERSINETCORP_03_01_2012-EX-4-RESELLER AGREEMENT,Audit Rights,"In addition to any other rights of inspection, review and audit Licensee may have, Licensee or a person appointed by Licensee may, at any  reasonable time, on reasonable notice to Licensor, at Licensee's sole cost and expense, enter any location from or in which Licensor has  accessed, used or downloaded Personal Information to inspect, review and audit the equipment, systems (including without limitation security  systems), documents, processes and practices that are used in connection with the provision of the Services for the purpose of assessing  Licensor's compliance with this Privacy Exhibit. Licensor shall provide all reasonable assistance to Licensee in relation to any such  inspection, review and audit.",108
5473,BUFFALOWILDWINGSINC_06_05_1998-EX-10.3-FRANCHISE AGREEMENT,Ip Ownership Assignment,"You will take such action as may be necessary to cancel or assign to us or our designee, at our option, any assumed name rights or equivalent registration filed with state, city, or county authorities which contains the name ""Buffalo Wild Wings,"" ""bw-3"" or any Mark, and you will furnish us with evidence satisfactory to us of compliance with this obligation within thirty (30) days after termination or expiration of this Agreement.",72
10628,GluMobileInc_20070319_S-1A_EX-10.09_436630_EX-10.09_Content License Agreement3,License Grant,"Fox also grants Licensee a limited, non-exclusive right and license to distribute the following Wireless Products in connection with the Property ""ICE AGE 2"" outside of the United States: (A) 4 Scrat voicetones; (B) 1 John Leguizamo voicetone; and (C) 3 premium videos. (collectively, ""IA2 Audio and Video Wireless Products"")",50
11834,SANDRIDGEENERGYINC_08_06_2009-EX-10.6-OPERATIONS AND MAINTENANCE AGREEMENT,Audit Rights,"Owner will be responsible for all costs of any  such audit; provided that if, in any audit, Owner discovers overpayments by Owner of at least $250,000 in the aggregate (""Material  Overpayment""), Operator will reimburse Owner for such Material Overpayment and all reasonable costs incurred by Owner in connection with  such audit (""Audit Costs"").",53
1247,AlliedEsportsEntertainmentInc_20190815_8-K_EX-10.19_11788293_EX-10.19_Content License Agreement,Insurance,Each party agrees to carry liability insurance sufficient to cover the risks posed under this Agreement.,16
8768,IVILLAGEINC_03_17_1999-EX-10.16-SPONSORSHIP AGREEMENT,Audit Rights,All traffic reports shall be audited by the third party traffic auditor selected pursuant to Section 2.C.(ii).,17
5266,"Sonos, Inc. - Manufacturing Agreement ",Ip Ownership Assignment,"In addition, IAC shall secure any and all Intellectual Property Rights that may pertain to the Sonos Products that are created by such IAC Subcontractor, and hereby transfers and assigns all such Intellectual Property Rights",35
4310,MRSFIELDSORIGINALCOOKIESINC_01_29_1998-EX-10-FRANCHISE AGREEMENT,Anti-Assignment,Any Transfer  without such approval shall constitute a breach of this Agreement  and shall be void and of no  effect.,20
5705,"KUBIENT,INC_07_02_2020-EX-10.14-MASTER SERVICES AGREEMENT_Part1",Anti-Assignment,"Customer will not modify, translate, alter, tamper with, repair, or otherwise create derivative works of any software included in any Service; reverse engineer, disassemble, or decompile any software or Service or apply any other process or procedure to derive source code of any software included in any Service; or resell, transfer, assign, or use as a service bureau any Service",60
8476,"ROCKYMOUNTAINCHOCOLATEFACTORY,INC_12_23_2019-EX-10.2-STRATEGIC ALLIANCE AGREEMENT",Expiration Date,"The rights and obligations of the Farids Group set forth in this Article VI (other than those set forth in Sections 6.8 and 6.9) shall terminate on the date that the Farids Group owns less than 3% of the issued and outstanding Common Stock, but in no event earlier than the Expiration Date (as defined in the Warrant).",58
4768,PhasebioPharmaceuticalsInc_20200330_10-K_EX-10.21_12086810_EX-10.21_Development Agreement,Post-Termination Services,"In the event that SFJ terminates this Agreement pursuant to this Section 14.2.6, then, in exchange for purchasing the Trial Data Package including the Research Results included therein as set forth in Section 11.1.1.4, PB will pay to SFJ within [REDACTED DURATION] of the date of termination an amount equal to one hundred fifty percent (150%) of Development Costs which were paid or incurred by SFJ. PB or its successor (whose performance shall be guaranteed by PB) shall be obligated to continue to exercise Commercially Reasonable Effort to develop the Product and seek Regulatory Approval as set forth herein following the date of such termination including the Trial Data Package including the Research Results included therein as set forth in Section 11.1.1.4, PB shall remain obligated to pay any Approval Payments that become due and payable pursuant to ARTICLE 6 at such time as such Approval Payments become due and payable (if ever) pursuant to ARTICLE 6 (except to the extent of the amount of any Buy-Out Payment paid by PB pursuant to Section 6.7), provided that such Approval Payments (or Buy-Out Payment, as applicable) shall be adjusted as set forth in Section 6.2, and shall be reduced by the amount previously paid to SFJ as set forth in this Section 14.2.6.",211
3411,VERTICALNETINC_04_01_2002-EX-10.19-MAINTENANCE AND SUPPORT AGREEMENT,Cap On Liability,"IF A CLAIM OR CAUSE OF ACTION IS ATTRIBUTABLE TO A PRODUCT OR ANY SERVICES PROVIDED UNDER THE SUBSCRIPTION LICENSE AGREEMENT, THE REMEDIES SET FORTH IN THE SUBSCRIPTION LICENSE AGREEMENT, TO THE EXCLUSION OF THE REMEDIES SET FORTH IN THIS AGREEMENT, SHALL CONSTITUTE THE SOLE AND EXCLUSIVE REMEDIES AVAILABLE TO A PARTY FOR SUCH CLAIM OR CAUSE OF ACTION.",59
1650,SEPARATEACCOUNTIIOFAGL_05_02_2011-EX-99.(J)(4)-UNCONDITIONAL CAPITAL MAINTENANCE AGREEMENT,Expiration Date,"Unless earlier terminated in accordance with this paragraph 8, this        Agreement shall continue indefinitely.",14
5428,BUFFALOWILDWINGSINC_06_05_1998-EX-10.3-FRANCHISE AGREEMENT,Expiration Date,"The term of this Agreement is for ten (10) years commencing on the date of this Agreement, unless terminated as provided by this Agreement.",24
11150,Monsanto Company - SECOND A_R EXCLUSIVE AGENCY AND MARKETING AGREEMENT ,Non-Compete,"A Competitive Business shall be any business which, anywhere within the Included Markets, (x) manufactures, sells, markets or",18
5820,VIOLINMEMORYINC_12_12_2012-EX-10.14-SPONSORSHIP AGREEMENT,License Grant,"Term to use, reproduce and display the Sponsor Marks in connection with advertising and promotion of Sponsor and its sponsorship.",20
1998,ELECTRAMECCANICA VEHICLES CORP. - Manufacturing Agreement,Minimum Commitment,"Under this Agreement, subject to Manufacturer meeting EMV's requirements for quality, price and lead-time and being granted the manufacturing license hereunder, the minimum purchase volume of the Product (Solo) is 50,000 units within the period of three (3) years (calendar year of 2018, 2019, 2020).",45
1695,FuseMedicalInc_20190321_10-K_EX-10.43_11575454_EX-10.43_Distributor Agreement,Post-Termination Services,"At the Supplier's option, on termination of this agreement:

(a) the Supplier may buy from the Distributor all or any stocks of Products for the current market value for those Products. The Distributor must deliver such Products to the Supplier within 14 days of receiving the Supplier's notice, and the Supplier must pay for the Products in full within 30 days of their delivery. The Supplier shall be responsible for the costs of packaging, insurance and carriage of the Products; or

(b) the Distributor may dispose of the balance of the Products in its possession and account to the Supplier for the Price for those Products;",106
10261,"INNOVIVA,INC_08_07_2014-EX-10.1-COLLABORATION AGREEMENT",Post-Termination Services,"In the event that this Agreement is terminated by Theravance pursuant to Section 14.2 for material breach by GSK:   (i) GSK shall, at its sole expense, promptly transfer to Theravance copies of all data, reports, records and materials in its possession or control that relate to the Theravance Compounds and return to Theravance, or destroy at Theravance's request, all relevant records and materials in its possession or control containing Confidential Information of Theravance (provided that GSK may keep one copy of such Confidential Information of Theravance for archival purposes only in accordance with Section 10.1). (ii) GSK shall, at its sole expense, transfer to Theravance, or shall cause its designee(s) to transfer to Theravance, ownership of all regulatory filings made or filed for any Collaboration Product that contains a LABA as a single agent (to the extent that any are held in GSK's or such designee(s)'s name), and such transfer to be as permitted by applicable Laws and regulations; otherwise GSK shall cooperate as necessary to permit Theravance to exercise its rights hereunder.",173
945,SENMIAOTECHNOLOGYLTD_02_19_2019-EX-10.5-Collaboration Agreement,Liquidated Damages,"The following acts constitute Class B breaches. In the event of any breach below by Party B, Party B shall immediately remedy the breach, and Party A is entitled to request Party B to pay the liquidated damages of an amount from RMB1,000 (RMB ONE THOUSAND) to RMB 5,000 (RMB FIVE THOUSAND) based on the consequences of the breach, and send the Confirmation Letter on the Breach of the Partner of Xiaoju Online Ride-hailing Marketplace to Party B.",78
12423,XYBERNAUTCORP_07_12_2002-EX-4-SPONSORSHIP AGREEMENT,License Grant,"XC does hereby  grant AJR a limited and  non-transferable  license and  non-exclusive  right to use XC's logo and  trademarks and service marks set forth on Schedule A attached hereto (the ""Licensed  Materials"")  during the Term of this Agreement.",38
4252,AMBASSADOREYEWEARGROUPINC_11_17_1997-EX-10.28-ENDORSEMENT AGREEMENT,License Grant,"Upon the terms and conditions set forth in this Agreement, KI, Inc. hereby grants to Diplomat and Diplomat hereby accepts the right, license and privilege of utilizing KI's name and likeness solely upon and in connection with the manufacture, sale and distribution of the following products:

                        (1) sunglasses, eyeglasses, readers and ophthalmic frames;",53
1218,ImpresseCorp_20000322_S-1A_EX-10.11_5199234_EX-10.11_Co-Branding Agreement,Covenant Not To Sue,Except for claims under Sections 9.4  [INDEMNIFICATION BY IMPRESSE] and 9.5  [INDEMNIFICATION BY VERTICALNET],14
4735,PhasebioPharmaceuticalsInc_20200330_10-K_EX-10.21_12086810_EX-10.21_Development Agreement,Change Of Control,"To exercise its right to make the Change of Control Buy-Out Payment, PB or its successor shall provide written notice to SFJ (the ""Change of Control Buy-Out Notice"") no later than [REDACTED] after the date of closing of such Change of Control, which written notice shall set forth the amount of the applicable Change of",55
7768,DIVERSINETCORP_03_01_2012-EX-4-RESELLER AGREEMENT,License Grant,"Subject to payment of the Annual Minimum Commitment (""AMC""  - defined herein), Diversinet hereby grants to Reseller an exclusive, non- transferable and non-assignable right to market, sell, and sub-license those Diversinet products listed in Schedule 2 (the ""Products"") within the  territory listed in Schedule 3 (the ""Territory"") to Canadian headquartered companies, and governmental and broader public sector entities located  in Canada.",61
1327,SouthernStarEnergyInc_20051202_SB-2A_EX-9_801890_EX-9_Affiliate Agreement,Governing Law,"Even in case of agreements with foreign (non-German) Software Publishers and Affiliates, the law of the Federal Republic of Germany applies.",21
2498,N2KINC_10_16_1997-EX-10.16-SPONSORSHIP AGREEMENT,Minimum Commitment,"If Excite fails to deliver the guaranteed number of                   Impressions on the Excite Site during the first year, Excite                   will use commercially reasonable efforts to ""make good"" the                   shortfall.",29
9384,NEONSYSTEMSINC_03_01_1999-EX-10.5-DISTRIBUTOR AGREEMENT_New,Audit Rights,"During the term of this Agreement and the five (5) year period immediately following termination of this Agreement, Licensor will have the right, at its own expense, to audit and examine Licensees records concerning either (a) the reproduction and sublicensing of the Licensed Products and the resulting fees due to Licensor or (b) compliance by Licensee with its obligations as to confidentiality under this Agreement.",65
16,LIMEENERGYCO_09_09_1999-EX-10-DISTRIBUTOR AGREEMENT,No-Solicit Of Customers,"Term of the  Agreement  and for a period of  eighteen





                           (18) months thereafter,  nor will Distributor solicit                            any  customer  or  potential  customer  of Company to                            purchase a competitive product during that period.",32
2524,NUVEEN - REMARKETING AGREEMENT,Audit Rights,"The Remarketing Agent shall keep such books and records with respect to the performance of its duties hereunder as shall be consistent with prudent industry practice and shall, to the extent permitted by law, make such books and records available for inspection by the Fund on reasonable notice during normal business hours.",52
2002,ELECTRAMECCANICA VEHICLES CORP. - Manufacturing Agreement,Non-Transferable License,"Subject to the terms of this Agreement, subject to Manufacturer meeting EMV's requirements for quality, price and lead- time, EMV hereby grants Manufacturer an exclusive, non-transferable, license (without the right to sublicense) under EMV's Proprietary Rights in the Territory, during the term of this Agreement, to use the Specifications solely for the purpose of manufacturing the Products to fulfil Purchase Orders for EMV.",63
9524,WatchitMediaInc_20061201_8-K_EX-10.1_4148672_EX-10.1_Content License Agreement,Liquidated Damages,"In the event that Oceanic Time Warner Cable removes the above content and or terminates this agreement prior to December 31, 2006, Oceanic Time Warner Cable agrees to pay a cancellation fee of Five Thousand Dollars ($5,000) per month multiplied by the number of months remain on the agreement.",49
4316,MRSFIELDSORIGINALCOOKIESINC_01_29_1998-EX-10-FRANCHISE AGREEMENT,Ip Ownership Assignment,"Franchisee assigns to Pretzel  Time or its designee all of  Franchisee's  right,  title and interest  in and to any and  all  such  Promotional  Allowances  and  authorizes Pretzel  Time or its  designee to collect any such  Promotional  Allowances  for remission to the general operating funds of Pretzel Time.",47
13807,PerformanceSportsBrandsInc_20110909_S-1_EX-10.10_7220214_EX-10.10_Endorsement Agreement,Governing Law,"The Agreement shall be governed by and construed under the laws of the State of Florida in the United States of America,  and venue for any such legal action shall be in the Circuit Court or County Court in Orlando, FL or the U.S. District Court having jurisdiction  over Orlando, FL.",51
2240,BIOCEPTINC_08_19_2013-EX-10-COLLABORATION AGREEMENT,Expiration Date,"The term of this Agreement will commence on the Effective Date and continue for a period of three (3) years after the Effective Date (the ""Initial Term"").",27
694,ChinaRealEstateInformationCorp_20090929_F-1_EX-10.32_4771615_EX-10.32_Content License Agreement,Affiliate License-Licensee,"Notwithstanding anything in this Agreement to the contrary, Licensee has no right to sublicense any rights granted hereunder to any third  party, or otherwise permit any third party to use any Licensed Domain Names or Licensed Content; provided, however, that any rights granted to  Licensee hereunder shall be sublicensable, without the prior written consent of Licensor, to SINA Leju and Licensee's Affiliates that are controlled  by SINA Leju solely for the purpose of operating the Business during the Term.",79
1665,GridironBionutrientsInc_20171206_8-K_EX-10.2_10972556_EX-10.2_Endorsement Agreement,Revenue/Profit Sharing,A *donation of $0.05 per Unit sold of Licensed Products within the Contract Territory payable to the **NFL Alumni Northern California Chapter.,22
11480,"BERKELEYLIGHTS,INC_06_26_2020-EX-10.12-COLLABORATION AGREEMENT",Renewal Term,"This Agreement shall commence on the Effective Date and, unless sooner terminated in accordance with its terms, including by Ginkgo pursuant to Section 7.3 (Buy-Down Election) or extended by the mutual written agreement of the Parties, shall continue until the Intended End of Term (such time period, as may be extended pursuant to this Section 13.3.1 (Term - General), the ""Term""); provided that, if,",64
13219,SteelVaultCorp_20081224_10-K_EX-10.16_3074935_EX-10.16_Affiliate Agreement,No-Solicit Of Customers,Marketing Affiliate shall not directly or indirectly solicit an existing business customer of  Equidata during the term and condition of this Agreement other than for joint marketing purposes.,28
9281,BNLFINANCIALCORP_03_30_2007-EX-10.8-OUTSOURCING AGREEMENT,Expiration Date,"The initial term (""Initial Term"") of this Agreement shall be for one year commencing on the 1st day of May, 2006 (""Effective Date"").",23
2076,FreezeTagInc_20180411_8-K_EX-10.1_11139603_EX-10.1_Sponsorship Agreement,License Grant,"The Company grants the Association a non-exclusive, limited, revocable and conditional license during the term to use the Company Marks, solely to identify Company as a supporter of the Association.",30
4831,"KUBIENT,INC_07_02_2020-EX-10.14-MASTER SERVICES AGREEMENT_Part2",No-Solicit Of Customers,"During the Term and any renewal terms of the Agreement, and for a period of one (1) year following the expiration or earlier termination thereof, Customer agrees not to work with, directly or indirectly, any Third-Party that Customer comes to know through disclosure by Kubient as part of the Services, without the express written consent of Kubient and compensation to Kubient under the applicable exhibit and/or schedule.",67
2989,"BELLICUMPHARMACEUTICALS,INC_05_07_2019-EX-10.1-Supply Agreement",License Grant,"The supply of the Miltenyi Products hereunder conveys to Bellicum the limited, non-exclusive, non-transferable (except as expressly provided herein, including as set forth in Article 17) right to use, and to permit its Subcontractors and Licensees to use the Miltenyi Products solely for Ex Vivo Cell Processing in the manufacture of Bellicum Products for use in the Field in the Territory (including for research, pre-clinical, clinical, regulatory and commercial purposes), in accordance with applicable Regulatory Authority requirements and approvals (including (to the extent applicable) any relevant clinical trial protocol, IND, and/or IRB approval pertaining to such Bellicum Products), in each case consistent with the terms and conditions of this Agreement and in accordance with Applicable Laws (the ""Permitted Use""). Bellicum's Permitted Use of the Miltenyi Products shall be limited to the Designated Countries, subject to Section 2.3.",137
5352,"VAPOTHERM, INC. - Manufacturing and Supply Agreement",Insurance,"At the request of Medica from time to time, Vapotherm shall famish Medica with certification of insurance evidencing that insurance and shall endeavour to provide at least [* * *] Business Days prior written notice to Medica of any cancellation of or decrease in the amount of coverage provided by any such policy.",53
871,CORIOINC_07_20_2000-EX-10.5-LICENSE AND HOSTING AGREEMENT,Warranty Duration,"In addition,         Commerce One warrants that during the Warranty Period the Software and         MarketSite.net Service is free of any willfully introduced computer         virus, or any other similar harmful, malicious or hidden program or         data, which is designed to disable, erase, or alter the Software, or any         other files, data, or software.",51
12144,BLUEFLYINC_03_27_2002-EX-10.27-e-business Hosting Agreement,Cap On Liability,It is the cumulative maximum for which IBM       and its Affiliates and Subcontractors are collectively responsible.,16
5817,VIOLINMEMORYINC_12_12_2012-EX-10.14-SPONSORSHIP AGREEMENT,Anti-Assignment,"Sponsor shall have no right to assign any right granted hereunder to use Team Marks, or any other Sponsorship Rights granted hereunder, to any third party, except as otherwise explicitly set forth herein.",33
10841,RemarkHoldingsInc_20081114_10-Q_EX-10.24_2895649_EX-10.24_Content License Agreement,Anti-Assignment,"Except as set forth herein, the parties shall not have any right or ability to assign, transfer, or sublicense any obligations or benefit under this Agreement without the prior written consent of the other party, which shall not be unreasonably withheld, except that, upon written notice to the other party, a party (i) may assign and transfer this Agreement and its rights and obligations hereunder to any third party who succeeds to substantially all its business, stock, or assets related to this Agreement, including, without limitation, to a Competitor (as defined below) (an ""Acquisition""); and (ii) may assign or transfer any rights to receive payments hereunder.",106
7694,CoherusBiosciencesInc_20200227_10-K_EX-10.29_12021376_EX-10.29_Development Agreement,Exclusivity,"Subject to the provisions of this Agreement, Bioeq hereby grants to Licensee an exclusive (even as to Bioeq), milestone- and royalty-bearing, non-transferable license (including the right to grant sublicenses only to the extent permitted by Section 2.1.2) under the Licensed Technology (including the Licensed Patents) to use, sell, have sold, import, have imported or otherwise Commercialize the Licensed Products in the Field in the Territory.",65
9135,"ARMSTRONGFLOORING,INC_01_07_2019-EX-10.2-INTELLECTUAL PROPERTY AGREEMENT",Irrevocable Or Perpetual License,"Subject to the terms and conditions of this Agreement, the Company hereby grants to Seller a perpetual, non-exclusive, royalty-free license in, to and under the Company Licensed Patents for use in the Arizona Field throughout the world.",37
11440,SEASPINEHOLDINGSCORP_10_10_2018-EX-10.1-SUPPLY AGREEMENT,Exclusivity,"Subject to the terms and conditions of this Agreement, PcoMed hereby grants to Integra and its Affiliates a sole and exclusive worldwide right to sell and commercialize Integra Products treated by PcoMed, with the PcoMed Surface Modification Technology (the ""Right"") for use in the Field in the Territory, including the right to conduct research and development in support of any of the foregoing.",63
2975,"BELLICUMPHARMACEUTICALS,INC_05_07_2019-EX-10.1-Supply Agreement",Minimum Commitment,"In addition, the Parties shall from time to time discuss in good faith and mutually and reasonably agree upon (i) whether one or more Miltenyi Products require a minimum inventory to be held by Bellicum, and (ii) whether there shall be any type of Miltenyi Product that require a minimum inventory to be held by Miltenyi on behalf of Bellicum and under which terms and conditions such minimum inventory shall be reserved for Bellicum.",74
38,LIMEENERGYCO_09_09_1999-EX-10-DISTRIBUTOR AGREEMENT,Warranty Duration,The Company reserves the                   right to reject any Products  that are not factory  sealed and                   in new and unused  condition.,20
2163,WEBHELPCOMINC_03_22_2000-EX-10.8-HOSTING AGREEMENT,Cap On Liability,"In the event that the Software or eGain System is not Year 2000 Compliant, Customer's sole and exclusive remedy and eGain's sole and exclusive liability shall be for eGain, at no additional cost to Customer, to promptly modify the Software or the eGain System so that the Software or eGain System is Year 2000 Compliant.",55
11170,Monsanto Company - SECOND A_R EXCLUSIVE AGENCY AND MARKETING AGREEMENT ,Rofr/Rofo/Rofn,"For a period of sixty (60) days from the last date of receipt by the Agent of the Roundup Sale Notice and any related Roundup Offering Materials as set forth in Section 10.6(a)(ii) (the ""Exclusive Roundup Sale Period""), Monsanto agrees to negotiate in good faith with the Agent on an exclusive basis with respect to any potential Roundup Sale.",59
7689,CoherusBiosciencesInc_20200227_10-K_EX-10.29_12021376_EX-10.29_Development Agreement,Governing Law,"This Agreement shall be governed by and construed in accordance with the laws of [REDACTED], without regard to the conflicts of law principles thereof, and [REDACTED].",26
2139,TELEGLOBEINTERNATIONALHOLDINGSLTD_03_29_2004-EX-10.10-CONSTRUCTION AND MAINTENANCE AGREEMENT,Post-Termination Services,"The remaining Parties to this Agreement shall assume the obligations, capital, operation, and maintenance interests of the Party terminating its participation in proportion to their interests assigned immediately preceding such effective date of termination, except for the continuing rights and obligations of the terminating Party as specified in Subparagraph 18.7 of this Agreement.",53
3413,VERTICALNETINC_04_01_2002-EX-10.19-MAINTENANCE AND SUPPORT AGREEMENT,Cap On Liability,"TO THE MAXIMUM EXTENT PERMITTED BY LAW, THE MAXIMUM LIABILITY OF EACH PARTY TO THE OTHER OR TO ANY THIRD PARTY FOR DAMAGES, IF ANY, RELATING TO THIS AGREEMENT OR ANY MAINTENANCE UPDATE, ENHANCEMENT OR SERVICES PROVIDED OR TO BE PROVIDED HEREUNDER, WHETHER FOR BREACH OF CONTRACT OR WARRANTY, STRICT LIABILITY, NEGLIGENCE OR OTHER TORT, STRICT PRODUCT LIABILITY, THE FAILURE OF ANY LIMITED REMEDY TO ACHIEVE ITS ESSENTIAL PURPOSE, OR OTHERWISE, SHALL NOT EXCEED (I) WITH RESPECT TO ANY ENHANCEMENT PROVIDED HEREUNDER, THE AMOUNTS PAID BY CONVERGE TO VERT FOR SUCH ENHANCEMENT, AND (II) WITH RESPECT TO ANY MAINTENANCE AND SUPPORT SERVICES, THE AMOUNTS PAID BY",106
12143,BLUEFLYINC_03_27_2002-EX-10.27-e-business Hosting Agreement,Cap On Liability,"Regardless of the basis on which Customer is entitled to claim damages from IBM (including fundamental breach, negligence, misrepresentation, or other contract or tort claim), IBM is liable for no more than:

a.    indemnification payments as provided in Section 8.1;

b.    damages for bodily injury (including death) and damage to real property       and tangible personal property; and

c.    the amount of any other actual direct damages, up to the greater of       $100,000 or the charges paid by Customer to IBM for the Services in the       twelve (12) months immediately preceding the accrual of the first claim       related to the Services.",100
11193,Monsanto Company - SECOND A_R EXCLUSIVE AGENCY AND MARKETING AGREEMENT ,Revenue/Profit Sharing,"In the event that in the normal course of business the Agent determines based on satisfactory evidence that a material amount of additional Roundup Ag Products, above Program Year 2016 sales levels (such amount, the ""Historical Threshold""), are being sold directly by Monsanto (or directly by any successor entity which holds the rights to manufacture, sell or commercialize the Roundup Pro SKU) through Lawn and Garden Channels in the Included Markets, the parties shall negotiate in good faith to include, subject to the principles set forth in Section 3.8(d), an appropriate percentage of such incremental sales that exceed the Historical Threshold to reflect such Lawn and Garden Use within the definition of Program Sales Revenues so that the Agent receives credit therefor for purposes of calculating the Agent's Commission, or such other compensation as required to fully compensate the Agent for lost Commission as a result of such sales of Roundup Ag Products above the Historical Threshold as the Parties may agree (collectively, the ""Additional Amount"").",166
5161,"BABCOCK_WILCOXENTERPRISES,INC_08_04_2015-EX-10.17-INTELLECTUAL PROPERTY AGREEMENT between THE BABCOCK _ WILCOX COMPANY and BABCOCK _ WILCOX ENTERPRISES, INC.",License Grant,"of the SpinCo Group, hereby grants to RemainCo (x) a perpetual, irrevocable, exclusive, royalty-free, worldwide right and license to use the Foundational Software, including any Intellectual Property embodied therein, for the continued operation of the RemainCo Business and any future extensions of the RemainCo Business in the RemainCo Core Field and (y) a perpetual, irrevocable, non-exclusive, royalty-free, worldwide right and license to use the Foundational Software, including any Intellectual Property embodied therein, for the continued operation of the RemainCo Business and any future extensions of the RemainCo Business in any field other than the SpinCo Core Field or the RemainCo Core Field.",102
6307,FulucaiProductionsLtd_20131223_10-Q_EX-10.9_8368347_EX-10.9_Content License Agreement,License Grant,"For the License Term and within the Licensed Territory, Producer hereby grants to ConvergTV a right and license to Distribute the program, file or video listed on the Deal Terms above (the ""Program"") consisting of",35
10329,MANAKOASERVICESCORP_11_21_2007-EX-7.5-STRATEGIC ALLIANCE AGREEMENT,Rofr/Rofo/Rofn,"MKOS will have 30-days from receipt of information to determine if they wish to go forward with the technology license. UTEK, after 30 days, shall have the right to present the technology to other clients.",35
2867,HEALTHGATEDATACORP_11_24_1999-EX-10.1-HOSTING AND MANAGEMENT AGREEMENT (1),Post-Termination Services,"Developing, together with the Publishers, a plan for the                     orderly transition of Services (""Transition Plan"") then                     being performed by HealthGate from HealthGate to the                     Publishers or such successor provider of Services.",31
5325,"ASHWORTHINC_01_29_1999-EX-10.(D)-PROMOTION AGREEMENT AND NANTZ COMMUNICATIONS, INC.",Volume Restriction,"Nantz agrees to be available      for up to four photography sessions (2  in Southern California during the      week and 2 to be at Nantz's site locations or tournaments), two speaking      engagements, and three store appearances each Contract Year, at times and      places mutually convenient for Nantz and the Company but in no event at      times which adversely impact on the schedules of Nantz Communications or      Nantz.",66
11535,"BERKELEYLIGHTS,INC_06_26_2020-EX-10.12-COLLABORATION AGREEMENT",Irrevocable Or Perpetual License,"(c) the licenses granted to Ginkgo from BLI in Section 9.1.1 (Scope of Grants) and 9.1.2 (License Grant to Exploit [REDACTED]) shall survive and become perpetual, irrevocable and, subject to clause (f) of this Section 13.3.2, royalty-free;",37
5753,NeoformaInc_19991202_S-1A_EX-10.26_5224521_EX-10.26_Co-Branding Agreement,Ip Ownership Assignment,"VerticalNet shall register and own the domain name and the URL used in connection with the Co-Branded Training and Education Center, subject, however, to Neoforma's agreement on the name to be used for the URL, which domain name and URL shall be mutually agreed upon by the Parties.",48
9085,UAGHINC_04_14_2004-EX-10.18-MAINTENANCE AGREEMENT,Notice Period To Terminate Renewal,This Agreement will extend automatically for monthly periods unless either party to this Agreement notifies the other party in writing at least thirty (30) days before the expiration of the then current term.,33
1269,CreditcardscomInc_20070810_S-1_EX-10.33_362297_EX-10.33_Affiliate Agreement,Cap On Liability,"Further, Chase's aggregate liability arising under or with respect to this Agreement or the Affiliate Program shall in no event exceed the total Commissions paid or payable by Chase to Affiliate under this   Agreement.",34
2804,AimmuneTherapeuticsInc_20200205_8-K_EX-10.3_11967170_EX-10.3_Development Agreement,Ip Ownership Assignment,"The Aimmune Know- How shall be transferred pursuant to the procedure to transfer Xencor Know-How, Regulatory Materials, and Regulatory Data in Section 2.7 applied mutatis mutandis.",26
7988,GOLDRESOURCECORP_12_11_2008-EX-10.1-STRATEGIC ALLIANCE AGREEMENT,Rofr/Rofo/Rofn,"If HOC delivers the Financing Election, the purchase price for each share shall be equal to eighty percent (80%) of the average closing price of the Shares during the thirty (30) calendar days preceding the date HOC delivers the Financing Election",41
8730,GAINSCOINC_01_21_2010-EX-10.41-SPONSORSHIP AGREEMENT,Insurance,"Racing shall obtain and maintain pursuant to the terms of this Agreement, at its sole expense, the following types of insurance coverage,  with minimum limits as set forth below:

(i) Commercial General Liability covering liability arising from premises, operations, independent contractors, personal and advertising injury  and contractual liability—$5,000,000 each occurrence.",50
8887,BIOPURECORP_06_30_1999-EX-10.13-AGENCY AGREEMENT,Audit Rights,"Except as otherwise expressly provided in the Business Plan, the Agent will at its sole expense",16
1652,SEPARATEACCOUNTIIOFAGL_05_02_2011-EX-99.(J)(4)-UNCONDITIONAL CAPITAL MAINTENANCE AGREEMENT,Termination For Convenience,"AIG shall have the absolute right        to terminate this Agreement upon thirty (30) days' prior written notice        to the Company, which notice shall state the effective date of        termination (the ""Termination Date""); PROVIDED, HOWEVER, that AIG agrees        not to terminate this Agreement unless (a) AIG significantly modifies        the corporate structure or ownership of the Company, or (b) AIG sells        the Company to an acquirer (i) having a rating from at least one of S&P,        Moody's, A.M. Best or a substitute agency, which is a nationally        recognized statistical rating organization, that is at least equal to        the lower of (x) AIG's then-current rating from such agency or (y) the        Company's then-current rating as supported by this Agreement from such        agency; or (ii) such that, immediately on the effective date of the sale        by AIG of the Company, the Company's capitalization is consistent with        the minimum capital adequacy standards and criteria of at least one of        S&P, Moody's, A.M. Best or a substitute agency, which is a nationally        recognized statistical rating organization, for a rating that is equal        to or better than the Company's then-current rating on the date        immediately preceding such sale.",191
11556,"BERKELEYLIGHTS,INC_06_26_2020-EX-10.12-COLLABORATION AGREEMENT",Third Party Beneficiary,"There are no Third Party beneficiaries under this Agreement, except to the extent a Third Party is indemnified pursuant to Article 12 (Indemnification; Insurance); provided that, in no event will any Third Party entitled to indemnification pursuant to Article 12 (Indemnification; Insurance) be allowed to enforce the terms thereof against a Party.",52
8442,VirtuosoSurgicalInc_20191227_1-A_EX1A-6 MAT CTRCT_11933379_EX1A-6 MAT CTRCT_License Agreement,Rofr/Rofo/Rofn,"If COMPANY proposes to sell any equity securities or securities that are convertible into equity securities of COMPANY (collectively, ""Equity Securities"") in any new round of financing, then COMPANY shall offer JHU and/or its Assignee (as defined below) an opportunity to purchase either: (i) up to that portion of the Equity Securities that equals JHU's then current, fully-diluted percentage ownership interest in COMPANY, or (ii) if the percentage offered for sale by COMPANY is less, then up to five percent (5%) of the Equity Securities offered for sale.",88
2084,FreezeTagInc_20180411_8-K_EX-10.1_11139603_EX-10.1_Sponsorship Agreement,Insurance,"During the term of this Agreement, and before any sponsorship or promotional activities are conducted under this Agreement, Company shall obtain and maintain at its expense, Commercial General Liability Insurance coverage with an insurance carrier with a Best's rating of A+.",41
896,TUNIUCORP_03_06_2014-EX-10-COOPERATION AGREEMENT,Liquidated Damages,"Except as otherwise agreed hereunder, if Party A or its subsidiaries fail to pay the Service Fee in full on schedule according to provisions of Article 4.1 and Article 4.2, then Party A or its subsidiaries shall, in addition to the continuance of the payment of Service Fee in full, it shall pay Party B the liquidated damages at a daily interest rate of 0.03% in respect of the outstanding Service Fee.",72
1446,VerizonAbsLlc_20200123_8-K_EX-10.4_11952335_EX-10.4_Service Agreement,Governing Law,"THIS AGREEMENT, INCLUDING THE RIGHTS AND DUTIES OF THE PARTIES HERETO, SHALL BE GOVERNED BY, AND CONSTRUED IN ACCORDANCE WITH, THE INTERNAL LAWS OF THE STATE OF NEW YORK (INCLUDING SECTIONS 5-1401 AND 5-1402 OF THE GENERAL OBLIGATIONS LAW OF THE STATE OF NEW YORK, BUT WITHOUT REGARD TO ANY OTHERWISE APPLICABLE CONFLICTS OF LAW PRINCIPLES).",56
12248,LiquidmetalTechnologiesInc_20200205_8-K_EX-10.1_11968198_EX-10.1_Development Agreement,Termination For Convenience,Either Party may terminate this Agreement for any reason upon providing 180 days prior written notice to the other Party prior to the expiration of the then-current term or unless sooner terminated in accordance with the terms of this Agreement.,40
2947,ReedsInc_20191113_10-Q_EX-10.4_11888303_EX-10.4_Development Agreement,Covenant Not To Sue,"Company agrees that it will not at any time contest the ownership or validity of any Reed's Intellectual Property or Deliverables, nor register or attempt to register any rights with respect to Reed's Intellectual Property, nor do anything that would jeopardize or diminish Reed's rights to or the value of Reed's Intellectual Property or Deliverables.",55
5727,NeoformaInc_19991202_S-1A_EX-10.26_5224521_EX-10.26_Co-Branding Agreement,Exclusivity,"Neoforma hereby grants VerticalNet an exclusive license to use, modify, enhance, reproduce, display, perform and transmit the Neoforma T&E Content, subject to and in accordance with the terms, conditions and provisions of this Agreement.",34
6847,"SUCAMPOPHARMACEUTICALS,INC_11_04_2015-EX-10.2-STRATEGIC ALLIANCE AGREEMENT",Third Party Beneficiary,"It is expressly agreed by the Parties that the Lenders shall be third party beneficiaries of Section 4.09, Section 6.03, Section 8.02(b), Section 8.04, Section 8.05 and this Section 8.13",30
501,INTRICONCORP_03_10_2009-EX-10.22-Strategic Alliance Agreement,Exclusivity,"Commencing on October 1, 2008, and continuing for so long as IntriCon continues to make minimum payments as defined in 4.3,  Dynamic Hearing agrees that it will not license any Dynamic Hearing Technology for Hearing Aids, subject to Clause 3.5.",40
2479,N2KINC_10_16_1997-EX-10.16-SPONSORSHIP AGREEMENT,Exclusivity,"Excite will                   not permit the display of advertising banners, promotional                   buttons, promotional links or other promotional materials for                   any retail sale of Music Products on the Excite Site, except                   those Music Products offered by Sponsor, nor advertising by                   any other Retail Music Store.",43
13222,SteelVaultCorp_20081224_10-K_EX-10.16_3074935_EX-10.16_Affiliate Agreement,Uncapped Liability,"IN NO EVENT WILL  EQUIDATA BE LIABLE FOR ANY INDIRECT, EXEMPLARY, PUNITIVE, SPECIAL, OR CONSEQUENTIAL DAMAGES  INCLUDING WITHOUT LIMITATION LOST PROFITS OR OTHER ECONOMIC LOSS, LOST REIMBURSEMENTS, AND  LOST DATA, OR FOR ANY CLAIM BY ANY THIRD PARTY.",38
8591,"Reinsurance Group of America, Incorporated - A_R REMARKETING  AGREEMENT",Governing Law,"This Agreement shall be governed by, and construed in accordance with, the laws of the State of New York.",19
13054,JOINTCORP_09_19_2014-EX-10.15-FRANCHISE AGREEMENT,Non-Compete,"Upon expiration or termination of this Agreement for any reason, you agree not to engage in a competitive business for a period of two (2) years after the termination or expiration and within twenty-five (25) miles of your Franchise Premises or any other The Joint Corp. Location franchise location.",49
1270,CreditcardscomInc_20070810_S-1_EX-10.33_362297_EX-10.33_Affiliate Agreement,Cap On Liability,"Chase shall have no liability for any indirect, incidental, special or consequential damages or any loss of revenue or profits arising under or with respect to this Agreement or the Affiliate Program, regardless of whether Chase has been advised of the possibility of such damages.",45
6988,MERCATAINC_03_09_2000-EX-10.21-SPONSORSHIP AGREEMENT,Anti-Assignment,"Notwithstanding the     foregoing, no assignment or attempted assignment by Sponsor shall be valid     except to a party which intends to continue the business of Sponsor as     presently conducted.",28
4296,MRSFIELDSORIGINALCOOKIESINC_01_29_1998-EX-10-FRANCHISE AGREEMENT,Rofr/Rofo/Rofn,"If  Pretzel  Time  does not  exercise  its  right  of  first  refusal, Franchisee or its Owners may complete the sale to such purchaser pursuant to and on the exact  terms of such  offer,  subject to Pretzel  Time's  approval of the Transfer as provided in Section 17,  provided that if the sale to such purchaser is not completed  within 120 days after  delivery of such offer to Pretzel Time, or if there is a  material  change  in the terms of the sale  (which  Franchisee shall  promptly  communicate  to Pretzel  Time),  Pretzel  Time's right to first refusal shall be extended for thirty (30) days after the  expiration of such 120 day period or after the material change in the terms of the sale so communicated to Pretzel Time.",125
8635,"CORALGOLDRESOURCES,LTD_05_28_2020-EX-4.1-CONSULTING AGREEMENT",Governing Law,"Unless otherwise agreed to in writing by the parties, the Agreement shall be governed by and construed in accordance with the laws of the Province of British Columbia and the federal laws of Canada applicable therein, and the parties hereto submit and attorn to the jurisdiction of the courts of the Province of British Columbia.",55
7228,"ETELOS,INC_03_09_2004-EX-10.8-DISTRIBUTOR AGREEMENT",Post-Termination Services,"If Tripath terminates pursuant to Subsection 18.1 or 18.2, or if Distributor terminates pursuant to Subsection 18.3, Tripath will purchase and Distributor will resell to Tripath Distributor's inventory of Products (excluding

-6-







Distributor Agreement

discontinued and demonstration Products) which Tripath determines to be undamaged and in good condition (including, at Tripath's option on-site inspection). The price for such inventory will be the price actually paid by the Distributor, less any prior credit or allowances.",74
1179,NICELTD_06_26_2003-EX-4.5-OUTSOURCING AGREEMENT,Cap On Liability,"Notwithstanding anything to the contrary contained herein, NICE'           liability to Contractor for any indirect, special, incidental,           exemplary or consequential damages as a result of any claim arising           under this Agreement or in connection therewith, regardless of whether           NICE has been advised of the possibility of such damages, shall not           exceed five million US dollars ($5,000,000) in the aggregate for all           claims, except for infringement of Intellectual Property rights for           which NICE is liable under Section 12.8.",76
9040,FIBROGENINC_10_01_2014-EX-10.11-COLLABORATION AGREEMENT,Irrevocable Or Perpetual License,"In the event of a termination of this Agreement, FG shall have an irrevocable, exclusive, license, with the right to grant and authorize sublicenses, to any trademarks used by Astellas in association with the Lead Compounds hereunder to make, use, sell, import and otherwise exploit products within the Field in the Astellas Territory.",53
614,OPERALTD_04_30_2020-EX-4.14-SERVICE AGREEMENT,Cap On Liability,"Neither Party shall be liable to the other Party in contract, tort or otherwise, whatever the cause, for any loss of profit, business or goodwill or any indirect, incidental or consequential costs, damages or expenses of any kind, except for such loss attributable to breach of confidentiality.",47
8744,"TURNKEYCAPITAL,INC_07_20_2017-EX-1.1-Strategic Alliance Agreement",Revenue/Profit Sharing,"Net revenue from business operations created by Holding Company for the alliance will be distributed by Holding Company equally - 50/50 - to TKCI and SIC:

SIC's original business concepts and plans, as well as opportunities brought to the table through its connections, and third-party contracts, are ways that we anticipate business could be generated, and revenues created; TKCI's advisory and management services and capital resources will provide the critical structure and business mechanism to carry concepts through to revenue.",80
3384,DigitalCinemaDestinationsCorp_20111220_S-1_EX-10.10_7346719_EX-10.10_Affiliate Agreement,Covenant Not To Sue,"Network Affiliate shall not engage in any conduct which  may place NCM or any NCM Mark in a negative light or context, and shall not represent that it owns or has any interest in any NCM Mark other  than as expressly granted herein, nor shall it contest or assist others in contesting the title or any rights of NCM (or any other owner) in and to any  NCM Mark.",69
12243,LiquidmetalTechnologiesInc_20200205_8-K_EX-10.1_11968198_EX-10.1_Development Agreement,Renewal Term,"Upon the expiration of the Term, the Term shall automatically extend for successive 12-month periods until one Party terminates the Agreement by providing at least 180 days prior written notice to the other Party prior to the expiration of the then-current term or unless sooner terminated in accordance with the terms of this Agreement.",54
2816,AimmuneTherapeuticsInc_20200205_8-K_EX-10.3_11967170_EX-10.3_Development Agreement,Affiliate License-Licensee,"Aimmune shall [REDACTED] the right (but not the obligation) to sublicense the rights granted to it under Section 2.1 to its Affiliates or Third Parties (each, a ""Sublicensee""); provided, however, that Aimmune shall remain responsible for the performance by any of its direct and indirect Sublicensees and shall cause its direct and indirect Sublicensees to comply with the applicable provisions of this Agreement in connection with such performance.",68
10490,KitovPharmaLtd_20190326_20-F_EX-4.15_11584449_EX-4.15_Manufacturing Agreement,Change Of Control,The affected Party is obligated to notify the other Party of its decision to terminate within thirty (30) days following notice of the Change of Control.,26
8691,HealthcentralCom_19991108_S-1A_EX-10.27_6623292_EX-10.27_Co-Branding Agreement,Anti-Assignment,"Notwithstanding the foregoing, either party shall be permitted to assign this Agreement and any of its rights and obligations hereunder to an affiliate or related company or to a purchaser of all or substantially all of its Internet business, without obtaining the prior written consent of the other party.",49
6550,ULTRAGENYXPHARMACEUTICALINC_12_23_2013-EX-10.9-SUPPLY AGREEMENT,Renewal Term,"Thereafter, the Agreement shall be automatically renewed for additional two year periods (each a ""Renewal Term"", the Initial Term and all Renewal Terms, the ""Term"") unless either Party notifies the other Party of its intention not to renew in writing at least three calendar months before the expiration of the then current Term.",53
7799,NmfSlfIInc_20200115_10-12GA_EX-10.5_11946987_EX-10.5_Trademark License Agreement,Termination For Convenience,This Agreement shall be terminable (a) by the Licensor,9
9434,TELKOMSALTD_01_30_2003-EX-10-LICENCE AND MAINTENANCE AGREEMENT,Source Code Escrow,SAP Africa further warrants that SAP AG will from time to time (as soon as   the relevant RELEASE and/or VERSION has been finalised) deposit into the   escrow account copies of all new versions of the Source Code and related   DOCUMENTATION encompassing any and all copies of all versions of the   Source Code and related DOCUMENTATION encompassing any and all   CORRECTION LEVELS.,61
8564,SmartRxSystemsInc_20180914_1-A_EX1A-6 MAT CTRCT_11351705_EX1A-6 MAT CTRCT_Distributor Agreement,Exclusivity,"Company agrees that no other Distributor will be appointed in any other state as a Distributor unless it is either the Company or Distributor, save and except for the state of Florida.",32
6481,BerkshireHillsBancorpInc_20120809_10-Q_EX-10.16_7708169_EX-10.16_Endorsement Agreement,Volume Restriction,"Auriemma will participate in one (1) recording session annually during the Services Period of not more than two (2) hours, not including travel  time, to record a radio advertising spot at a date and location to be mutually agreed upon;     3. Auriemma will participate in one (1) production session annually during the Services Period of not more than three (3) hours, not including travel  time, to record a television advertising spot at a date and location to be mutually agreed upon;     4. Auriemma will participate in one (1) photo session annually during the Services Period of not more than two (2) hours, not including travel time,  at a date and location to be mutually agreed upon;     5. Auriemma will be available for two (2) appearances annually during the Services Period within the Contract Territory, the date and location to be  mutually agreed upon, each not more than one (1) hour in duration, where Auriemma will meet, greet and pose for photos.",161
2412,NEONSYSTEMSINC_03_01_1999-EX-10.5-DISTRIBUTOR AGREEMENT_Amendment,Rofr/Rofo/Rofn,"Notwithstanding the foregoing provision for arbitration           concerning the terms of any purchase and sale agreement, and without





          limiting any other",20
1758,"OASYSMOBILE,INC_07_05_2001-EX-10.17-OUTSOURCING AGREEMENT",Non-Transferable License,"Subject to the terms of this Agreement and Scope of Use and only within the Market and Territory, E.piphany grants HSNS a nonexclusive, nontransferable, non-sublicensable right to (i) use and combine the Application with the Outsourcing Application and other software products for the purpose of providing, to Outsourcing Customers, the services described in Exhibit B as the Outsourcing Services; and (ii) use the Documentation provided with the Application in support of the Application.",73
9310,IntegrityMediaInc_20010329_10-K405_EX-10.17_2373875_EX-10.17_Co-Branding Agreement,Most Favored Nation,"If for any reason, Integrity and TL are subject to lower ""free                   goods"" limits by any third party license, the foregoing shall                   be adjusted to comply with any such license(s).",30
5750,NeoformaInc_19991202_S-1A_EX-10.26_5224521_EX-10.26_Co-Branding Agreement,Revenue/Profit Sharing,"During the Term, VerticalNet shall pay to Neoforma commissions equal to [REDACTED AMOUNT] of any Laboratory Products Net Revenues during such Contract Year resulting from (a) any Neoforma Laboratory Products Listing or (b) any VerticalNet Laboratory Products Listing for which Neoforma was the Transaction Origination Party.",45
3822,SLINGERBAGINC_05_27_2020-EX-10.7-CONSULTING AGREEMENT,Anti-Assignment,"Except as herein expressly provided, the respective rights and obligations of the Consultant and the Company under this Agreement will not be assignable by either party without the written consent of the other party and will, subject to the foregoing, inure to the benefit of and be binding upon the Consultant and the Company and their permitted successors or assigns.",60
10537,GOCALLINC_03_30_2000-EX-10.7-Promotion Agreement,Volume Restriction,"PageMaster Corporation shall provide a minimum of 100,000 up to                500,000 pagers for the fulfillment of this promotion to all                Purchase Customers who prepay their annual airtime.",27
2627,TodosMedicalLtd_20190328_20-F_EX-4.10_11587157_EX-4.10_Marketing Agreement_ Reseller Agreement,Expiration Date,"This Agreement shall be effective as of the Effective Date and shall continue in effect for a period of five (5) years from the Reseller's first purchase order for Product issued to Todos (the ""Initial Term""), unless terminated earlier by one of the parties in accordance with the terms of this Section 11.",53
9908,StaarSurgicalCompany_20180801_10-Q_EX-10.37_11289449_EX-10.37_Distributor Agreement,Non-Transferable License,. Distributor shall not grant this privilege to any third party or to any affiliates without Company's prior written consent.,20
8849,"IPAYMENT,INC_05_14_2007-EX-10.1-SPONSORSHIP AGREEMENT",Termination For Convenience,(k)   Upon the termination of the Service Agreement for any reason with one hundred eighty (180) days prior written notice to ISO;,22
12879,"OPTIMIZEDTRANSPORTATIONMANAGEMENT,INC_07_26_2000-EX-6.6-DISTRIBUTOR AGREEMENT",Minimum Commitment,"In the event COMWARE does not      meet these minimum purchase requirements, this Agreement will automatically      and  immediately  terminate and neither of the parties hereto will have any      further obligations, one to the other.",33
3281,HarpoonTherapeuticsInc_20200312_10-K_EX-10.18_12051356_EX-10.18_Development Agreement,Anti-Assignment,"AbbVie may use one (1) or more of its Affiliates to perform its obligations and duties hereunder and such AbbVie Affiliates are expressly granted certain rights herein; provided that each such Affiliate shall be bound by the corresponding obligations of AbbVie and, subject to an assignment to such Affiliate pursuant to Section 13.4, AbbVie shall remain liable hereunder for the prompt payment and performance of all their respective obligations hereunder.",70
13035,ParatekPharmaceuticalsInc_20170505_10-KA_EX-10.29_10323872_EX-10.29_Outsourcing Agreement,Insurance,"Each of Customer and Supplier shall, upon request by the other, provide the other Party with a copy of all insurance policies maintained under this Article 15 relating to the Manufacture of the Product in bulk quantities and the facilities therefor and shall notify the other Party in writing at least 30 days prior to the cancellation of or any material change to such insurance policies.",66
4168,AMERICASSHOPPINGMALLINC_12_10_1999-EX-10.2-SITE DEVELOPMENT AND HOSTING AGREEMENT,Cap On Liability,"In the event the Company terminates this Agreement, the Company shall pay to HDI a termination payment, (the ""Termination Payment"") the amount of which shall be an amount equal to the aggregate Net Sales for the twelve (12) months preceding the Termination Date less $800,000, the balance of which shall be divided by two.",54
7522,IMMUNOMEDICSINC_08_07_2019-EX-10.1-PROMOTION AGREEMENT,Ip Ownership Assignment,"To the extent that Company, by operation of Law or otherwise, acquires any right (other than pursuant to this Agreement) to any of the Product Trademarks, any other Trademarks of Janssen, such copyrights or such other intellectual property rights, Company shall assign to Janssen all such rights at Janssen's cost and will not claim ownership.",55
13491,VertexEnergyInc_20200113_8-K_EX-10.1_11943624_EX-10.1_Marketing Agreement,Governing Law,"This Agreement shall be governed, interpreted and construed in accordance with the laws of the State of Alabama, without giving effect to its conflict of laws provisions.",27
3944,EtonPharmaceuticalsInc_20191114_10-Q_EX-10.1_11893941_EX-10.1_Development Agreement,Post-Termination Services,"In addition, within twenty-five (25) months after the termination or expiration of the Term and on a Product-by-Product basis, ETON shall perform a final ""true-up"" reconciliation and shall provide Aucta with a written report of such outlining the deductions specified in the definition of Net Sales.",46
1637,DRAGONSYSTEMSINC_01_08_1999-EX-10.17-OUTSOURCING AGREEMENT,Governing Law,Any lawsuit relating to any matter arising under this Agreement may be initiated in a State or Federal Court located in the Commonwealth of Massachusetts or in any court in the Netherlands having jurisdiction over the matter.,37
6509,DYNAMEXINC_06_06_1996-EX-10.4-TRANSPORTATION SERVICES AGREEMENT,Audit Rights,"Either Party shall have the right to request the other to provide,        through an auditor agreed to by the Parties, validation of the        information and data referred to herein.",29
11330,ElPolloLocoHoldingsInc_20200306_10-K_EX-10.16_12041700_EX-10.16_Development Agreement,Anti-Assignment,"b. Any assignment, transfer or sublicense of this Agreement by Developer without the prior written consent of El Pollo Loco.",20
2702,"OAKTREECAPITALGROUP,LLC_03_02_2020-EX-10.8-Services Agreement",Termination For Convenience,"This Agreement may be terminated, either in respect of a Fund or in its entirety, by either Oaktree US or the Sub-Advisor for any reason upon 30 days' written notice to the other.",33
3582,AtnInternationalInc_20191108_10-Q_EX-10.1_11878541_EX-10.1_Maintenance Agreement,Post-Termination Services,"Upon expiration or termination of this Agreement, but prior to the effectiveness of full termination of the Agreement, AT&T may exercise any rights and remedies available to AT&T under this Agreement, at law or in equity, including AT&T's right to exercise any one or more of the Termination Remedies set forth in the Build Addendum, and Vendor shall, upon the request and at the expense (other than termination in accordance with Subsection (c) hereof) of AT&T:",76
10680,ADAPTIMMUNETHERAPEUTICSPLC_04_06_2017-EX-10.11-STRATEGIC ALLIANCE AGREEMENT,Audit Rights,"As applicable to and appropriate for a Clinical Study, Adaptimmune may monitor the conduct of a Clinical Study in accordance with Good Clinical Practice requirements of FDA Regulations, and may visit MD Anderson for the purpose of such monitoring.",39
13755,KINGPHARMACEUTICALSINC_08_09_2006-EX-10.1-PROMOTION AGREEMENT,Anti-Assignment,This Agreement and the rights granted herein shall not be assignable by either party hereto without the prior written consent of the other party.,24
5259,"Sonos, Inc. - Manufacturing Agreement ",Notice Period To Terminate Renewal,"This Agreement shall be automatically renewed for additional successive one (1) year periods, unless written notice of non-renewal is received no later than six (6) months prior to the expiration of the then current term.",35
6812,QuantumGroupIncFl_20090120_8-K_EX-99.2_3672910_EX-99.2_Hosting Agreement,Anti-Assignment,"The assignment of this Agreement, in whole or in part, to any Affiliates in the United States or to a successor organization by merger or acquisition does not require the consent of the other.",34
9599,"ADMA BioManufacturing, LLC -  Amendment #3 to Manufacturing Agreement ",Liquidated Damages,"In addition to the Minimum Volume of Product to be manufactured by ADMA, should ADMA deliver the Minimum Volume of Product but fail to meet the Updated Supply Plan as provided in Exhibit A as attached hereto and made an integral part hereof, then it is agreed upon by the Parties that ADMA shall pay to Sanofi Pasteur an amount equal to $[REDACTED AMOUNT] ([REDACTED AMOUNT]) USD for each Batch of Product that is less than the agreed upon quantity in Exhibit A, as liquidated damages, and not as a penalty.",89
6556,ULTRAGENYXPHARMACEUTICALINC_12_23_2013-EX-10.9-SUPPLY AGREEMENT,Cap On Liability,"NEITHER PARTY MAY CLAIM AND NEITHER PARTY IS LIABLE FOR CLAIMS FOR INDIRECT DAMAGES AND LOSSES, SUCH AS SPECIAL OR CONSEQUENTIAL LOSS OR DAMAGE, ANY LOSS OF ACTUAL OR ANTICIPATED PROFIT, OR REVENUE, ANTICIPATED SAVINGS OR BUSINESS OR DAMAGE TO GOODWILL OR BRAND EQUITY, ARE EXCLUDED.",46
13256,"KIROMICBIOPHARMA,INC_04_08_2020-EX-10.28-JOINT VENTURE AGREEMENT",Notice Period To Terminate Renewal,"This JV Agreement shall become effective on the signing date and shall have a duration of * years, extendable for a further * years, unless notice of non- renewal is sent one year before the natural expiry date.",38
4116,"NETGEAR,INC_04_21_2003-EX-10.16-DISTRIBUTOR AGREEMENT",Cap On Liability,"EXCEPT FOR DAMAGES ARISING FROM BREACH OF SECTIONS 6.C AND 12,13 OR 17, IN NO EVENT WELL DISTRIBUTOR's TOTAL LIABILITY FOR ANY DAMAGES IN ANY ACTION BASED ON OR ARISING OUT OF OR IN CONNECTION WITH THE AGREEMENT EXCEED THE [REDACTED AMOUNT] TO NETGEAR PURSUANT TO THE AGREEMENT.",47
9755,"ATHENSBANCSHARESCORP_11_02_2009-EX-1.2-AGENCY AGREEMENT , 2009",Minimum Commitment,"In the event the Company is unable to sell a minimum of    Shares within the period herein provided, this Agreement shall terminate and the  Company shall refund to any persons who have subscribed for any of the Shares the full amount which it may have received from them plus  accrued interest, as set forth in the Prospectus; and none of the parties to this Agreement shall have any obligation to the other parties hereunder,  except as set forth in this Section 2 and in Sections 7, 9 and 10 hereof",90
7907,MOSSIMOINC_04_14_2000-EX-10.14-ENDORSEMENT AGREEMENT,Minimum Commitment,"In the event Duval does not meet                   the Minimum Annual Performance Requirements for a Contract                   Year, $375,000 of the Additional License Fee will be deemed to                   be unearned.",28
7443,SigaTechnologiesInc_20190603_8-K_EX-10.1_11695818_EX-10.1_Promotion Agreement,Insurance,"MMT and SIGA shall maintain such insurance throughout the Term, and shall from time to time provide copies of certificates of such insurance the other Party upon request.",28
4818,USASYNTHETICFUELCORP_10_21_2010-EX-10.10-STRATEGIC ALLIANCE AGREEMENT,Revenue/Profit Sharing,"(ii) Oxbow will receive two percent (2%) of those non-O&M revenues of Global Energy's affiliate, Gasification Engineering Corporation, Inc. (""GEC"") related to the Lima Project (e.g., any of the $200 million EPC reserves/construction contingency which is not spent).",38
7391,Microgenics Corporation - Collaborative Development and Commercialization Agreement,Non-Transferable License,"in connection with a permitted assignment, sublicense or subcontract) ""right of reference"" (as defined in 21 CFR 314.3(b)) with respect to clinical trial data and results related to [REDACTED], solely as necessary for [REDACTED] to prepare, submit and maintain regulatory submissions related to  [REDACTED] and Regulatory Approvals for  [REDACTED].",49
13528,REGANHOLDINGCORP_03_31_2008-EX-10-LICENSE AND HOSTING AGREEMENT,Irrevocable Or Perpetual License,"LMG will maintain, through the Conversion Date or such other date as is specified in Exhibit A, its existing licenses for the Other Third Party Software and provide TAG access to and an irrevocable ""look access only"" right and license to use the Other Third Party Software and applicable Documentation.",50
5592,WARNINGMANAGEMENTSERVICESINC_12_10_1999-EX-10-ENDORSEMENT AGREEMENT,Most Favored Nation,"and, at the same time, shall, retroactive to the effective date of such other agreement, increase the rate of remuneration paid to Pey Dirt hereunder up to the highest then-current rate paid by Company to any such National Football League quarterback (active or retired) for a regional endorsement deal.",49
3037,MARTINMIDSTREAMPARTNERSLP_01_23_2004-EX-10.3-TRANSPORTATION SERVICES AGREEMENT,Governing Law,This Agreement shall be governed by and construed in accordance with the laws of the State of Texas.,18
8017,"Loop Industries, Inc. - Marketing Agreement",Uncapped Liability,"NOTWITHSTANDING THE FOREGOING, NONE OF THE FOREGOING LIMITATIONS OF LIABILITY SET FORTH IN THIS SECTION 3.1 SHALL BE AVAILABLE TO EITHER PARTY WITH RESPECT TO A BREACH OF SECTION 4, CONFIDENTIAL INFORMATION, OR FOR CLAIMS TO THE EXTENT THEY ARISE OUT OF A PARTY'S GROSS NEGLIGENCE, FRAUD, OR WILLFUL MISCONDUCT.",50
9415,TELKOMSALTD_01_30_2003-EX-10-LICENCE AND MAINTENANCE AGREEMENT,Revenue/Profit Sharing,"For the financial year   commencing 01 March 2002 and thereafter until agreed otherwise, the   REVENUE SHARE PERCENTAGE shall be 10% provided that should the   percentage of TELKOM'S direct and indirect procurement expenditure that is   transacted USING the SOFTWARE equal those percentage ranges stipulated   below, then, the REVENUE SHARE PERCENTAGE shall be decreased to the   corresponding percentage:       Percentage of TELKOM'S procurement USING SOFTWARE       Between 60% and 79%      80% or greater        9%        8%",71
6594,SFGFINANCIALCORP_05_12_2009-EX-10.1-SOFTWARE LICENSE AND MAINTENANCE AGREEMENT,Cap On Liability,IN NO EVENT SHALL LICENSOR'S AGGREGATE CUMULATIVE TOTAL LIABILITY UNDER THIS AGREEMENT EXCEED ONE  HALF OF THE AMOUNT PAID BY THE LICENSEE TO Licensor HEREUNDER.,25
10753,NATIONALPROCESSINGINC_07_18_1996-EX-10.4-SPONSORSHIP AGREEMENT,Exclusivity,"NCB appoints NPC, and NPC agrees to serve, as NCB's sole agent (i) to provide authorization, processing and settlement services with respect to Visa and MasterCard transactions (""Merchant Processing Services"") to merchants who desire to receive Merchant Processing Services from NCB or NPC (""Merchants"") and (ii) to enter into contracts with merchants (""Merchant Contracts"") for the provision of Merchant Processing Services as agent of NCB; provided, however, that nothing herein shall limit NPC's right to provide, as agent for other members of Visa and MasterCard, Merchant Processing Services to merchants who desire to receive such services from NCB or others.",100
7619,XENCORINC_10_25_2013-EX-10.24-COLLABORATION AGREEMENT (3),Rofr/Rofo/Rofn,"If BII does not provide written notice of its exercise of the first right to negotiate within such [...***...] period, XENCOR and any Business Partner shall be free to enter into one or more agreements with third parties for the manufacture and supply of Product for use in Phase 2 and 3 clinical trials",54
7692,CoherusBiosciencesInc_20200227_10-K_EX-10.29_12021376_EX-10.29_Development Agreement,Non-Compete,"During the term of this Agreement, neither Party shall, and shall not permit its Affiliates to, nor grant any rights to any Third Party to, directly or indirectly, Commercialize, or Develop any New Product for Commercialization in the Territory, except as permitted in accordance with this Section 3.4.",48
1127,CytodynInc_20200109_10-Q_EX-10.5_11941634_EX-10.5_License Agreement,Irrevocable Or Perpetual License,"Upon the expiration of the Royalty Term, the license granted to Vyera under Section 2.1 of this Agreement shall become non-exclusive, fully-paid, royalty free, perpetual and irrevocable.",27
2314,NANOPHASETECHNOLOGIESCORP_11_01_2005-EX-99.1-DISTRIBUTOR AGREEMENT,Cap On Liability,"Seller shall not be liable for indirect, special, incidental or consequential damages arising under this Agreement or otherwise with respect to the sale of the products, including any lost revenues or profits, consequential and/or incidental damages, business interruption or damage to business reputation, regardless of the theory upon which any claim may be based, including any statutory causes of action or claims. In no event will Seller's entire liability to Buyer, including any liability in the event the exclusive remedy set forth in this Agreement fails of its essential purpose, exceed the purchase price actually paid by Buyer for the products hereunder, or any defective portion thereof, whichever is the lesser amount.",112
12032,NlsPharmaceuticsLtd_20200228_F-1_EX-10.14_12029046_EX-10.14_Development Agreement,Affiliate License-Licensee,"Licensee may extend the rights granted herein to register, import, export, store, handle, commercialize, promote, distribute and sell to its Affiliates and to its Distributors, provided that Licensee shall first provide to Licensor a written assurance from each of such Affiliate or Distributor to agree to be bound by, and to strictly comply with, all applicable terms, conditions, and obligations in this Agreement towards Licensor.",65
4555,SUMMAFOURINC_06_19_1998-EX-10.3-SOFTWARE LICENSE AND MAINTENANCE AGREEMENT,Volume Restriction,"Assuming that          each voice call is has an average of 2 seconds of voice, there shall be          fewer than 1 talkoff in 9000 calls.",24
13282,EMERALDHEALTHTHERAPEUTICSINC_06_10_2020-EX-4.5-CONSULTING AGREEMENT - DR. GAETANO MORELLO N.D. INC.,Termination For Convenience,"The Contractor may terminate this Agreement and his or her engagement for any reason at any time upon providing 30 days advance notice in writing to Emerald. Termination will be effective, at Emeralds' election, on a date which is no earlier than the date such notice is received and no later than the date which is 30 days following that date.",61
1332,SouthernStarEnergyInc_20051202_SB-2A_EX-9_801890_EX-9_Affiliate Agreement,Revenue/Profit Sharing,The Advertising Cost Compensation depends on the actual sales generated by end users referred via the electronic advertisement (the Affiliate's link).,21
11744,InvendaCorp_20000828_S-1A_EX-10.2_2588206_EX-10.2_Co-Branding Agreement,Non-Compete,Excite@Home shall not offer any Excite-branded or Excite-co-branded         service during the Term of this Agreement that is substantially similar         in functionally to the Co-Branded Application.,25
12290,LiquidmetalTechnologiesInc_20200205_8-K_EX-10.1_11968198_EX-10.1_Development Agreement,Insurance,"Eutectix shall obtain, pay for, and maintain in full force and effect throughout the term of this Agreement insurance as follows: (a) Workers' Compensation and Employers' Liability insurance with limits to conform with the greater of the amount required by applicable law or one million dollars ($1,000,000) each accident, including occupational disease coverage and an endorsement to the Workers' Compensation and Employers' Liability insurance policy, in form acceptable to Liquidmetal, containing a waiver of subrogation by the insurance carrier with respect to Liquidmetal and its parent, subsidiaries, divisions and Affiliates, and all of their respective directors, officers, shareholders, employees and representatives; (b) Commercial General Liability insurance with limits of not less than five million dollars ($5,000,000) combined single limit for bodily injury, death, and property damage, including personal injury, contractual liability, independent contractors, broad- form property damage, and products and completed operations coverage; and, (c) Commercial Automobile Liability insurance with limits of not less than one million dollars ($1,000,000) each occurrence combined single limit of liability for bodily injury, death, and property damage, including owned and non-owned and hired automobile coverages, as applicable.",183
9224,SoupmanInc_20150814_8-K_EX-10.1_9230148_EX-10.1_Franchise Agreement1,Ip Ownership Assignment,"You acknowledge and agree that, in consideration for the right to use the System and our expertise in the field, if you, any of your employees or any Unit Franchisees in the Master Territory develop any new concept, process or improvement in the operation or promotion of the Franchised Business, you will promptly notify us and provide us with all necessary information concerning same, without any compensation to you, your employee or Unit Franchisee.",74
135,"KIROMICBIOPHARMA,INC_05_11_2020-EX-10.23-CONSULTING AGREEMENT",Non-Compete,"Subject to written waivers that may be provided by the Company upon request, which shall not be unreasonably withheld, Consultant agrees that, during the term of this Agreement, Consultant will not directly or indirectly (i) participate in the formation of any business or commercial entity in the Field of Interest or otherwise competitive with the Company.",56
3488,"MIDDLEBROOKPHARMACEUTICALS,INC_03_18_2010-EX-10.1-PROMOTION AGREEMENT",Change Of Control,MBRK may terminate this Agreement upon 60 days notice for a Change of Control subject to the Fees outlined in  paragraph (f) of this Section 18.,26
10710,ENTRUSTINC_07_24_1998-EX-10.5-STRATEGIC ALLIANCE AGREEMENT,Affiliate License-Licensor,"""Nortel Patents"" shall mean all Patents other than Patents included in NTL  --------------                                                            Technology: (i) which are owned or controlled at any time during the Patent License Term by Nortel or any Nortel Subsidiary; or (ii) with respect to which, and to the extent to which, Nortel or any Nortel Subsidiary shall at any time during the Patent License Term have the right to grant the licenses and rights which are herein granted by Nortel including through cross licenses or otherwise.",81
6317,FulucaiProductionsLtd_20131223_10-Q_EX-10.9_8368347_EX-10.9_Content License Agreement,Unlimited/All-You-Can-Eat-License,"For the License Term and within the Licensed Territory, Producer hereby grants to ConvergTV a right and license to Distribute the program, file or video listed on the Deal Terms above (the ""Program"") consisting of",35
11159,Monsanto Company - SECOND A_R EXCLUSIVE AGENCY AND MARKETING AGREEMENT ,No-Solicit Of Employees,"Monsanto agrees that for the duration of the Noncompetition Period and for the two years thereafter, without the prior written consent of the Agent, it will not, nor will it permit any of its Affiliates to (i) solicit for employment any person",42
2976,"BELLICUMPHARMACEUTICALS,INC_05_07_2019-EX-10.1-Supply Agreement",Minimum Commitment,"At the time Bellicum reaches the Minimum Purchase requirements again, Miltenyi and Bellicum shall in good faith agree to continue the supply commitment.",23
4406,UsioInc_20040428_SB-2_EX-10.11_1723988_EX-10.11_Affiliate Agreement 2,Audit Rights,Network  1  shall  have  the right to inspect the Local Offices  during  normal business hours to insure compliance by Affiliate with is obligations  pursuant  to  Section  1.02  [LOCAL OFFICE (AFFILIATE OFFICE)].,31
5668,SMITHELECTRICVEHICLESCORP_04_04_2012-EX-10.26-FLEET MAINTENANCE AGREEMENT,Post-Termination Services,SEV shall remain liable for the repairs described in Clause 4.12 identified by DCL for a period of thirteen weeks from the end  of the Contracted Period and shall provide such repairs on a free of charge basis.,38
4390,UsioInc_20040428_SB-2_EX-10.11_1723988_EX-10.11_Affiliate Agreement 2,Governing Law,"All disputes or claims by NETWORK 1  hereunder shall be resolved by arbitration in San Antonio, Texas, pursuant to the  rules  of  the  American  Arbitration  Association.",26
5525,ReynoldsConsumerProductsInc_20200121_S-1A_EX-10.22_11948918_EX-10.22_Service Agreement,Audit Rights,"In connection with such review of TSA Records, and upon reasonable prior notice, a reviewing Party and its Affiliates shall have the right to discuss matters relating to the TSA Records with the employees of the Party or its Affiliates who are maintaining the relevant TSA Records and providing the Services, as applicable, during regular business hours and without undue disruption of the normal operations of such maintaining and providing Party or its Affiliates.",74
10045,CHEETAHMOBILEINC_04_22_2014-EX-10.43-Cooperation Agreement,Non-Compete,"6. Mix of competing business

Amend the pattern of the Union product or competing business to mislead users.",18
558,BONTONSTORESINC_04_20_2018-EX-99.3-AGENCY AGREEMENT,Insurance,"In the event of a claim under any such policies, Merchant shall be responsible for the payment of all deductibles, retentions or self- insured amounts thereunder (which may be reimbursed as an Expense and/or pursuant to the Wind-Down Payment, subject to the Wind-Down Budget and the Wind-Down Cap), unless it is determined that liability arose by reason of the willful misconduct or grossly negligent acts or omissions of Purchaser, or Purchaser's employees, independent contractors or agents.",76
8315,IpassInc_20181203_8-K_EX-99.1_11445874_EX-99.1_Reseller Agreement,Non-Transferable License,"Subject to the terms and conditions of this agreement, Channel Partner grants to you a royalty-free, non-exclusive, non-transferable, limited license right exercisable solely during the term of this agreement to: (1) reproduce, exactly as provided by Channel Partner, object code copies of the Client Software, as needed for distribution to your End Users the iPass Software; and to install and use the iPass Licensed Software.",65
7163,RevolutionMedicinesInc_20200117_S-1_EX-10.1_11948417_EX-10.1_Development Agreement,Irrevocable Or Perpetual License,"To the extent necessary to effect the foregoing in a country other than the United States, each Party grants to the other Party a nonexclusive, irrevocable, perpetual, fully-paid, worldwide license, with the right to grant sublicenses, under the granting Party's interest in Joint Program Technology, for any and all purposes, provided that RevMed's interest therein shall be subject to the other terms and conditions of this Agreement, including the exclusive licenses granted herein (during the Term) and all payment obligations.",80
2968,"BELLICUMPHARMACEUTICALS,INC_05_07_2019-EX-10.1-Supply Agreement",Renewal Term,"Thereafter, Bellicum shall have consecutive separate options to extend the Term for successive renewal terms of five (5) years each (each, a ""Renewal Term"", and",25
2483,N2KINC_10_16_1997-EX-10.16-SPONSORSHIP AGREEMENT,Rofr/Rofo/Rofn,"In the event that Excite intends to enter into an                   agreement with a third party with respect to retail music                   store sponsorships of the Excite Site before the expiration of                   the term of the Agreement, Excite will deliver to Sponsor a                   written notice describing the relevant opportunity.",47
1402,LegacyEducationAllianceInc_20200330_10-K_EX-10.18_12090678_EX-10.18_Development Agreement,No-Solicit Of Customers,"Further, during the Term, except as otherwise provided herein, neither T&B nor any of its Affiliates may",17
7208,AFSALABANCORPINC_08_01_1996-EX-1.1-AGENCY AGREEMENT,Minimum Commitment,"In the event  the  Company  is  unable  to sell a  minimum  of 935,000  Shares  within  the  period  herein  provided,   this  Agreement  shall terminate,  and the Company shall refund to any persons who have  subscribed for any of the Shares,  the full amount  which it may have  received  from them plus accrued  interest  as set  forth  in the  Offering  Prospectus;  and none of the parties  to this  Agreement  shall  have any  obligation  to the  other  parties hereunder,  except as set forth in this  Section 2 and in  Sections  7, 9 and 10 hereof.",92
8981,STARTECGLOBALCOMMUNICATIONSCORP_11_16_1998-EX-10.30-CONSTRUCTION AND MAINTENANCE AGREEMENT,Cap On Liability,"Subject to the  preceding          sentence, no Party shall be liable to any other Party in contract, tort          or otherwise including any liability for negligence for any indirect or          consequential loss or damage including, without limitation,  corruption          or loss of data,  loss of profit,  loss of  anticipated  savings all in          connection with this Agreement,  caused by its own acts or those of any          of its auxiliaries, such as employees, servants or agents.",71
12550,WaterNowInc_20191120_10-Q_EX-10.12_11900227_EX-10.12_Distributor Agreement,Expiration Date,"The initial term of this Agreement shall commence on the Effective Date and end on the five (5) year anniversary of the Effective Date (the ""Initial Term""), unless sooner terminated pursuant to the terms hereo",35
12609,SCOUTCAMINC_05_12_2020-EX-10.22-SERVICES AGREEMENT,Non-Compete,Maimon agrees during the term of this Agreement not to accept work or enter into a contract or accept an obligation inconsistent or incompatible with Maimon's obligations under this Agreement or with the scope of services to be rendered for the Company,42
8903,RISEEDUCATIONCAYMANLTD_04_17_2020-EX-4.23-SERVICE AGREEMENT,Expiration Date,The term of this Agreement shall be five (5) years.,10
545,BONTONSTORESINC_04_20_2018-EX-99.3-AGENCY AGREEMENT,Exclusivity,"orders of, and applicable restrictions imposed by, governmental authorities (collectively, the ""Applicable General Laws""), other than all applicable laws, rules and regulations in respect of ""going out of business"", ""store closing"" or similar-themed sales and permitting (collectively, the ""Liquidation Sale Laws"")",41
6155,Apollo Endosurgery - Manufacturing and Supply Agreement,Governing Law,"Notwithstanding its place of execution or performance, this Agreement shall be governed by and construed in accordance with the laws of the State of Texas, irrespective of its laws regarding choice or conflict of laws.",35
4568,SUMMAFOURINC_06_19_1998-EX-10.3-SOFTWARE LICENSE AND MAINTENANCE AGREEMENT,Warranty Duration,The acceptance specification shall be completed no later than 90 days after the effective date of this Agreement and shall be attached to this agreement as Exhibit F.,28
9494,"FIDELITYNATIONALINFORMATIONSERVICES,INC_08_05_2009-EX-10.3-INTELLECTUAL PROPERTY AGREEMENT",Affiliate License-Licensor,"Certegy hereby assigns, and shall cause each member of the Certegy Group to assign, to Equifax, or the respective Designated Equifax Member, all right, title and interest it may hold in and to such modifications, improvements, Equifax Enhancements and Derivative Works.",41
6645,"OTISWORLDWIDECORP_04_03_2020-EX-10.4-INTELLECTUAL PROPERTY AGREEMENT by and among UNITED TECHNOLOGIES CORPORATION, OTIS WORLDWIDE CORPORATION and CARRIER ~1",Non-Transferable License,"UTC, on behalf of itself and the other members of the UTC Group, hereby grants to Otis, Carrier and the other members of the Otis Group and the Carrier Group a limited, non-exclusive, non-transferable, personal and nonsublicensable right to continue temporarily to use, following the Effective Time, any United Technologies Trademark it is using immediately prior to the Effective Time, solely to the extent of such pre- Separation use and in accordance with product quality standards and programs in place at the respective member of the Otis Group or the Carrier Group immediately prior to the Effective Time, and strictly in accordance with this Section 4.2.3; provided that Otis and Carrier shall, and shall cause each of its respective Affiliates (including, after the Effective Time, the members of, respectively, the Otis Group and the Carrier Group) (a) not to hold itself out as having any affiliation with UTC or any member of the UTC Group (except to the extent a third party may infer such affiliation merely due to the limited use of the United Technologies Trademarks as contemplated herein), and (b) to use diligent efforts to eliminate use of the United Technologies Trademarks.",194
6733,Quaker Chemical Corporation - NON COMPETITION AND NON SOLICITATION AGREEMENT,Non-Compete,"Gulf Oil and Gulf India each agree during the Non-Compete Period not to acquire, directly or indirectly, control of any businesses involved in, or otherwise competing with, the business of the Combined Business from any entity on Schedule 1 hereto.",40
9345,"IOVANCEBIOTHERAPEUTICS,INC_08_03_2017-EX-10.1-STRATEGIC ALLIANCE AGREEMENT",Ip Ownership Assignment,"MD Anderson shall promptly make full written disclosure to LBIO, shall hold in trust for the sole right and benefit of LBIO, and hereby assigns, transfers and conveys to LBIO, or its designee, all of MD Anderson's worldwide right, title and interest in and to any and all Inventions and all Intellectual Property Rights therein and relating thereto[, provided that MD Anderson shall retain the right to use any such Invention for internal research, academic, and patient care purposes]",79
3260,HarpoonTherapeuticsInc_20200312_10-K_EX-10.18_12051356_EX-10.18_Development Agreement,Governing Law,"This Agreement or the performance, enforcement, breach or termination hereof shall be interpreted, governed by and construed in accordance with the laws of the State of Delaware, United States, excluding any conflicts or choice of law rule or principle that might otherwise refer construction or interpretation of this Agreement to the substantive law of another jurisdiction; provided that all questions concerning (a) inventorship of Patents under this Agreement shall be determined in accordance with Section 7.1.3 and (b) the construction or effect of Patents shall be determined in accordance with the laws of the country or other jurisdiction in which the particular Patent has been filed or granted, as the case may be.",113
470,PREMIERBIOMEDICALINC_05_14_2020-EX-10.2-INTELLECTUAL PROPERTY AGREEMENT,Revenue/Profit Sharing,"Royalty payments are payable from THI to Marv Enterprises, LLC and will be in the amount of 5% of the Fair Market Value of:   a. Licensed Product that is sold, leased or put into use by the THI or any Related Companies in the preceding calendar quarter; and   b. any service performed by THI or any Related Companies that directly or indirectly uses Licensed Product.",65
9939,EmeraldHealthBioceuticalsInc_20200218_1-A_EX1A-6 MAT CTRCT_11987205_EX1A-6 MAT CTRCT_Development Agreement,Exclusivity,"EHS and EHN shall have the exclusive rights in and to all ingredients, product specifications, goodwill, and all other intellectual property rights associated with any Product(s); provided, however, that EHS and EHN shall not have any rights in or to Dr. Murray's name or likeness except as expressly granted in writing herein or via electronic transmission by Dr. Murray.",59
12803,"GOOSEHEADINSURANCE,INC_04_02_2018-EX-10.6-Franchise Agreement",Change Of Control,"You represent and warrant to us, and agree, that your owners are accurately set forth on Exhibit C to this Agreement, and you also agree not to permit the identity of those owners, or their respective interests in you, to change without complying with this Agreement.",46
789,PfHospitalityGroupInc_20150923_10-12G_EX-10.1_9266710_EX-10.1_Franchise Agreement1,Post-Termination Services,"Your lease (or rider to a lease) must include provisions that will: (a) Allow us the right to elect to take an assignment of the leasehold interest upon termination or expiration of your rights under this Agreement, and that allow us (or our designee) to operate a ""Pizza Fusion"" restaurant upon the premises for the remaining term of the lease or sublease; (b) Require the lessor to provide us with a copy of any written notice of deficiency under the lease sent to you, at the same time as notice is given to you (as the lessee under the lease), and which grants to us the right (but not obligation) to cure any deficiency by you under the lease within fifteen (15) business days after the expiration of the period in which you had to cure any such default should you fail to do so;",145
10722,ENTRUSTINC_07_24_1998-EX-10.5-STRATEGIC ALLIANCE AGREEMENT,Cap On Liability,"Notwithstanding the foregoing, each of Nortel's and Entrust's liability to the other Party for breach of Article II shall not exceed U.S.$10,000,000.",22
4262,AMBASSADOREYEWEARGROUPINC_11_17_1997-EX-10.28-ENDORSEMENT AGREEMENT,Covenant Not To Sue,"Diplomat agrees that it will not at any time during the term of this Agreement or thereafter attack (i) KI, Inc.'s title to, or rights in and to, KI's name or (ii) the validity of this license.",37
2922,PacificapEntertainmentHoldingsInc_20051115_8-KA_EX-1.01_4300894_EX-1.01_Content License Agreement,Revenue/Profit Sharing,"In lieu of PACIFICAP ENTERTAINMENT granting a 10 year Exclusive Content License to THE HENRY FILM AND ENTERTAINMENT CORPORATION, THE HENRY FILM ANDENTERTAINMENT CORPORATION agrees to share 10% of the net revenue from any and all advertising sales, Syndication Fees and Licensing fees generated from all television shows, DVD Magazines, Internet Streaming Video Television Shows, Television Shorts, Radio Shows, Radio Shorts, Cell Phone Video Clips, Caller ID Video Clips, Promotional Commercials, Websites, Streaming Video Commercials, Streaming Video Highlight Shows, 24 Hour Nostalgia Sports Network, DVD Program Package, Television Show Series, stock footage library, and print promotional posters, created and or produced with any content provided by PACIFICAP ENTERTAINMENT.",108
11413,ACCELERATEDTECHNOLOGIESHOLDINGCORP_04_24_2003-EX-10.13-JOINT VENTURE AGREEMENT,Expiration Date,"The Joint Venture shall commence on the 1st of      March, 2003, and shall be effective until February 28, 2004 unless extended      by written agreement of the Joint Venturers not less than thirty (30) days      prior to scheduled termination.",38
3885,IGENEBIOTECHNOLOGYINC_05_13_2003-EX-1-JOINT VENTURE AGREEMENT,Non-Compete,"After the Effective Date and as long as Igene and T&L continue to own an interest in the Operating Company, neither of the Parties shall, or shall cause or permit any of their Affiliates to, directly or indirectly, as stockholders, consultants, members, partners or in any other capacity, engage in any enterprise or business anywhere in the world, which (a) manufactures Astaxanthin or (b) develops, markets, or sells products falling within the Field of Agreement.",75
4563,SUMMAFOURINC_06_19_1998-EX-10.3-SOFTWARE LICENSE AND MAINTENANCE AGREEMENT,Audit Rights,"D2 may audit such records by engaging an independent public audit firm, approved in advance by Licensee, upon thirty days written notice, provided that (i) no more than one such audit may be made in any twelve month period, (ii) D2 may only audit LICENSEE's records for a particular time period once, and (iii) D2 shall be responsible for ensuring that the auditor executes and abides by LICENSEE's confidentiality agreement.",70
567,BONTONSTORESINC_04_20_2018-EX-99.3-AGENCY AGREEMENT,Insurance,"If requested by Agent, Merchant shall, at Agent's expense, insure the Additional Agent Merchandise and, if required, promptly file any proofs of loss with regard to same with Merchant's insurers.",30
7784,DIVERSINETCORP_03_01_2012-EX-4-RESELLER AGREEMENT,Cap On Liability,"With respect to the Operation  Warranty, Reseller's sole remedy, and Diversinet's sole obligation, shall be to cause the Product to operate substantially in accordance with  its documentation in a timely manner.",31
13114,JOINTCORP_09_19_2014-EX-10.15-FRANCHISE AGREEMENT,Insurance,"We have the right to terminate this Agreement effective upon delivery of notice of termination to you, if:",18
3950,EtonPharmaceuticalsInc_20191114_10-Q_EX-10.1_11893941_EX-10.1_Development Agreement,Insurance,The Parties shall provide written proof of such insurance to each other upon request.,14
9445,TELKOMSALTD_01_30_2003-EX-10-LICENCE AND MAINTENANCE AGREEMENT,Insurance,"Insurance in terms of the Compensation for Injuries and Diseases Act, No. 130 of   1993, as amended",17
8272,AURASYSTEMSINC_06_16_2010-EX-10.25-STRATEGIC ALLIANCE AGREEMENT,Change Of Control,or (v) the ownership or  operations of the non-terminating party have materially changed;,13
8260,AURASYSTEMSINC_06_16_2010-EX-10.25-STRATEGIC ALLIANCE AGREEMENT,Most Favored Nation,"In accordance with Section 3.6 below,  at no time shall any Product price exceed the lowest price for which Zanotti sells such Product (or substantial equivalent thereof) in similar  quantities to any third party.",34
2418,NEONSYSTEMSINC_03_01_1999-EX-10.5-DISTRIBUTOR AGREEMENT_Amendment,Revenue/Profit Sharing,"Licensee shall pay to Licensor for each Licensed                          Product licensed to a Redistributor or a Customer a





                         royalty equal to the Specified Royalty Percentage of                          all revenues received (without deduction for value                          added tax, if any, but excluding any revenues for                          maintenance and support or upgrade services, which                          revenues are covered in paragraph (b) below) by                          Licensee under the Redistributor Agreement or                          Sublicense applicable to such Licensed Product.",68
7204,AFSALABANCORPINC_08_01_1996-EX-1.1-AGENCY AGREEMENT,Termination For Convenience,"If any of the conditions  specified in Section 8 shall not have been  fulfilled when and as required by this  Agreement,  or by the Closing Date,  or waived in writing  by Capital  Resources,  this  Agreement  and all of Capital Resources  obligations hereunder may be canceled by Capital Resources by notifying the Association of such  cancellation in writing or by telegram at any time at or prior to the  Closing  Date,  and,  any  such  cancellation  shall be without  Liability of any party to any other party except as otherwise  provided in Sections 2, 7, 9 and 10 hereof.",97
7785,DIVERSINETCORP_03_01_2012-EX-4-RESELLER AGREEMENT,Cap On Liability,"EXCEPT TO THE EXTENT DIRECT FORESEEABLE DAMAGES, IN NO EVENT SHALL DIVERSINET BE LIABLE FOR ANY INDIRECT,  SPECIAL, INCIDENTAL OR CONSEQUENTIAL DAMAGES (INCLUDING WITHOUT LIMITATION ANY COMMERCIAL DAMAGES OR  LOSSES) AS A RESULT OF THE USE, SALE OR DISTRIBUTION OF THE BUNDLED PRODUCT, WHETHER BY WAY OF A LEGAL  THEORY OF CONTRACT, TORT (INCLUDING NEGLIGENCE), PRODUCT LIABILITY, STRICT LIABILITY, OR ANY OTHER THEORY,  EVEN IF DIVERSINET HAS BEEN INFORMED OF THE POSSIBILITY OF SUCH DAMAGES.",75
6306,FulucaiProductionsLtd_20131223_10-Q_EX-10.9_8368347_EX-10.9_Content License Agreement,Revenue/Profit Sharing,The revenue share for the Program is stated in Exhibit B.,11
13745,KINGPHARMACEUTICALSINC_08_09_2006-EX-10.1-PROMOTION AGREEMENT,Governing Law,"This Agreement will be construed under and in accordance with, and governed in all respects by, the laws of the State of New York, without regard to its conflicts of law principles.",32
3311,HarpoonTherapeuticsInc_20200312_10-K_EX-10.18_12051356_EX-10.18_Development Agreement,Post-Termination Services,"If AbbVie terminates this Agreement with respect to a country or other jurisdiction, or in its entirety pursuant to Section 12.3, AbbVie shall have the right for at least [REDACTED DURATION] and no more than [REDACTED DURATION], which period shall be determined by Harpoon in its sole discretion, after the effective date of such termination with respect to such country or other jurisdiction to sell or otherwise dispose of all Licensed Compound or Licensed Product then in its inventory and any in-progress inventory, in each case that is intended for sale or disposition in such country or other jurisdiction, as though this Agreement had not terminated with respect to such country or other jurisdiction, and such sale or disposition shall not constitute infringement of Harpoon's or its Affiliates' Patent or other intellectual property or other proprietary rights.",135
7975,GOLDRESOURCECORP_12_11_2008-EX-10.1-STRATEGIC ALLIANCE AGREEMENT,Rofr/Rofo/Rofn,"If any of HOC Entities provides the Company an acceptance (the ""HOC JV Acceptance Notice"") in writing in respect of the Joint Venture Proposal Notice, within fifteen (15) Business Days of receipt thereof or such shorter period as may be specified in the Joint Venture Proposal Notice of a determination in respect of the Proposed Joint Venture, the Company shall negotiate exclusively in good faith with HOC to finalize terms of the Proposed Joint Venture acceptable to each of the Parties, acting reasonably, within a period of sixty days or such additional period as the Parties may from time to time agree in writing (the ""JV Negotiation Period""), failing which the Company shall be entitled to pursue other partners for the Proposed Joint Venture.",124
487,"SIBANNAC,INC_12_04_2017-EX-2.1-Strategic Alliance Agreement",Termination For Convenience,This Agreement may also be terminated by either party upon ninety (90) days written notice.,15
5825,VIOLINMEMORYINC_12_12_2012-EX-10.14-SPONSORSHIP AGREEMENT,Insurance,"During the Term of this Agreement, *** shall, at no cost to the ***, maintain (or cause to be maintained) the following insurance coverage with insurers having a ""Best's"" rating of A­VIII or better: commercial general liability insurance, including coverage for bodily injury, property damage, personal and advertising injury, products/completed operations and contractual liability with a minimum amount of ten million US Dollars (USD $10,000,000.00) for each occurrence. *** shall furnish the other Party with a certificate of insurance evidencing such insurance coverage, which shall further contain a provision that the",91
9497,"FIDELITYNATIONALINFORMATIONSERVICES,INC_08_05_2009-EX-10.3-INTELLECTUAL PROPERTY AGREEMENT",Affiliate License-Licensee,"Without limiting the foregoing, Equifax hereby grants, and will cause the other members of the Equifax Group to grant, to Certegy a fully paid, non- exclusive, perpetual, worldwide, transferable license to use, modify, improve, create Derivative Works from, and sublicense, the Utility Software Programs (in both object and source code format) identified on Exhibit L as being owned by Equifax or a member of the Equifax Group for any and all fields of use and to any and all Persons.",80
13090,JOINTCORP_09_19_2014-EX-10.15-FRANCHISE AGREEMENT,Minimum Commitment,"(11) you fail to meet the minimum local advertising expenditures required in Section 11.2, and to provide the required proof of your expenditures;",23
13024,ParatekPharmaceuticalsInc_20170505_10-KA_EX-10.29_10323872_EX-10.29_Outsourcing Agreement,Uncapped Liability,"EXCEPT AS SET FORTH BELOW IN THIS SECTION 13.4(b), [* * *], AS APPLICABLE, IN NO EVENT SHALL A PARTY'S LIABILITY, HOWEVER CAUSED AND ON ANY THEORY OF LIABILITY, BE GREATER THAN, PER CLAIM OR SERIES OF CLAIMS ARISING FROM THE SAME CAUSE OF ACTION, [* * *].",48
9919,StaarSurgicalCompany_20180801_10-Q_EX-10.37_11289449_EX-10.37_Distributor Agreement,Insurance,"On a separate endorsement, Distributor shall name STAAR as an additional named insured.",13
5441,BUFFALOWILDWINGSINC_06_05_1998-EX-10.3-FRANCHISE AGREEMENT,Non-Compete,"Each of you agrees that during the period Franchisee operates any Buffalo Wild Wings and/or bw-3 Restaurants, or has any beneficial interest therein, or holds any rights to develop one or more such Restaurants (including all renewal periods) you shall not directly or indirectly on your own account or as an employee, consultant, partner, officer, director, shareholder or member of any person, firm, entity, partnership, corporation or company, own, operate, lease franchise, engage in, be connected with, have any interest in, or assist any person or entity engaged in:  1) any restaurant business, 2) any prepared food business, or 3) any other business which sells prepared food products the same or similar as the type sold in our System.",119
3539,AIRSPANNETWORKSINC_04_11_2000-EX-10.5-Distributor Agreement,Covenant Not To Sue,"Distributor recognizes the validity of Airspan's copyright in any written material to which Airspan shall have made a claim to copyright protection, and Distributor specifically recognizes Airspan's exclusive right to copyright protection and/or registration of any translation of any advertising, promotional, or descriptive material furnished to Distributor by Airspan.",49
11246,ALLIANCEBANCORPINCOFPENNSYLVANIA_10_18_2006-EX-1.2-AGENCY AGREEMENT,Governing Law,This Agreement shall be governed by and construed in accordance with the laws of the State of New York applicable to agreements made and to be performed in said State without regard to the conflicts of laws provisions thereof.,39
10051,CHEETAHMOBILEINC_04_22_2014-EX-10.43-Cooperation Agreement,Revenue/Profit Sharing,"(7) If the default traffic is more than ***, the share of revenues for the non-default traffic is ***%, and the share of revenuesfor the default traffic is ***%;

  (8) If the default traffic is more than ***, the share of revenues for the non-default traffic is ***%, and the share of revenuesfor the default traffic is ***%; and

  (9) If the default traffic is more than ***, the share of revenues for the non-default traffic is ***%, and the share of revenuesfor the default traffic is ***%.",88
310,"MetLife, Inc. - Remarketing Agreement",Cap On Liability,"Notwithstanding the provisions of this subsection (d), no Remarketing Agent shall be required to contribute any amount in excess of the amount by which the total price at which the applicable Securities remarketed by it and distributed to the public were offered to the public exceeds the amount of any damages which such Remarketing Agent has otherwise been required to pay by reason of such untrue or alleged untrue statement or omission or alleged omission.",75
12827,"GOOSEHEADINSURANCE,INC_04_02_2018-EX-10.6-Franchise Agreement",Affiliate License-Licensor,"You hereby grant to us (and agree to obtain from your affiliates, owners, employees, and/or contractors), a perpetual, non-exclusive, and worldwide right to use any such ideas, concepts, methods, techniques and products in any businesses that we and/or our affiliates, franchisees and designees operate. We will have the right to use those ideas, concepts, methods, techniques, and/or products without making payment to you. You agree not to use or allow any other person or entity to use any such concept, method, technique or product",84
8641,"CORALGOLDRESOURCES,LTD_05_28_2020-EX-4.1-CONSULTING AGREEMENT",Ip Ownership Assignment,"The Consultant will assist the Company in obtaining and enforcing, for the Company's own benefit, patents, copyrights and any other protections in any and all countries for any and all Works made by the Consultant (in whole or in part) the rights to which belong to or have been assigned to the Company.",53
3692,GRANTIERRAENERGYINC_05_07_2012-EX-10.6-TRANSPORTATION CONTRACT,Volume Restriction,Contracted Capacity: means the Capacity of the Pipeline committed through Transportation Contracts.,12
9422,TELKOMSALTD_01_30_2003-EX-10-LICENCE AND MAINTENANCE AGREEMENT,Joint Ip Ownership,"In the event that SAP AFRICA develops jointly with TELKOM for universal   application and jointly funds with TELKOM, any extension or modification to the   licensed SOFTWARE, then save as may otherwise be agreed upon in writing by   SAP AFRICA and TELKOM, such extensions or modifications will be the joint   property of SAP AFRICA and TELKOM provided that   8. 3. 1.    Neither SAP AFRICA nor TELKOM will grant to any third party, either   expressly or impliedly, any rights, title, interest in, or licences to, such jointly   developed modification or extension.",89
5774,NeoformaInc_19991202_S-1A_EX-10.26_5224521_EX-10.26_Co-Branding Agreement,Uncapped Liability,"Except for claims under Sections 15.4  [INDEMNIFICATION BY NEOFORMA] and 15.5  [INDEMNIFICATION BY VERTICALNET] hereof, neither Party may bring a claim or action regardless of form, arising out of or related to this Agreement, including any claim of fraud or misrepresentation, more than two years after the cause of action accrues or",52
2869,HEALTHGATEDATACORP_11_24_1999-EX-10.1-HOSTING AND MANAGEMENT AGREEMENT (1),Post-Termination Services,"The period of             liaison will commence as soon as notice has been given of             termination of this Agreement, and will continue for a maximum             period of 3 months after termination;",30
6573,SFGFINANCIALCORP_05_12_2009-EX-10.1-SOFTWARE LICENSE AND MAINTENANCE AGREEMENT,Renewal Term,The Agreement may be renewed for an additional period of  seven (7) years at the option of the Licensor.,19
1603,AzulSa_20170303_F-1A_EX-10.3_9943903_EX-10.3_Maintenance Agreement2,Governing Law,"Pursuant to and in accordance with Section 5-1401 of the New York General Obligations Law, the Parties hereto agree that this Amendment in all respects, and any claim or cause of action based upon or arising out of this Amendment, or any dealing between the Parties relating to the subject matter of this Amendment or the transactions contemplated hereby or the Company/Repairer relationship being established, shall be governed by, and construed in accordance with, the laws of the State of New York, U.S.A. as applied to contracts to be performed wholly within the State of New York (Exclusive of Section 7-101 of the New York General Obligations Law which is inapplicable to this Amendment).",114
10020,BEYONDCOMCORP_08_03_2000-EX-10.2-CO-HOSTING AGREEMENT,Minimum Commitment,"""Minimum Revenue Targets"" shall mean: (i) in the first (1st) year of the Term, Aggregate Revenues of not less than Nine Million Dollars ($9,000,000) and (ii) in the second (2nd) year of the Term, Aggregate Revenues of not less than Twelve Million Dollars ($12,000,000).",44
9414,TELKOMSALTD_01_30_2003-EX-10-LICENCE AND MAINTENANCE AGREEMENT,Revenue/Profit Sharing,"In addition to the Licence Fee, TELKOM shall pay to SAP AFRICA an amount   equal to that percentage stipulated in 5. 3 (""the REVENUE SHARE   PERCENTAGE""), of TELKOM'S total gross revenue that TELKOM earns or   derives from commercial exploitation of the SOFTWARE licensed in terms hereof.",46
849,CORIOINC_07_20_2000-EX-10.5-LICENSE AND HOSTING AGREEMENT,Non-Transferable License,"Subject to the terms and conditions of this         Agreement, Commerce One grants to Corio a nonexclusive, nontransferable         (except in accordance with Section 14.1 of this Agreement),         royalty-free, fully paid up, perpetual right and license in the         Territory to reproduce, install and use additional copies of the         Software and Software tools and utilities, subject to any restrictions         placed on the Commerce One by third party software providers, in machine         executable object code for (i) Corio's internal business operations and         (ii) production, testing, development, upgrade, reporting and training.",86
5169,"BABCOCK_WILCOXENTERPRISES,INC_08_04_2015-EX-10.17-INTELLECTUAL PROPERTY AGREEMENT between THE BABCOCK _ WILCOX COMPANY and BABCOCK _ WILCOX ENTERPRISES, INC.",Affiliate License-Licensee,"SpinCo may sublicense the Licensed RemainCo Intellectual Property to Affiliates of SpinCo, even if they become Affiliates after the Distribution Date, solely within the scope of its licenses in Article 5, provided that such sublicense shall only be effective for such time as such entity remains an Affiliate of SpinCo",50
5403,HYPERIONSOFTWARECORP_09_28_1994-EX-10.47-EXCLUSIVE DISTRIBUTOR AGREEMENT,Notice Period To Terminate Renewal,"Either party may cancel this Agreement effective on the last day of the Initial Term, or",16
12337,2ThemartComInc_19990826_10-12G_EX-10.10_6700288_EX-10.10_Co-Branding Agreement_ Agency Agreement,Expiration Date,"The term of this Agreement shall continue for one (1) year following the Launch Date, unless earlier terminated as provided herein.",21
11030,GarrettMotionInc_20181001_8-K_EX-2.4_11364532_EX-2.4_Intellectual Property Agreement,Affiliate License-Licensee,"Hence, as of the Distribution Date, SpinCo hereby grants, and agrees to cause the members of the SpinCo Group to hereby grant, to Honeywell and the members of the Honeywell Group a non-exclusive, royalty-free, fully-paid, perpetual, sublicenseable (solely to Subsidiaries and suppliers for ""have made"" purposes), worldwide license to use and exercise rights under the SpinCo Shared IP (excluding Trademarks and the subject matter of any other Ancillary Agreement), said license being limited to use of a similar type, scope and extent as used in the Honeywell Business prior to the Distribution Date and the natural growth and development thereof.",100
9655,"OMINTO,INC_03_29_2004-EX-10-RESELLER AGREEMENT",Termination For Convenience,Either party may terminate the Agreement on 60-days written notice during a      renewed term.,14
7525,IMMUNOMEDICSINC_08_07_2019-EX-10.1-PROMOTION AGREEMENT,Post-Termination Services,"In furtherance of the foregoing, and at the request of either Party, the Joint Commercial Team, reasonably in advance of the expected end of the Term shall develop and approve a transition plan that contains, among other things, a plan for notifying Targets and other customers or health care providers of such termination or expiration and transition, and, if applicable, provides for the completion of any events set forth in a Brand Plan which are already scheduled but will take place after the effective date of termination or expiration.",89
12110,BellringBrandsInc_20190920_S-1_EX-10.12_11817081_EX-10.12_Manufacturing Agreement1,Minimum Commitment,"During the Term of this Agreement, Premier shall be required to purchase a Minimum Annual Order Volume (""MAOV"") of [REDACTED AMOUNT] (""Units"") for each twelve-month period commencing July 1, 2017, and for the six-month period commencing July 1, 2022 and ending December 31, 2022, Premier will be required to purchase [REDACTED AMOUNT] Units (the twelve-month periods and the six month period are each a ""Contract Period"").",64
4487,"Magenta Therapeutics, Inc. - Master Development and Manufacturing Agreement",Warranty Duration,"In the event that Magenta does not inform Bachem within the [REDACTED DURATION] period that the Product does not meet the Specifications, Magenta shall be deemed to have accepted the Product.",30
4550,SUMMAFOURINC_06_19_1998-EX-10.3-SOFTWARE LICENSE AND MAINTENANCE AGREEMENT,Minimum Commitment,Minimum response time for R2        detect delay + generate             detect delay + generate delay compelled signaling                 delay                                     detect delay + decision             detect delay + decision delay +                                     delay + generate delay - -------------------------------------------------------------------------------------------- ------------ Accept Levels                       -5 dBm0 to -31.5 dBm0 must          Minimum power is                                     detect;                             configurable from -25 dBm to                                     -38.5 dBm0 must reject              -45 dBm per frequency,59
2870,HEALTHGATEDATACORP_11_24_1999-EX-10.1-HOSTING AND MANAGEMENT AGREEMENT (1),Post-Termination Services,"Upon termination of this Agreement and for a period of six (6) months       thereafter, the Publishers will have the following rights and obligations:

      33.1. Commencing upon any notice of termination by the Publishers,             HealthGate will comply with the Publishers' reasonable directions,             and will provide to the Publishers any and all termination             assistance reasonably requested by the Publishers to allow the             Services to continue and to facilitate the orderly transfer of             responsibility for the Services to the Publishers or a successor             provider of Services designated by the Publishers. The termination             assistance to be provided to the Publishers by HealthGate may             include the following:

            33.1.1. Continuing to perform, for a reasonable period (as





                    determined by the Publishers) of up to six (6) months                     following the termination date, any or all of the Services                     then being performed by HealthGate.",136
1948,RareElementResourcesLtd_20171019_SC 13D_EX-99.4_10897534_EX-99.4_Intellectual Property Agreement,Irrevocable Or Perpetual License,"Investor hereby agrees to grant to Company a non-exclusive, irrevocable, royalty-free license under any Investor Improvement and any patent claiming such Investor Improvement, solely for use in rare earth mineral processing and rare earth separation, to make and have made, use, offer to sell, sell and import products made using the Investor Improvements.",53
577,"ON2TECHNOLOGIES,INC_11_17_2006-EX-10.3-SUPPORT AND MAINTENANCE AGREEMENT",Governing Law,"This Agreement shall be governed by and construed in accordance with the laws of the State of New York, without giving effect to any choice of law or conflict of law provision or rule whether such provision or rule is that of the State of New York or any other jurisdiction.",51
1139,CytodynInc_20200109_10-Q_EX-10.5_11941634_EX-10.5_License Agreement,Covenant Not To Sue,"Neither Vyera, nor any of its Affiliates shall directly or indirectly, challenge, or assist any Third Party to dispute or challenge, in a legal or administrative proceeding the patentability, enforceability or validity of any CytoDyn Patents.",36
2788,AimmuneTherapeuticsInc_20200205_8-K_EX-10.3_11967170_EX-10.3_Development Agreement,Exclusivity,"Subject to the terms and conditions of this Agreement, Xencor hereby grants to Aimmune during the Term an exclusive, worldwide, payment-bearing license under and with respect to Xencor Patents and Xencor's interest in Joint Collaboration Patents, and a non-exclusive, payment bearing license under and with respect to Xencor Know-How, in each case, with the right to sublicense solely in accordance with Section 2.3.2, solely to Develop, Manufacture and Commercialize the Product in and for the Licensed Field; provided that notwithstanding the foregoing, Xencor shall retain the right under and with respect to Xencor Patents and Xencor's interest in Joint Collaboration Patents to the extent necessary to perform its obligations under this Agreement.",112
7696,CoherusBiosciencesInc_20200227_10-K_EX-10.29_12021376_EX-10.29_Development Agreement,No-Solicit Of Employees,"Each Party agrees that, during the [REDACTED] ([REDACTED]) [REDACTED] period starting from the Effective Date, such Party will not, directly or indirectly, solicit for employment any employee of the other Party or its Affiliates or otherwise induce or attempt to induce such employees to terminate their employment with such other Party or such other Party's Affiliates; provided, however, that general public solicitations and advertisements not directed at employees of the other Party, and the extension of offers to persons who respond to such general solicitations and advertisements, will not be deemed violations of this provision.",95
10176,"VISIUMTECHNOLOGIES,INC_10_20_2004-EX-10.20-DISTRIBUTOR AGREEMENT",Warranty Duration,The first year warranty starts with the date of shipment      and terminates on the anniversary of the first year.,19
857,CORIOINC_07_20_2000-EX-10.5-LICENSE AND HOSTING AGREEMENT,Source Code Escrow,"Upon the release of the Source Code to Corio pursuant to         Section 12.2 of this Agreement, Corio shall have a royalty-free,         nonexclusive, nontransferable, right and license in the Territory to use         and modify the Source Code to support and maintain the Software until         the expiration or termination of Corio's Customers' End User License         Agreements.",54
6267,"HOSPITALITYINVESTORSTRUST,INC_04_07_2014-EX-10.26-FRANCHISE AGREEMENT",Change Of Control,"Our consent to the Change of Ownership Transfer is subject to the following conditions, all of which must be satisfied at or before the date of closing the Change of Ownership Transfer (""Closing""):   13.2.3.1 the Transferee submits a Change of Ownership Application, pays our then current franchise application fee and any PIP Fee, executes our then-current form of new franchise agreement and all ancillary forms, including a guaranty from a third-party acceptable to us, if required;   13.2.3.2 you are not in default of this Agreement or any other agreements with us or our Affiliates;   13.2.3.3 you or the Transferee pay all amounts due to us and the Entities through the date of the Closing;   13.2.3.4 you execute our then-current form of voluntary termination agreement, which may include a general release, covering termination of this Agreement;   13.2.3.5 you conclude to our satisfaction, or provide adequate security for, any suit, action, or proceeding pending or threatened against you, us or any Entity with respect to the Hotel, which may result in liability on the part of us or any Entity;",178
3987,ScansourceInc_20190822_10-K_EX-10.38_11793958_EX-10.38_Distributor Agreement1,Warranty Duration,"DISTRIBUTOR shall provide to its Resellers, [REDACTED DURATION] all warranty service for a minimum",13
11937,HfEnterprisesInc_20191223_S-1_EX-10.22_11931299_EX-10.22_Development Agreement,Notice Period To Terminate Renewal,"The Initial Term shall automatically renew for one-month periods thereafter unless either party provides 30- days advance notice of termination, unless earlier terminated pursuant to Section 2.2 hereof.",28
13067,JOINTCORP_09_19_2014-EX-10.15-FRANCHISE AGREEMENT,Rofr/Rofo/Rofn,We will not exercise a right of first refusal with respect to a proposed Transfer of less than a controlling interest to a member of a Principal Owner's immediate family or to your key employees.,35
8999,TRIZETTOGROUPINC_08_18_1999-EX-10.17-TECHNICAL INFRASTRUCTURE MAINTENANCE AGREEMENT,Notice Period To Terminate Renewal,"Customer, upon thirty days prior written notice, may cancel this           Agreement at the end of the Initial Term and thereafter on each           anniversary of the end of the Initial Term.",30
7178,RevolutionMedicinesInc_20200117_S-1_EX-10.1_11948417_EX-10.1_Development Agreement,Post-Termination Services,"If at the time of such termination, Sanofi or its Affiliates are conducting any Clinical Trials (including Registrational Clinical Trials) of a Termination Product, then, at RevMed's election on a trial-by-trial basis, Sanofi shall cooperate, and shall ensure that its Affiliates cooperate, with RevMed to transfer the conduct of all such Clinical Trials to RevMed within [REDACTED DURATION] after the effective date of such transfer (to the extent practical in light of applicable regulatory and patient safety concerns) and RevMed shall assume any and all liability, and is liable, for such Clinical Trials conducted after the effective date of such termination (except to the extent Sanofi has an obligation of indemnification under Article XIV existing for a claim that arose prior to the effective date of such termination).",127
7390,Microgenics Corporation - Collaborative Development and Commercialization Agreement,Non-Transferable License,"[REDACTED] hereby grants to [REDACTED] a non-exclusive, non-transferable (except",9
5020,TomOnlineInc_20060501_20-F_EX-4.46_749700_EX-4.46_Co-Branding Agreement,Post-Termination Services,"The Parties (including Online BVI on behalf of the Online Group) agree to maintain records (i) of all information reasonably necessary to verify all calculations to be made under Section 8.3.2, and (ii) supporting, verifying and necessary to demonstrate the calculation and collection of fees and/or revenue, as well as any deductions thereto, and payments made hereunder, including, without limitation, budgets, purchase orders, expense records, invoices, correspondence, banking and financial and other records pertaining to the determination of Gross Revenue, Direct Expenses and Adjusted Net Revenue, during the term of this Agreement and for a period of two (2) years following the expiration or termination hereof.",106
8198,RangeResourcesLouisianaInc_20150417_8-K_EX-10.5_9045501_EX-10.5_Transportation Agreement,Renewal Term,"This Agreement shall commence on the Effective Date and continue in full force and effect until the end of the fifteenth (15th) Contract Year, and shall continue in full force and effect thereafter until terminated by either Party by providing thirty (30) calendar days' prior written notice of termination to the other Party (such fifteen (15) Contract Year period, as may be further extended as provided herein is referred to as the ""Term"").",73
9728,"ADIANUTRITION,INC_04_01_2005-EX-10.D2-RESELLER AGREEMENT",Governing Law,"This Agreement shall be governed by and construed under the laws of the State of California, excluding conflict of laws provisions and excluding the 1980 United Nations Convention on Contracts for the International Sale of Goods.",36
10466,BizzingoInc_20120322_8-K_EX-10.17_7504499_EX-10.17_Endorsement Agreement,Termination For Convenience,"Theismann shall have the right to terminate this Agreement at any time upon thirty (30) days' written notice to Bizzingo, such  termination to become effective at the conclusion of such 30-day period.",32
10089,NEOMEDIATECHNOLOGIESINC_12_15_2005-EX-16.1-DISTRIBUTOR AGREEMENT,Governing Law,"The validity, construction, and performance of this Agreement shall be governed by and interpreted in accordance with the laws of the People's Republic of China.",25
5667,SMITHELECTRICVEHICLESCORP_04_04_2012-EX-10.26-FLEET MAINTENANCE AGREEMENT,Volume Restriction,"The Fleet Size, in respect of Maintenance Charges calculations shall only be allowed  to exceed this range following either a revision of Schedule One agreed by SEV and DCL or on the first day of a DCL Financial  Year.",39
9640,OFGBANCORP_03_28_2007-EX-10.23-OUTSOURCING AGREEMENT,Liquidated Damages,The parties acknowledge that the foregoing payments constitute reasonable and commercial liquidated damages.,13
3461,ACCURAYINC_09_01_2010-EX-10.31-DISTRIBUTOR AGREEMENT,Non-Transferable License,"Accuray hereby grants to  Customers of Products a non-exclusive, non-transferable and royalty-free license under any Patents owned by Accuray or the  licensing of which is controlled by Accuray that, but for this license, would be infringed by the use of such Products in accordance  with the applicable Specification.",48
2842,HEALTHGATEDATACORP_11_24_1999-EX-10.1-HOSTING AND MANAGEMENT AGREEMENT (1),Renewal Term,"If the Publishers exercise their right to renew,             the term of the Services shall be extended by one further year, up             to and including 28 February 2001.",27
2659,PrecheckHealthServicesInc_20200320_8-K_EX-99.2_12070169_EX-99.2_Distributor Agreement,Non-Compete,"Unless accepted by the Principal, the Distributor agrees that during the term of this Agreement, the Distributor, either directly or indirectly, shall handle no products that are competitive with the Products within the Territory.",34
9284,BNLFINANCIALCORP_03_30_2007-EX-10.8-OUTSOURCING AGREEMENT,Governing Law,This Agreement and performance hereunder shall be governed by the laws of the State of Oklahoma without regard to conflict of laws.,22
10240,"INNOVIVA,INC_08_07_2014-EX-10.1-COLLABORATION AGREEMENT",Revenue/Profit Sharing,The quarterly royalty payments made under this Section 6.3.1 may be based on estimated Net Sales.,16
11995,ArtaraTherapeuticsInc_20200110_8-K_EX-10.5_11943350_EX-10.5_License Agreement,Termination For Convenience,"Either Party may terminate the Project and all commitments and obligations with respect thereto, subject to Section 8.3 herein, upon thirty (30) days written notice to the other Party.",29
5019,TomOnlineInc_20060501_20-F_EX-4.46_749700_EX-4.46_Co-Branding Agreement,Affiliate License-Licensee,"Notwithstanding the foregoing, upon the prior written approval of Skype, which approval may be withheld in its sole discretion, the Company shall be permitted to sublicense its rights hereunder to a wholly-owned Subsidiary, a majority-owned Subsidiary of Tom Holding, or to an unaffiliated third party distributor or reseller, for the same purpose and under the same terms and conditions as the license set forth herein.",65
12261,LiquidmetalTechnologiesInc_20200205_8-K_EX-10.1_11968198_EX-10.1_Development Agreement,Joint Ip Ownership,The Parties shall work cooperatively toward the appropriate patent or other legal protection of such jointly and equally owned Intellectual Property.,21
12778,"GOOSEHEADINSURANCE,INC_04_02_2018-EX-10.6-Franchise Agreement",Governing Law,"This Agreement will be interpreted and construed exclusively under the laws of the State of Texas, which laws will prevail in the event of any conflict of law (without regard to, and without giving effect to, the application of Texas choice-of-law rules); provided, however, that if the covenants in Section 19 of this Agreement would not be enforced as written under

Page 55 of 80





Texas law, then the parties agree that those covenants will instead be interpreted and construed under the laws of the state in which the Franchised Business is located.",93
6204,IDREAMSKYTECHNOLOGYLTD_07_03_2014-EX-10.39-Cooperation Agreement on Mobile Game Business,Revenue/Profit Sharing,"After the bad debt provisions and the part allocated to the fee collection agent are deducted from the total revenue (total revenue * (1 - bad debt rate) * (1 - sharing percentage for fee collection channel)), Party A, on the one side, and all content providers participating in such access bundle sales, favorable package or other packaged promotional activities, on the other side, shall share the income at a ratio of 50%:50% (Party A: all content providers participating in such business). Party B and all the other content providers participating in such business shall share such 50% of income according to the proportion of the usage of their business to the total usage.",114
9115,"ARMSTRONGFLOORING,INC_01_07_2019-EX-10.2-INTELLECTUAL PROPERTY AGREEMENT",Ip Ownership Assignment,"Assignor does hereby irrevocably sell, convey, grant, set over, assign and transfer to Assignee, without reservation of any rights, title or interest, all of Assignor's worldwide and universal rights, title and interest in and to the Assigned Marks, including, but not limited to, the applications and registrations therefor which are identified in Schedule A attached hereto, together with the goodwill of the business symbolized by such Assigned Marks, the same to be held and enjoyed by Assignee, for its own use and enjoyment, and for the use and enjoyment of any of Assignee's successors and assigns, as the same would have been held and enjoyed by Assignor if this Assignment had not been made, including, but not limited to, all common-law rights of Assignor in and/or to the Assigned Marks, and",131
8040,BloomEnergyCorp_20180321_DRSA (on S-1)_EX-10_11240356_EX-10_Maintenance Agreement,Post-Termination Services,"entering into a new agreement with a third party operator governing operation and maintenance services to be provided to Owner on terms substantially similar to the terms of this Agreement, so that such replacement Operator shall be deemed a QFCP.",40
12088,"VIRTUALSCOPICS,INC_11_12_2010-EX-10.1-STRATEGIC ALLIANCE AGREEMENT",Ip Ownership Assignment,"Unless otherwise addressed in an Intellectual Property Amendment, PPD hereby assigns to VS all rights that PPD may have in any invention, technology, know-how or other intellectual property which is developed with use of Confidential Information provided to PPD by VS.",41
8642,"CORALGOLDRESOURCES,LTD_05_28_2020-EX-4.1-CONSULTING AGREEMENT",Ip Ownership Assignment,"The Consultant agrees that all discoveries, maps, technical studies, plans, spreadsheets, documents, inventions, copyright, software, improvements, know-how or other intellectual property, whether or not patentable or copyrightable, created by the Consultant during the Term of this Agreement pertaining to any service, matter, thing, process or method related to this Agreement (the ""Works"") will be the sole and absolute property of the Company.",62
483,"SIBANNAC,INC_12_04_2017-EX-2.1-Strategic Alliance Agreement",Expiration Date,"The term of this Agreement is twelve (12) months from the date hereof, and will be automatically renewed for one (1) additional twelve month period unless either party shall notify the other in writing of its intention not to renew.",40
8267,AURASYSTEMSINC_06_16_2010-EX-10.25-STRATEGIC ALLIANCE AGREEMENT,Exclusivity,"Pursuant to the terms and conditions set forth in this Agreement, Aura appoints Zanotti as its exclusive supplier of the Products  within the Territory and Field of Use and Zanotti hereby accepts such appointment.",34
5969,LeadersonlineInc_20000427_S-1A_EX-10.8_4991089_EX-10.8_Co-Branding Agreement,Non-Transferable License,"LeadersOnline hereby grants VerticalNet a non- exclusive, nontransferable, royalty-free right and license for the Term of this Agreement to use, copy or modify the LeadersOnline Mark, text describing LeadersOnline and the URL address of the LeadersOnline Site for the design and display of the LeadersOnline Employer Spotlights, provided, VerticalNet shall not alter the appearance of the LeadersOnline Mark without the consent of LeadersOnline.",63
2755,"BELLRINGBRANDS,INC_02_07_2020-EX-10.18-MASTER SUPPLY AGREEMENT",Expiration Date,"This Agreement will commence on the Effective Date and continue for an Initial Term of five (5) years, and will automatically renew for additional periods of five (5) years unless one Party notifies the other of its intention not to renew, no less than 12 months prior to the expiration of the then-current term, unless terminated as permitted under this Agreement.",61
10932,PROFOUNDMEDICALCORP_08_29_2019-EX-4.5-SUPPLY AGREEMENT,Irrevocable Or Perpetual License,"For greater certainty, ""New Technology"" shall exclude any (x) modification to Philips pre-existing Intellectual Property Rights (which, shall exclude any Intellectual Property Rights forming part of the ""Purchased Assets"" under the Purchase Agreement) and (y) developments developed not for the Products (collectively, ""Philips Retained Product IP'), provided that Philips and its Affiliates hereby grant to Customer under any such Intellectual Property Rights, which are applicable or used for the manufacturing of the Product, a non- exclusive, non-transferable (except in accordance with clause 18.4 (Assignment)), irrevocable, world-wide, fully paid-up license, without the right to grant sub-licenses, to make, have made, sell or commercialize in any other way the Product.",108
4650,MorganStanleyDirectLendingFund_20191119_10-12GA_EX-10.5_11898508_EX-10.5_Trademark License Agreement,Governing Law,"THIS AGREEMENT SHALL BE GOVERNED BY, AND CONSTRUED AND INTERPRETED IN ACCORDANCE WITH, THE LAW OF THE STATE OF NEW YORK.",21
6034,ArcaUsTreasuryFund_20200207_N-2_EX-99.K5_11971930_EX-99.K5_Development Agreement,Governing Law,"This Agreement shall be construed in accordance with the laws of the State of New York applicable to contracts formed and to be performed entirely within the State of New York, without regard to conflict of laws principles, and in accordance with the applicable provisions of the Investment Fund Act.",50
9196,SoupmanInc_20150814_8-K_EX-10.1_9230148_EX-10.1_Franchise Agreement1,Exclusivity,We will not grant other franchises nor establish our own Unit Franchises within the Master Territory during the term of this Agreement unless you do not meet the Minimum Development Quota.,31
502,INTRICONCORP_03_10_2009-EX-10.22-Strategic Alliance Agreement,Exclusivity,"Exclusivity Date means October 1, 2008, the date Intricon makes its first quarterly payment of the Minimum Payment;",18
3399,VERTICALNETINC_04_01_2002-EX-10.19-MAINTENANCE AND SUPPORT AGREEMENT,No-Solicit Of Employees,"In the event of a Vert-Non-Renewal Election, in addition to any rights or remedies that may be available to Converge under the Subscription License Agreement, the provisions of Section 8 above shall cease to apply with respect to Converge's solicitation or encouragement of any of the VNE Service Personnel to terminate their employment or independent contracting relationship with VNE and become an employee or independent contractor of Converge or its Affiliate.",71
11822,SANDRIDGEENERGYINC_08_06_2009-EX-10.6-OPERATIONS AND MAINTENANCE AGREEMENT,Termination For Convenience,"This Agreement shall commence on the Effective Date and, unless terminated earlier pursuant to Section 3.2 or 3.3 of this Agreement, shall  continue until the twentieth (20th) anniversary of the Effective Date; provided, however, (i) Operator shall have the right to terminate this  Agreement at any time upon no less than 120 days prior written notice to Owner, if Operator provides a substitute operator acceptable to Owner,  as determined in its reasonable discretion, who (A) has experience operating similar assets, (B) has the ability to provide at least the same quality  of service as Operator, (C) has the financial ability to perform the obligations hereunder, and (D) is ready, willing and able to execute an operation  and maintenance agreement substantially similar to this Agreement and acceptable to Owner, as determined in its reasonable discretion, and  (ii) Owner shall have the right to terminate this Agreement at any time upon no less than 120 days prior written notice to Operator.",159
11479,"BERKELEYLIGHTS,INC_06_26_2020-EX-10.12-COLLABORATION AGREEMENT",Renewal Term,"at the expiration of the Intended End of Term, Ginkgo has paid the Minimum Cumulative Purchase Commitment, but will not have paid to BLI the Full Purchase Target, then the Term of this Agreement shall automatically extend for an additional [REDACTED DURATION] ([REDACTED DURATION]) year period from the date of the expiration of the then-Intended End of Term so that, among other things, BLI may potentially receive the benefit of the Full Purchase Target and Ginkgo may receive the continuing benefit of royalty-free licenses.",82
3083,"XLITECHNOLOGIES,INC_12_11_2015-EX-10.1-Sponsorship Agreement",Non-Transferable License,"XLI shall have the right of prior written approval over all uses of the trademark ""XLI"" by WCC.",18
7265,"LEGACYTECHNOLOGYHOLDINGS,INC_12_09_2005-EX-10.2-DISTRIBUTOR AGREEMENT",Exclusivity,"SIERRA  hereby  grants  ENVISION an          exclusive,  royalty-free  sub-license of  the Product's future patents,          and patent  applications  to distribute,  sell  and market the Finished          Product.",24
10287,"ADUROBIOTECH,INC_06_02_2020-EX-10.7-CONSULTING AGREEMENT",No-Solicit Of Employees,"From the Effective Date and for twelve (12) months after the termination of this Agreement (the ""Restricted Period""), Consultant shall not, without Aduro's prior written consent, directly or indirectly, solicit or encourage any employee or contractor of Aduro or its affiliates to terminate employment with, or cease providing Services to, Aduro or its affiliates.",54
2536,ArconicRolledProductsCorp_20191217_10-12B_EX-2.7_11923804_EX-2.7_Trademark License Agreement,Change Of Control,"Notwithstanding the foregoing, no such consent of Licensor is required under this Agreement in the event of a Change of Control of Licensee so long as: (a) the resulting, surviving or transferee Person assumes all the obligations of the Licensee by operation of Law or pursuant to an agreement in form and substance reasonably satisfactory to the Licensor; and (b) the licenses granted herein shall not be transferrable or sublicensable to Affiliates of such Person unless such Affiliates were Affiliates of Licensee prior to such Change of Control.",88
5841,RaeSystemsInc_20001114_10-Q_EX-10.57_2631790_EX-10.57_Co-Branding Agreement,Termination For Convenience,NETTAXI  may terminate this Agreement at any time for,9
12665,IMPCOTECHNOLOGIESINC_04_15_2003-EX-10.65-JOINT VENTURE AGREEMENT,Non-Compete,"MINDA/MIL, since it will have access to the Technical Know-How which it would not have had otherwise, expressly agree that:



(a)   during the term of the Agreement, and thereafter for a period of five (5) years after the termination of the Agreement (such termination being termination by IMPCO due to default by MINDA/MIL), MIL/MINDA shall not, directly or indirectly, either alone or collectively or through any of its associates, affiliates, including subsidiaries or any entity owned or controlled by it enter into another joint venture agreement or marketing/distribution agreement with any company or persons in respect   15





  of the marketing and sale of goods similar to the Products in the Territory. by using the Technical Know-How",116
137,"KIROMICBIOPHARMA,INC_05_11_2020-EX-10.23-CONSULTING AGREEMENT",Termination For Convenience,Either Consultant or Company may terminate this Agreement upon prior written notice thereof to the other party.,17
13708,MERITLIFEINSURANCECO_06_19_2020-EX-10.(XIV)-MASTER SERVICES AGREEMENT,Governing Law,"This Agreement shall be governed by and construed in accordance with the laws of the Arizona, without regard to the conflict of laws provisions thereof.",25
4386,UsioInc_20040428_SB-2_EX-10.11_1723988_EX-10.11_Affiliate Agreement 2,Expiration Date,"The  term  (""Term"")  of  this Agreement shall be for one hundred eighty  days  (180)  from  the  date set forth below unless Network 1 or Visa or MasterCard  or Harris Bank doesn't approve Affiliate's ISO application, in which case,  the  Term  will  be  3 years.",44
9700,"DUOSTECHNOLOGIESGROUP,INC_04_21_2009-EX-10.1-STRATEGIC ALLIANCE AGREEMENT",Covenant Not To Sue,ISA shall not contest ownership by Rubicon of any of the foregoing.,12
10230,"INNOVIVA,INC_08_07_2014-EX-10.1-COLLABORATION AGREEMENT",Governing Law,"This Agreement shall be construed, and the respective rights of the Parties determined, according to the substantive law of the State of Delaware notwithstanding the provisions governing conflict of laws under such Delaware law to the contrary, except matters of intellectual property law which shall be determined in accordance with the intellectual property laws relevant to the intellectual property in question.",61
861,CORIOINC_07_20_2000-EX-10.5-LICENSE AND HOSTING AGREEMENT,Source Code Escrow,"If a Release Condition (as defined in Section 12.2         of this Agreement) occurs and the Escrow Agent provides the Source Code         to Corio under the escrow agreement, Corio agrees to hold the Source         Code in confidence pursuant to the provisions contained in Section 10 of         this Agreement, and not to use them for any purpose other than those         purposes contemplated under Section 12.3 of this Agreement.",66
6002,AgapeAtpCorp_20191202_10-KA_EX-10.1_11911128_EX-10.1_Supply Agreement,Renewal Term,"This agreement will be automatically renewed at the end of every ten (10) year term, with each subsequent term of renewal being for a ten (10) year term.",28
4248,AMBASSADOREYEWEARGROUPINC_11_17_1997-EX-10.28-ENDORSEMENT AGREEMENT,Volume Restriction,KI will participate in the production of up to one (1) product information/sales video per License Year during the period of this Agreement on behalf of Diplomat at a mutually acceptable time and place.,34
4371,LUCIDINC_04_15_2011-EX-10.9-DISTRIBUTOR AGREEMENT,Termination For Convenience,Either party may terminate this agreement by providing Ninety days Written Notice.,12
4663,MorganStanleyDirectLendingFund_20191119_10-12GA_EX-10.5_11898508_EX-10.5_Trademark License Agreement,Uncapped Liability,"INTERRUPTION AND THE LIKE) RELATING TO THIS AGREEMENT, EVEN IF IT HAS BEEN ADVISED OF THE POSSIBILITY OF SUCH DAMAGES.",20
12871,"OPTIMIZEDTRANSPORTATIONMANAGEMENT,INC_07_26_2000-EX-6.6-DISTRIBUTOR AGREEMENT",Renewal Term,"Provided  that COMWARE  purchases a minimum of $45,420.00      worth of  Products,  in any  combination,  during the Initial  Distribution





     Period,  this Agreement will automatically renew for an additional 6 months      (the Renewal  Period).",32
3339,DigitalCinemaDestinationsCorp_20111220_S-1_EX-10.10_7346719_EX-10.10_Affiliate Agreement,No-Solicit Of Employees,"During the Term and for a period of twelve (12) months thereafter Network Affiliate will not, without NCM's prior written  consent, either alone or in concert with others directly or indirectly solicit, entice, induce, or encourage: (i) any employee, contractor or agent of  NCM to terminate his or her employment, contractor or agency relationship with NCM,",56
4524,PapaJohnsInternationalInc_20190617_8-K_EX-10.1_11707365_EX-10.1_Endorsement Agreement,Non-Transferable License,"In consideration of the remuneration to be paid to ABG pursuant hereto and subject to the conditions and limitations contained herein, ABG grants to PAPA JOHN'S the non-transferrable, non-assignable, non-sublicensable, indivisible right and license solely during the Term of the Agreement and within the Territory to use the Celebrity Endorsement, in each instance, subject to ABG's Approval (as hereinafter defined).",60
12512,ArmstrongFlooringInc_20190107_8-K_EX-10.2_11471795_EX-10.2_Intellectual Property Agreement,Affiliate License-Licensor,"""Company Licensed Know-How"" means all Know-How owned by any Company Entity as of the Effective Date and used or held for use in the Arizona Field as of the Effective Date.",31
5603,WARNINGMANAGEMENTSERVICESINC_12_10_1999-EX-10-ENDORSEMENT AGREEMENT,Volume Restriction,"Anything herein to the contrary notwithstanding, Company shall not have the right to distribute photographs of Manning which are larger than 5"" x 7"".",24
7478,AIRTECHINTERNATIONALGROUPINC_05_08_2000-EX-10.4-FRANCHISE AGREEMENT,No-Solicit Of Customers,Other AIRSOPURE franchisees will not be permitted to solicit customers for Products by advertising in Your Exclusive Territory.,18
6281,"HOSPITALITYINVESTORSTRUST,INC_04_07_2014-EX-10.26-FRANCHISE AGREEMENT",Liquidated Damages,"If this Agreement terminates before the Expiration Date, you will pay us Liquidated Damages as follows:   14.4.1.1 If termination occurs before you begin the Hotel Work and before the Opening Date, and you or any Guarantor (or your or any Guarantor's Affiliates) directly or indirectly, enter into a franchise, license, management, lease and/or other similar agreement for or begin construction or commence operation of a hotel, motel, inn, or similar facility at the Hotel Site under a Competitor Brand within one (1) year after termination, then you will pay us Liquidated Damages in an amount equal to $3,600 multiplied by the number of approved Guest Rooms at the Hotel.",109
10839,RemarkHoldingsInc_20081114_10-Q_EX-10.24_2895649_EX-10.24_Content License Agreement,Rofr/Rofo/Rofn,"Additionally commencing on the Effective Date and continuing for eighteen (18) months, World Book shall offer HSWI a right of first refusal to create any paid-subscription Chinese language websites, which do not exist as of the date hereof, using the Content on equal or better terms as agreed to between World Book and a third party.",56
10794,SimplicityEsportsGamingCompany_20181130_8-K_EX-10.1_11444071_EX-10.1_Franchise Agreement,Revenue/Profit Sharing,"If third party franchisees are operating the Smaaash Centres, then the Franchisee shall be entitled to receive, (i) 5% (five percent) of the capital expenditure as agreed among the parties for the particular Smaaash Centre as sign -on fees or upfront advance, and (ii) 5% (five percent) fee or commission of the revenue generated by such third party franchisees from the Smaash Centres on an annual basis.",67
9777,"GSITECHNOLOGYINC_11_16_2009-EX-10.2-INTELLECTUAL PROPERTY AGREEMENT between SONY ELECTRONICS INC. and GSI TECHNOLOGY, INC.",Non-Transferable License,No license granted by either party under this IP Agreement includes the right to grant sublicenses.,16
5840,RaeSystemsInc_20001114_10-Q_EX-10.57_2631790_EX-10.57_Co-Branding Agreement,Non-Compete,The      spinwares  and  spinstore  will be  modified  to include  licensed  content      purchased directly from Spinrecords.com and to eliminate products that will      compete with the Nettaxi store.,26
2480,N2KINC_10_16_1997-EX-10.16-SPONSORSHIP AGREEMENT,Exclusivity,In no event will Excite enter                  into arrangements to make available opportunities to purchase                  Music Products from parties other than Sponsor that would                  prevent Sponsor from being the exclusive source of such Music                  Products on the Excite Site once the Music Products become                  available through Sponsor.,46
1183,NICELTD_06_26_2003-EX-4.5-OUTSOURCING AGREEMENT,Liquidated Damages,"For the removal of doubt, when determining the liquidated                     damages due, the applicable sub-section 5.3.1, 5.3.2 OR                     5.3.3 will apply.",20
9503,"FIDELITYNATIONALINFORMATIONSERVICES,INC_08_05_2009-EX-10.3-INTELLECTUAL PROPERTY AGREEMENT",Affiliate License-Licensee,"Equifax hereby grants, and will cause each member of the Equifax Group to grant, to Certegy and each member of the Certegy Group a fully paid, non- exclusive, worldwide, non-transferable right to continue to use the Equifax Marks employed in the Certegy Business, but only to the extent such Equifax Marks were displayed by the Certegy Group prior to the Distribution Date (i) on the Transferred Equifax Assets, (ii) on premises jointly occupied with Equifax, and (iii) on letterhead, product and services documentation, invoices, software programs, packaging and similar materials used by the members of the Certegy Group, and such Equifax Marks are used in accordance with the guidelines for usage of the Equifax Marks published and amended by Equifax from time to time.",124
7485,AIRTECHINTERNATIONALGROUPINC_05_08_2000-EX-10.4-FRANCHISE AGREEMENT,Rofr/Rofo/Rofn,"AIRSOPURE shall have the right, but not the duty, to be exercised by notice of intent to do so within 30 days after termination or expiration, to purchase any or all signs, advertising materials, supplies and inventory and any other items bearing AIRSOPURE's Licensed Marks, at Your cost or at fair market value, whichever is less.",56
9959,"DRIVENDELIVERIES,INC_05_22_2020-EX-10.4-CONSULTING AGREEMENT",Ip Ownership Assignment,"Consultant agrees that all right, title, and interest in and to any material, notes, records, drawings, designs, inventions, improvements, developments, discoveries and trade secrets conceived, discovered, authored, invented, developed or reduced to practice by Consultant, solely or in collaboration with others, whether or not patentable or copyrightable, during the term of this Agreement and arising out of, or in connection with, performing the Services under this Agreement and any copyrights, patents, trade secrets, mask work rights or other intellectual property rights relating to the foregoing (collectively, ""Inventions""), are the sole property of the Company. Consultant also agrees to promptly make full written disclosure to the Company of any Inventions and to deliver and assign (or cause to be assigned) and irrevocably assigns fully to the Company all right, title and interest in and to the Inventions. Without limiting the foregoing, all Inventions shall be deemed Confidential Information of the Company",150
7882,GridironBionutrientsInc_20171206_8-K_EX-10.1_10972555_EX-10.1_Endorsement Agreement,Revenue/Profit Sharing,All payments shall be made by wire transfer drawn to the account of NFLA-NC no later than ten (10) business days after the end of each quarter as follows:   $0.05 per Unit as described herein of Company's Products sold in the Contract Territory payable to NFLA-NC.,46
10105,NEOMEDIATECHNOLOGIESINC_12_15_2005-EX-16.1-DISTRIBUTOR AGREEMENT,Warranty Duration,"If Products are found damaged upon delivery,          DISTRIBUTOR or its customers who directly receive the delivery shall          report to PPG SHANGHAI in writing within 48 hours.",26
7167,RevolutionMedicinesInc_20200117_S-1_EX-10.1_11948417_EX-10.1_Development Agreement,Post-Termination Services,"With regard to Termination Products in countries for which the licenses to Sanofi are terminating, Sanofi shall provide the following transitional assistance, with costs allocated as set forth below",29
10534,GOCALLINC_03_30_2000-EX-10.7-Promotion Agreement,Exclusivity,"Go Call shall not engage in the same or similar promotions during                the Term of this Agreement with any other entity providing paging                services, equipment or other related products and services.",31
7665,NETGROCERINC_07_31_1998-EX-10.15-SPONSORSHIP AGREEMENT,Non-Compete,"EXHIBIT A

                         LIST OF NETGROCER COMPETITORS

Peapod

Shoppers Express/Oncart",9
5461,BUFFALOWILDWINGSINC_06_05_1998-EX-10.3-FRANCHISE AGREEMENT,Change Of Control,"In the event of the death or incapacity of an individual franchisee, or any partner or shareholder of you which is a partnership or corporation, where the aforesaid provisions of Paragraph XVIII have not been fulfilled within the time provided, all rights licensed to you under this Agreement shall, at our option, terminate forthwith and we will have the option to purchase the assets of the Franchised Restaurant in accordance with Paragraph XVII.K. herein.",74
6505,DYNAMEXINC_06_06_1996-EX-10.4-TRANSPORTATION SERVICES AGREEMENT,Change Of Control,"In the event of a change in control of a Party, the other Party shall         have the right, upon written prior notice, to terminate this          Agreement.",26
5843,RaeSystemsInc_20001114_10-Q_EX-10.57_2631790_EX-10.57_Co-Branding Agreement,Termination For Convenience,"its  convenience,  for  no  reason or for any reason, upon sixty (60) days prior written  notice  to  SpinRecords.com.",18
9658,"OMINTO,INC_03_29_2004-EX-10-RESELLER AGREEMENT",Revenue/Profit Sharing,MediaNet shall remit to Member Provider 20% of the price of each Portal sold directly by it.,17
12973,IbioInc_20200313_8-K_EX-10.1_12052678_EX-10.1_Development Agreement,Governing Law,"This Agreement is governed by the laws of the State of Texas, without regard to the conflict of laws provisions thereof.",21
1330,SouthernStarEnergyInc_20051202_SB-2A_EX-9_801890_EX-9_Affiliate Agreement,Revenue/Profit Sharing,"The percentage of the respective Advertising Cost Compensation shall be stipulated by the Software Publisher, but shall not exceed 50% of the effective gross sales price of the software.",29
1233,AlliedEsportsEntertainmentInc_20190815_8-K_EX-10.19_11788293_EX-10.19_Content License Agreement,Revenue/Profit Sharing,The Royalties to be paid by Zynga to WPT is the percentage of Net Revenue as set forth in Section 5 of the Basic Provisions.,25
6017,AgapeAtpCorp_20191202_10-KA_EX-10.1_11911128_EX-10.1_Supply Agreement,Minimum Commitment,"The Manufacturer hereby appoints the Customer to be the sole and exclusive agent for the promotion, sales, marketing, distribution and administration of the products listed in schedule A of this agreement based on minimum annual product purchase requirements as listed in Schedule B of this agreement.",46
8486,"ROCKYMOUNTAINCHOCOLATEFACTORY,INC_12_23_2019-EX-10.2-STRATEGIC ALLIANCE AGREEMENT",Rofr/Rofo/Rofn,"If the Company wishes to purchase (and/or cause a designee to purchase) all or a portion of the ROFO Shares at the ROFO Sale Price, the Company shall deliver a notice (a ""ROFO Purchase Notice"") to the Farids Group no later 8:00 a.m. New York time on the business day that the Farids Group proposes to effect such 144 Sale specifying the number of ROFO Shares it wishes to purchase (and/or cause a designee to purchase) from the Farids Group",80
2186,INTERNATIONALFASTFOODCORP_04_04_1997-EX-99-FRANCHISE AGREEMENT,Rofr/Rofo/Rofn,"Any  sale,  attempted  sale, assignment,  or other transfer of the interests described in Subparagraph 15.4.1 without  first giving BKC the right of first  refusal  described  above shall be void and of no force and effect,  and shall constitute an Event of Default under Paragraph 17.1(k).",45
13811,PerformanceSportsBrandsInc_20110909_S-1_EX-10.10_7220214_EX-10.10_Endorsement Agreement,Revenue/Profit Sharing,"In addition to payments due North by Company as set forth in paragraphs 7.a. above, Company further agrees to pay North  a one percent (1%) royalty on all Gross Revenue generated from the sale of all Company Products (herein ""Royalties"").",40
7110,RevolutionMedicinesInc_20200117_S-1_EX-10.1_11948417_EX-10.1_Development Agreement,Governing Law,This Letter shall be governed by and construed in accordance with the laws of the State of New York without reference to any rules of conflict of laws.,28
13419,"MARSHALLHOLDINGSINTERNATIONAL,INC_04_14_2004-EX-10.15-ENDORSEMENT AGREEMENT",Volume Restriction,The CELEBRITY will be limited to six speaking engagements for the year and      five conference calls per month at the company's discretion.,22
9716,OLDAPIWIND-DOWNLTD_01_08_2016-EX-1.3-AGENCY AGREEMENT1,Revenue/Profit Sharing,"In consideration for the Agents' services hereunder, the Corporation will pay to the Agents the Agents' Fee and the Corporation shall issue to the Agents that number of Compensation Options equal to 3.5% of the number of Offered Shares sold pursuant to the Offering. Unless otherwise stated herein, the Offered Shares shall also refer to the Compensation Options. The Agents' Fee shall be apportioned among the Agents as follows: Dundee Securities Ltd. 40% Kes 7 Capital Inc. 30% Bloom Burton & Co. Ltd. 30% 100%",85
7145,RevolutionMedicinesInc_20200117_S-1_EX-10.1_11948417_EX-10.1_Development Agreement,Revenue/Profit Sharing,"If Sanofi enters into an agreement with a Third Party in order to obtain a license or other right to a Third Party Right that is reasonably necessary to manufacture, use or sell a Product (or the SHP2 Inhibitor contained therein) in a country pursuant to Section 10.7, Sanofi shall be entitled to deduct from the royalties payable under Section 9.3(a) with respect to such Product in such country in a particular Calendar Quarter [REDACTED AMOUNT] paid by Sanofi to such Third Party in respect of such agreement for such Calendar Quarter, in each case to the extent reasonably allocable to such Third Party Right and such Product and country; provided that in no event shall the royalties payable for such Product and country in any Calendar Quarter be reduced to less than [REDACTED AMOUNT]% of the amount otherwise due under Section 9.3(a) (the ""Royalty Floor"").",144
12524,ArmstrongFlooringInc_20190107_8-K_EX-10.2_11471795_EX-10.2_Intellectual Property Agreement,Covenant Not To Sue,"Without limitation to the foregoing, Arizona shall not file applications to register any Company Licensed IP or assist any person in doing the same, or contest, challenge, or otherwise take any action adverse to the Company's and its Affiliates' ownership of or rights in and to the Company Licensed IP, or assist any person in doing the same.",58
10657,ADAPTIMMUNETHERAPEUTICSPLC_04_06_2017-EX-10.11-STRATEGIC ALLIANCE AGREEMENT,Minimum Commitment,"Adaptimmune agrees to commit funding in an amount of at least nineteen million six hundred and forty four thousand Dollars US ($19,644,000) for the performance of the Studies as set out in Exhibit I during the term (""Alliance Funding"").",39
8114,HOLIDAYRVSUPERSTORESINC_04_15_2002-EX-10.13-ENDORSEMENT AGREEMENT,Governing Law,This Agreement has been made in the State of California and shall be governed by and construed in accordance with the laws thereof without regard to principles of conflicts of laws.,31
11787,InvendaCorp_20000828_S-1A_EX-10.2_2588206_EX-10.2_Co-Branding Agreement,Post-Termination Services,"continue with e-centives branding, and Program Members will                continue as a participant in the e-centives service unless they                explicitly opt out.  The content and copy of such emails shall be                mutually agreed upon.

       ii)  The first email will be exclusive to e-centives (i.e., it will                not mention similar services from Excite@Home or other third                parties) and will alert Program Members of the continuation of                the e-centives service directly from e-centives. Program Members                shall be further alerted that their membership in the e-centives                service shall continue unless they explicitly opt-out.                Excite@Home shall not promote competing services in such contact                or otherwise discourage Program Members from continuing to use                the e-centives service as provided directly by e-centives.

       iii) The second email will not be exclusive to e-centives. It will                include the same e-centives alerts as in the first email, but may                offer a replacement Excite@Home service and a notification that                the Program Member will remain in such an Excite@Home-provided                service unless they specifically opt-out. Excite@Home shall not                discourage Program Members from continuing to use the e-centives                service directly from e-centives, but may offer an additional                choice. It is conceivable that any one end user customer could                use both services.

       iv)  Any such communications will be subject to Excite@Home's                then-current privacy policy.",209
9338,"IOVANCEBIOTHERAPEUTICS,INC_08_03_2017-EX-10.1-STRATEGIC ALLIANCE AGREEMENT",Expiration Date,"The term of this Agreement commences on the Effective Date and shall continue in effect until the later of (a) the fourth (4th) anniversary of the Effective Date, or (b) the completion or termination of the Research and receipt by LBIO of all deliverables due from MD Anderson hereunder, unless sooner terminated in accordance with the provisions of Section 2.2 or Section 9.14.",63
12349,2ThemartComInc_19990826_10-12G_EX-10.10_6700288_EX-10.10_Co-Branding Agreement_ Agency Agreement,Joint Ip Ownership,"Notwithstanding the foregoing, to the extent that the Domain Name is deemed a combination mark, neither party shall use the Domain Name for any purpose except as expressly provided herein or attempt to register the Domain Name, and the parties will jointly cooperate on any enforcement action of infringement of the Domain Name.",53
12343,2ThemartComInc_19990826_10-12G_EX-10.10_6700288_EX-10.10_Co-Branding Agreement_ Agency Agreement,Non-Compete,i-Escrow shall not run banner advertisements on the Co-Branded Site for any of 2TheMart's competitors.,15
1627,ORBSATCORP_08_17_2007-EX-7.3-STRATEGIC ALLIANCE AGREEMENT,Revenue/Profit Sharing,"In consideration for providing these Services, AVDU shall pay UTK $120,000 worth of unregistered shares of common stock (31,413 shares) upon the execution of this Strategic Alliance Agreement.",28
5452,BUFFALOWILDWINGSINC_06_05_1998-EX-10.3-FRANCHISE AGREEMENT,Rofr/Rofo/Rofn,"If we do not exercise this right of first refusal, you may accept the offer, subject to our prior written approval, as provided in Paragraph XVIII hereof, provided that if such offer is not so accepted within six (6) months of the date thereof, we will again have the right of first refusal herein described.",55
9934,EmeraldHealthBioceuticalsInc_20200218_1-A_EX1A-6 MAT CTRCT_11987205_EX1A-6 MAT CTRCT_Development Agreement,Expiration Date,"Dr. Murray's obligations set out herein shall be performed from the Effective Date until December 31, 2018 (the initial ""Services Term"").",21
7399,Microgenics Corporation - Collaborative Development and Commercialization Agreement,Uncapped Liability,"EXCEPT WITH RESPECT TO DAMAGES THAT ARISE DUE TO A  PARTY'S BREACH OF CONFIDENTIALITY (ARTICLE 12) OR  INDEMNIFICATION  OBLIGATIONS  (ARTICLE 11),  IN  NO  EVENT WILL  EITHER  PARTY  BE  LIABLE  TO  THE  OTHER  FOR  CONSEQUENTIAL, INDIRECT,  SPECIAL,  EXEMPLARY OR  PUNITIVE DAMAGES  FOR ANY  CAUSE OF  ACTION, WHETHER  IN  CONTRACT, TORT  OR OTHERWISE,  INCLUDING LOST REVENUES, PROFITS OR BUSINESS OPPORTUNITIES ARISING OUT OF OR  IN CONNECTION WITH THIS AGREEMENT, WHETHER OR NOT THE OTHER  PARTY WAS  OR  SHOULD HAVE  BEEN  AWARE OF  THE POSSIBILITY OF  THESE DAMAGES. EXCEPT WITH  RESPECT TO  DAMAGES THAT  ARISE  DUE TO  A  PARTY'S BREACH  OF  CONFIDENTIALITY  (ARTICLE 12)  OR  INDEMNIFICATION  OBLIGATIONS  (ARTICLE 11), THE  LIABILITY  OF  EITHER  PARTY  UNDER  THIS AGREEMENT  (WHETHER  BY  REASON  OF  BREACH  OF  CONTRACT,  TORT,  OR  OTHERWISE)  WITH  RESPECT  TO  A  GIVEN  CLAIM  SHALL  NOT  EXCEED  AN AMOUNT EQUAL TO [REDACTED].",138
10116,"ADUROBIOTECH,INC_06_02_2020-EX-10.7-CONSULTING AGREEMENT(1)",Expiration Date,"This Agreement shall begin on the Effective Date and shall continue until December 31, 2020, unless extended or earlier terminated.",20
163,"VEONEER,INC_02_21_2020-EX-10.11-JOINT VENTURE AGREEMENT",Governing Law,This Amendment shall be governed by and construed in accordance with the laws of Japan.,15
7021,"MEDALISTDIVERSIFIEDREIT,INC_05_18_2020-EX-10.1-CONSULTING AGREEMENT",Ip Ownership Assignment,"To the extent that any such copyrightable work is not a ""work made for hire,"" CONSULTANT hereby assigns and agrees to assign to the Company all right, title and interest, including a copyright, in and to such copyrightable work.",39
1996,ELECTRAMECCANICA VEHICLES CORP. - Manufacturing Agreement,Minimum Commitment,"In addition, during the valid period of this agreement, EMV guarantee the annual purchase volume will be not less than the purchase volume of the previous year.",27
12077,"VIRTUALSCOPICS,INC_11_12_2010-EX-10.1-STRATEGIC ALLIANCE AGREEMENT",Exclusivity,"Further, during the Term of this Agreement, PPD agrees that it shall not enter into commitments which are the same or substantially similar to the PPD commitments set forth in Section 3 with any other imaging vendor for the performance of Preferred Services.",43
13798,KINGPHARMACEUTICALSINC_08_09_2006-EX-10.1-PROMOTION AGREEMENT,Covenant Not To Sue,"Depomed recognizes King's title to the King Trademarks, and shall not at any time, during or after the Term, do or knowingly suffer to be done any act or thing which will in any way impair the rights of King in or to the King Trademarks.",46
10735,SYKESHEALTHPLANSERVICESINC_04_24_1998-EX-10.14-OUTSOURCING AGREEMENT,Notice Period To Terminate Renewal,"Thereafter this Agreement will automatically be renewed for successive additional periods of one year, unless either party gives notice of cancellation on or before October 1 of any such year.",30
11748,InvendaCorp_20000828_S-1A_EX-10.2_2588206_EX-10.2_Co-Branding Agreement,Non-Compete,"Not more than once per quarter, Application Provider may             update the list of Application Provider Data Restricted Named             Companies shown in EXHIBIT I, so long as such list shall not exceed             twenty-five (25) companies.",34
4746,PhasebioPharmaceuticalsInc_20200330_10-K_EX-10.21_12086810_EX-10.21_Development Agreement,Ip Ownership Assignment,"effective as of such termination, SFJ shall, and it hereby does, assign to PB all of SFJ's and its Affiliates' right, title and interest in and to all Product Filings then owned or Controlled by SFJ or any of its Affiliates; provided that if any such Product Filing is not immediately transferable in a country, SFJ shall provide PB with all benefit of such Product Filing and such assistance and cooperation as necessary or reasonably requested by PB to timely transfer such Product Filing to PB or its designee or, at PB's option, to enable PB to obtain a substitute for such Product Filing without disruption to PB's development or Commercialization of the Product in the SFJ Territory;",118
6928,"Array BioPharma Inc. - LICENSE, DEVELOPMENT AND COMMERCIALIZATION AGREEMENT",Exclusivity,"Array shall own rights to, and shall be responsible, at its own expense, for registering and maintaining, the Internet domain names listed on Exhibit 12.6 (each of the foregoing, a ""Domain Name"") and agrees to grant, and hereby grants to Ono a royalty-free, fully paid-up exclusive license to use those particular Domain Names which Ono elects to use (and actually uses) in connection with Ono's commercialization of the Product in the Ono Territory in accordance with this Agreement.",78
3265,HarpoonTherapeuticsInc_20200312_10-K_EX-10.18_12051356_EX-10.18_Development Agreement,Exclusivity,"Upon the Effective Date, Harpoon hereby grants to AbbVie the exclusive right, but not the obligation, to obtain the licenses set forth in Section 5.1.3 (the ""License Option"").",28
12776,"GOOSEHEADINSURANCE,INC_04_02_2018-EX-10.6-Franchise Agreement",Notice Period To Terminate Renewal,"With respect to franchisees governed by Minnesota law, we will comply with Minn. Stat. § 80C.14, Subds. 3, 4, and 5 which require, except in certain specified cases, that a franchisee be given 90 days' notice of termination (with 60 days to cure) and 180 days' notice of non-renewal of the Franchise Agreement, and that consent to the transfer of the franchise not be unreasonably withheld.",66
4071,CardlyticsInc_20180112_S-1_EX-10.16_11002987_EX-10.16_Maintenance Agreement1,Warranty Duration,"Supplier's recovery objectives shall not exceed the following during any recovery period:

 A. Time to Full Restoration from time of disruption event: 4 hours

 B. Maximum Data Loss (stated in hours) from time of disruption event: 24 hours

 C. Percentage Reduction of Service levels: 50% during the 24 hour recovery period",51
12418,XYBERNAUTCORP_07_12_2002-EX-4-SPONSORSHIP AGREEMENT,Governing Law,"This Agreement and all acts and  transactions  hereunder shall in all respects be governed by and construed in  accordance  with the laws of the Commonwealth of Virginia,  without regard to any of its conflicts of laws principles  which would result in the  application  of the  substantive  laws of





another jurisdiction.",50
4631,GSVINC_05_15_1998-EX-10-SPONSORSHIP AGREEMENT,Non-Compete,"Excite will in ""good faith"" ensure Client that the above mentioned             banners and promotional placements will be more prominently             presented than any other ""competitive retailer's"" banners or             promotional placements for the term of the Agreement. For the             purposes of this Agreement, a ""competitive retailer"" means an             on-line department store comparable to Bloomingdale's, Macy's,             Burdine's, Shopping.com, Chef's Catalog or iQVC.",59
12663,IMPCOTECHNOLOGIESINC_04_15_2003-EX-10.65-JOINT VENTURE AGREEMENT,Expiration Date,This Agreement shall become effective on the date of execution and shall continue in force and effect for an indefinite term thereafter unless terminated pursuant to the provisions of Article 16 or by all the Parties in writing.,38
13493,VertexEnergyInc_20200113_8-K_EX-10.1_11943624_EX-10.1_Marketing Agreement,Exclusivity,All sales towards customers for bunker fuel will be carried out exclusively by Bunker One in accordance to the terms set forth herein.,23
1536,"WASTE2ENERGYHOLDINGS,INC_06_03_2010-EX-10.2-STRATEGIC ALLIANCE AGREEMENT",Non-Compete,"W2E agrees not to engage in business dealings, discussions, or otherwise work directly with any third parties introduced to W2E  through SHBV, or to exploit any pre-existing relationship of SHBV with any third party that has been represented to W2E by SHBV,  without the prior consent and/or direct participation of SHBV.",51
1926,RareElementResourcesLtd_20171019_SC 13D_EX-99.4_10897534_EX-99.4_Intellectual Property Agreement,Governing Law,This IP Agreement will be construed in accordance with the substantive laws of the state of New York and of the United States of America.,25
12812,"GOOSEHEADINSURANCE,INC_04_02_2018-EX-10.6-Franchise Agreement",Revenue/Profit Sharing,"4.2.2 the term ""Commission"" will mean the total fees paid in cash to us, by insurance carriers as a percentage of the Premiums generated by insurance policies sold by the Franchised Business, on all new and renewal policies.",38
8445,VirtuosoSurgicalInc_20191227_1-A_EX1A-6 MAT CTRCT_11933379_EX1A-6 MAT CTRCT_License Agreement,Change Of Control,"Notwithstanding the foregoing, in the event the form of consideration paid or payable includes securities for which there is not an active public market, in lieu of paying that portion of the fee with such securities COMPANY will make a cash payment to JHU equal to the fair market value of such securities.",53
11046,TheglobeComInc_19990503_S-1A_EX-10.20_5416126_EX-10.20_Co-Branding Agreement,Expiration Date,"""Launch Date"" means the first date on which the Service is made publicly available.",14
13058,JOINTCORP_09_19_2014-EX-10.15-FRANCHISE AGREEMENT,Non-Disparagement,"We have the right to terminate this Agreement effective upon delivery of notice of termination to you, if:",18
7151,RevolutionMedicinesInc_20200117_S-1_EX-10.1_11948417_EX-10.1_Development Agreement,Joint Ip Ownership,"Subject to the other terms and conditions of this Agreement (including the licenses and other rights granted under this Agreement or any Ancillary Agreement), each Party shall have the right to exploit, including license, the Joint Program Technology, without a duty of accounting or any obligation to seek consent from the other Party to exploit such Joint Program Technology.",59
10913,GluMobileInc_20070319_S-1A_EX-10.09_436630_EX-10.09_Content License Agreement2,Non-Transferable License,"Paragraph 1(a) of the Agreement is amended to provide that Fox grants Licensee a worldwide, exclusive (except as otherwise may be provided in the Agreement), non-transferable right and license to distribute video clips for the property ""KINGDOM OF HEAVEN"" (""KOH Video Clips"").",42
8459,VirtuosoSurgicalInc_20191227_1-A_EX1A-6 MAT CTRCT_11933379_EX1A-6 MAT CTRCT_License Agreement,Non-Transferable License,"Subject to the terms and conditions of this Agreement and to non-exclusive license agreements executed prior to the EFFECTIVE DATE, JHU hereby grants to the Company a non-exclusive, non-transferable license to make, have made, import, offer for sale and sell the LICENSED PRODUCT(S) and the LICENSED SERVICE(S) in the United States and worldwide under the PATENT RIGHT(S) in the LICENSED FIELD.",61
8147,WOMENSGOLFUNLIMITEDINC_03_29_2000-EX-10.13-ENDORSEMENT AGREEMENT,Revenue/Profit Sharing,"If the Company decides not to renew this Agreement in accordance with the provisions of Section 8 below, the Company shall pay the Professional an amount equal to two percent (2%) of the net book value of its unsold inventory of Products on December 31, 2004.",46
3397,VERTICALNETINC_04_01_2002-EX-10.19-MAINTENANCE AND SUPPORT AGREEMENT,Governing Law,"This Agreement and performance under this Agreement shall be governed by the laws of the United States of America and of the Commonwealth of Pennsylvania as applied to agreements entered into and to be performed entirely within Pennsylvania between Pennsylvania residents, excluding its conflicts of law provisions.",47
4034,CardlyticsInc_20180112_S-1_EX-10.16_11002987_EX-10.16_Maintenance Agreement1,Source Code Escrow,"Until a Release Condition (as defined in Section 8.6) occurs and the conditions of Section 8.7 have been satisfied, Bank of America shall not permit access to or use of the Source Code, except as expressly provided herein.",38
13008,ParatekPharmaceuticalsInc_20170505_10-KA_EX-10.29_10323872_EX-10.29_Outsourcing Agreement,Minimum Commitment,"n case of an order volume equal or less than [* * *]: The first [* * *] of each short term rolling forecast shall be binding firm purchase orders by Customer (each a ""Purchase Order"") and the last [* * *] of each short term rolling forecast shall be non-binding, good faith estimates.",54
753,PfHospitalityGroupInc_20150923_10-12G_EX-10.1_9266710_EX-10.1_Franchise Agreement1,Non-Compete,"For two (2) years after the expiration or termination of this Agreement or an approved Transfer to a new franchisee, you may not directly or indirectly own, manage, engage in, be employed by, advise, make loans to, consult for, or have any other interest in any Competitive Business that is, or intends to operate, within three (3) mile radius of the Premises of your Franchised Business or within a three (3) mile radius of any Restaurant then-operating or under construction to operate under the System, except as permitted by any Franchise Agreements that remain in effect between you and us. .",101
3975,ScansourceInc_20190822_10-K_EX-10.38_11793958_EX-10.38_Distributor Agreement1,Uncapped Liability,"NOTWITHSTANDING ANYTHING ELSE IN THIS AGREEMENT TO THE CONTRARY, AND EXCEPT FOR LIABILITY ARISING OUT OF DISTRIBUTOR'S BREACH OF SECTION 9 (PROPRIETARY RIGHTS AND SOFTWARE LICENSING) OR EXHIBIT C (SOFTWARE LICENSE AGREEMENT), OR AMOUNTS DUE FOR PRODUCTS AND SERVICES PURCHASED WITH RESPECT TO THE PAYMENT OF WHICH NO BONA FIDE DISPUTE EXISTS, ALL LIABILITY OF EACH PARTY, INCLUDING EACH PARTY'S AFFILIATES, OFFICERS, DIRECTORS, EMPLOYEES, AGENTS AND SUPPLIERS COLLECTIVELY, FOR CLAIMS ARISING UNDER THIS AGREEMENT OR OTHERWISE HOWSOEVER ARISING SHALL BE LIMITED SEPARATELY FOR PRODUCTS AND SERVICES PURCHASES TO THE GREATER OF I) [REDACTED] OR (ll)THE MONEY PAID TO CISCO FOR PRODUCTS OR FOR SERVICES, SEPARATELY AND AS APPLICABLE, UNDER THIS AGREEMENT DURING THE [REDACTED] PERIOD PRECEDING THE EVENT OR CIRCUMSTANCES FIRST GIVING RISE TO SUCH LIABILITY.",126
4035,CardlyticsInc_20180112_S-1_EX-10.16_11002987_EX-10.16_Maintenance Agreement1,Source Code Escrow,"Any or the following events shall be Release Conditions for purposes of this Section: (a) Supplier defaults on any of its maintenance obligations herein; (b) Supplier ceases to provide maintenance for the Software; (c) Supplier ceases doing business in the ordinary course, files or has filed against it a petition under bankruptcy Code, becomes insolvent or has a receiver appointed for all or a substantial part of its business; or (d) Bank of America terminates this Agreement for cause pursuant to the terms hereof.",84
10119,"ADUROBIOTECH,INC_06_02_2020-EX-10.7-CONSULTING AGREEMENT(1)",No-Solicit Of Employees,"From the Effective Date and for twelve (12) months after the termination of this Agreement (the ""Restricted Period""), Consultant shall not, without Aduro's prior written consent, directly or indirectly, solicit or encourage any employee or contractor of Aduro or its affiliates to terminate employment with, or cease providing Services to, Aduro or its affiliates.",54
11613,ENTERPRISEPRODUCTSPARTNERSLP_07_08_1998-EX-10.3-TRANSPORTATION CONTRACT,Volume Restriction,Shipments moving in MC-330 or MC-331 trailers will be allowed one and one-    half (1.5) hours for loading and unloading.,20
10244,"INNOVIVA,INC_08_07_2014-EX-10.1-COLLABORATION AGREEMENT",Minimum Commitment,GSK shall also use Diligent Efforts to contribute at least one ICS and/or other non-LABA compound to the collaboration for the purpose of developing a combination product and Diligent Efforts to develop an optimal inhaled formulation of Collaboration Product in a device which may be either/or a dry powder inhaler formulation and/or a metered dose inhaler formulation of the Collaboration Compound and Development activities of such may continue in parallel.,70
1749,"OASYSMOBILE,INC_07_05_2001-EX-10.17-OUTSOURCING AGREEMENT",Minimum Commitment,The Minimum                   Sell Through Commitment will increase in Years 2 and 3 of this                   Agreement as follows:,17
7878,GridironBionutrientsInc_20171206_8-K_EX-10.1_10972555_EX-10.1_Endorsement Agreement,Exclusivity,NFLA agrees not to grant the right to use the NFLAs Identification to anyone other than Company in connection with the advertisement and promotion of Products.,26
8878,BIOPURECORP_06_30_1999-EX-10.13-AGENCY AGREEMENT,No-Solicit Of Customers,"(e) not solicit or accept orders for the Products other than from       Customers within the Territory after the Agent Launch Date; and not       knowingly, or knowingly permit others to, distribute or resell Products       outside the Territory or for end use by other than duly licensed       veterinarians;",46
11069,TheglobeComInc_19990503_S-1A_EX-10.20_5416126_EX-10.20_Co-Branding Agreement,Uncapped Liability,OTHER PARTY IN AN AMOUNT GREATER THAN THE AMOUNT BOXLOT ACTUALLY PAYS TO THEGLOBE HEREUNDER.,15
7224,"ETELOS,INC_03_09_2004-EX-10.8-DISTRIBUTOR AGREEMENT",Non-Compete,"Distributor will not carry any competitive products without Tripath's consent, which shall not be unreasonable.",15
13009,ParatekPharmaceuticalsInc_20170505_10-KA_EX-10.29_10323872_EX-10.29_Outsourcing Agreement,Ip Ownership Assignment,"Supplier agrees to assign (and cause its employees or permitted subcontractors to assign), and does hereby assign, any and all rights, title and interests of Supplier in, to or under any Inventions to Customer.",34
5595,WARNINGMANAGEMENTSERVICESINC_12_10_1999-EX-10-ENDORSEMENT AGREEMENT,Change Of Control,"In the event of the merger or consolidation of Company with any other entity, Pey Dirt shall have the right to terminate the Contract Period by so notifying Company in writing on or before sixty (60) days after Pey Dirt has received notice of such merger or consolidation.",48
1198,ImpresseCorp_20000322_S-1A_EX-10.11_5199234_EX-10.11_Co-Branding Agreement,Revenue/Profit Sharing,"Impresse shall pay VerticalNet [REDACTED AMOUNT]of Impresse VerticalNet Revenue accruing during the term of this Agreement, payable to VerticalNet on or before the thirtieth day of the calendar quarter immediately following the quarter in which such revenue was collected by Impresse.",40
10392,PANDIONTHERAPEUTICSHOLDCOLLC_05_22_2020-EX-10.17-CONSULTING AGREEMENT,Ip Ownership Assignment,"The Consultant further acknowledges that each original work of authorship which is made by the Consultant (solely or jointly with others) within the scope of this Agreement and which is protectable by copyright is a ""work made for hire,"" as that term is defined in the United States Copyright Act.",50
543,BONTONSTORESINC_04_20_2018-EX-99.3-AGENCY AGREEMENT,Exclusivity,"following the occurrence of the closing under this Agreement, which shall occur no later than April 19, 2018 (the ""Closing""), subject to payment of the Cash Purchase Price (as defined below) and Purchaser's compliance with its other obligations hereunder, Agent shall have the exclusive right to market and sell, and/or otherwise designate the purchasers, licensees, and/or assignees of, any or all of the Assets free and clear of all liens, claims, and encumbrances thereon without further order of the Bankruptcy Court;",81
8202,RangeResourcesLouisianaInc_20150417_8-K_EX-10.5_9045501_EX-10.5_Transportation Agreement,Minimum Commitment,New Shippers will have access to a minimum of ten percent (10%) of the Available Capacity,16
113,ADAMSGOLFINC_03_21_2005-EX-10.17-ENDORSEMENT AGREEMENT,Exclusivity,"During the term of this Agreement, unless otherwise authorized at the sole discretion of ADAMS GOLF in writing, CONSULTANT shall not:   A.give the right to use or permit the use of CONSULTANT'S name, facsimile signature, nickname, voice or likeness to any other manufacturer or seller of PRODUCT;

B.sponsor or endorse PRODUCT made or sold by any other manufacturer or seller; or

C.serve as a CONSULTANT or advisor of any other manufacturer or seller of PRODUCT.",75
12338,2ThemartComInc_19990826_10-12G_EX-10.10_6700288_EX-10.10_Co-Branding Agreement_ Agency Agreement,Renewal Term,A party wishing to renew this Agreement shall give the other party notice thereof no less than thirty (30) days before the expiration of the term then in effect.,29
4217,FEDERATEDGOVERNMENTINCOMESECURITIESINC_04_28_2020-EX-99.SERV AGREE-SERVICES AGREEMENT,Expiration Date,"Notwithstanding the foregoing, to the extent that the Services to be provided with respect to any Account which is registered as an investment company under the 1940 Act (herein referred to as a ""registered investment company"") are services referred to in the definition of ""investment advisor"" under Section 202(a)(11) of the Investment Company Act of 1940 (herein referred to as ""investment advisory services""), then with respect to such Account, this Agreement:

(i) shall not commence until the effective date of its approval by the board of directors or trustees (""Board"") of such Account;

(ii) shall continue from year to year thereafter, subject to the provisions for termination and all other terms and conditions hereof, only if such continuation shall be specifically approved at least annually by a majority of the Board, including a majority of the members of the Board who are not parties to this Agreement or interested persons of any such party (other than as members of the Board) cast in person at a meeting called for that purpose;

(iii) may be terminated at any time without the payment of any penalty by the Board or by a vote of a majority of the outstanding voting securities (as defined in Section 2(a)(42) of the 1940 Act) of the Account on 60 days' written notice to the Adviser;

(iv) shall automatically terminate in the event of (A) its assignment (as defined in the 1940 Act) or (B) termination of the Advisory Agreement for any reason whatsoever.",247
4560,SUMMAFOURINC_06_19_1998-EX-10.3-SOFTWARE LICENSE AND MAINTENANCE AGREEMENT,Non-Transferable License,LICENSEE is also granted a limited  non-transferable non-exclusive license to Licensed Source Code to perform software maintenance functions according the terms set forth in Article 7 of this Agreement.,29
5948,LeadersonlineInc_20000427_S-1A_EX-10.8_4991089_EX-10.8_Co-Branding Agreement,Expiration Date,"Term shall mean the Effective Date through June 15, 2001 and any Renewal Term (as defined in paragraph 7.4 herein.)",20
13062,JOINTCORP_09_19_2014-EX-10.15-FRANCHISE AGREEMENT,Rofr/Rofo/Rofn,"If we do not exercise our right of first refusal, the transferor may complete the sale to the Proposed New Owner pursuant to and on the terms of the offer, as long as we have approved the Transfer as provided in this Section 14.",44
10590,PHLVARIABLEINSURANCECOCT_08_17_2009-EX-10.1-STRATEGIC ALLIANCE AGREEMENT,Expiration Date,"This Agreement shall commence on the Effective Date and shall continue until it is terminated in accordance with the  provisions of Section 15 of this Agreement (""Term"").",27
2726,AMERICANPHYSICIANSCAPITALINC_03_31_2003-EX-10.26-AGENCY AGREEMENT,Non-Compete,"attached Commission Schedule

                  in Nevada, Agency agrees not to sell any competing                   professional liability products in Nevada, without the written                   consent of MICOA.",23
2783,AimmuneTherapeuticsInc_20200205_8-K_EX-10.3_11967170_EX-10.3_Development Agreement,Expiration Date,"This Agreement shall become effective on the Effective Date and, unless earlier terminated pursuant to this ARTICLE 13, shall remain in effect on a Product-by-Product and country-by-country basis until the expiration of the Royalty Term applicable to such Product and country (the ""Term"").",43
10363,WestPharmaceuticalServicesInc_20200116_8-K_EX-10.1_11947529_EX-10.1_Supply Agreement,Volume Restriction,"Buyer or Buyer Affiliates may request to purchase amounts over the Product maximum amounts per year, however, it shall be solely within Seller or any ExxonMobil Selling Affiliate's discretion whether and under which conditions to accommodate Buyer's request.",38
1101,CytodynInc_20200109_10-Q_EX-10.5_11941634_EX-10.5_License Agreement,Exclusivity,Vyera shall purchase all of its requirements for supply of Licensed Product exclusively from CytoDyn in accordance with the terms and conditions of the Supply Agreement.,26
10616,"MEETGROUP,INC_06_29_2017-EX-10.1-COOPERATION AGREEMENT",Non-Disparagement,"The Company hereby agrees that, until the earlier of (i) the expiration of the Standstill Period or (ii) any material breach of this Agreement by an Investor (provided that such Investor shall have three (3) business days following written notice from the Company of any material breach to remedy such material breach if capable of remedy), neither it nor any of its Affiliates will, and it will cause each of its Affiliates not to, directly or indirectly, publicly make, express, transmit, speak, write, verbalize or otherwise publicly communicate in any way (or cause, further, assist, solicit, encourage, support or participate in any of the foregoing), any remark, comment, message, information, declaration, communication or other statement of any kind, whether verbal or in writing, that might reasonably be construed to be derogatory or critical of, or negative toward, the Investors or their Affiliates or Associates or any of their agents or representatives (collectively, the ""Investor Agents""), or that reveals, discloses, incorporates, is based upon, discusses, includes or otherwise involves any confidential or proprietary information of any Investor or its Affiliates or Associates, or to malign, harm, disparage, defame or damage the reputation or good name of any Investor, its business or any of the Investor Agents.",205
944,SENMIAOTECHNOLOGYLTD_02_19_2019-EX-10.5-Collaboration Agreement,Liquidated Damages,"The following acts constitute Class C breaches. In the event of any breach below by Party B, Party B shall immediately remedy the breach, and Party A is entitled to request Party B to pay the liquidated damages of an amount from RMB5,000 (RMB FIVE THOUSAND) to RMB50,000 (RMB FIFTY THOUSAND) based on the consequences of the breach, and send the Confirmation Letter on the Breach of the Partner of Xiaoju Online Ride-hailing Marketplace to Party B.",77
9483,"FIDELITYNATIONALINFORMATIONSERVICES,INC_08_05_2009-EX-10.3-INTELLECTUAL PROPERTY AGREEMENT",Non-Transferable License,"Without limiting the foregoing, Certegy hereby grants, and will cause





the other members of the Certegy Group to grant, to Equifax a fully paid, non- exclusive, perpetual, worldwide, transferable license to use, modify, improve, create Derivative Works from, and sublicense, the Utility Software Programs (in both object and source code format) identified on Exhibit L as being owned by Certegy or a member of the Certegy Group for any and all fields of use and to any and all Persons.",80
8969,STARTECGLOBALCOMMUNICATIONSCORP_11_16_1998-EX-10.30-CONSTRUCTION AND MAINTENANCE AGREEMENT,Termination For Convenience,"However, any Party          may terminate  its  participation  in this  Agreement at the end of the          Initial Period or at any time  thereafter by giving at least one year's          prior notice,  in writing,  to the other  remaining  Parties.",37
11163,Monsanto Company - SECOND A_R EXCLUSIVE AGENCY AND MARKETING AGREEMENT ,Rofr/Rofo/Rofn,"In the event that the Agent develops, or obtains access to, any new natural nonselective weedkiller products (including, without limitation, any herbicidally active substances which are plant extracts, including those derived from oleic acid or which are derived from plant extracts by processing including active substances) in Canada during the respective term of this Agreement, the Agent will grant Monsanto a right of first refusal to include such new products in the Roundup P&L on the same terms as agreed for the current Natural Products, and if accepted, such new products will become Natural Products.",95
6894,"PHREESIA,INC_05_28_2019-EX-10.18-STRATEGIC ALLIANCE AGREEMENT",Irrevocable Or Perpetual License,"Subject to the terms and conditions of this Agreement, the Company hereby grants to Allscripts and its Affiliates a non-exclusive, royalty- free, irrevocable [REDACTED] non-transferable (except in accordance with Section 28.4), sublicensable (through multiple levels of sublicensees), fully paid- up right and license under all of the Company's Intellectual Property to use the Company's brands, trademarks, product and service names, logos and slogans (the ""Company Marks""), throughout the Territory, solely in connection with the marketing, selling, or provision of the Installed Software and the Subscription Software Services and Merchant Processing Services permitted hereunder or to otherwise fulfill the terms of this Agreement. [REDACTED].",103
4993,TomOnlineInc_20060501_20-F_EX-4.46_749700_EX-4.46_Co-Branding Agreement,Governing Law,"This Agreement will be governed by and construed in accordance with the laws of England and Wales, without regard to conflict of laws principles.",24
7003,"MEDALISTDIVERSIFIEDREIT,INC_05_18_2020-EX-10.1-CONSULTING AGREEMENT",Non-Compete,"As used in this section, ""Competitor"" means: (i) any private or publicly traded real estate investment trust, fund or other investment vehicle or program whose principal place of business is in Virginia or any other state in which the Company owns real estate and whose business strategy is based on investing in, acquiring or developing flex/industrial, retail, multifamily and limited service hotel real estate, whether directly or indirectly through joint ventures, or (ii) any entity whose principal place of business is in Virginia or any other state in which the Company owns real estate and that advises (including any external advisor) such investment vehicles or programs.",106
6009,AgapeAtpCorp_20191202_10-KA_EX-10.1_11911128_EX-10.1_Supply Agreement,Exclusivity,"The Manufacturer agrees to give the Customer exclusive rights to the marketing, promotion and sales of the new products should the Customer decide to take on the new products.",29
3191,AlliedEsportsEntertainmentInc_20190815_8-K_EX-10.34_11788308_EX-10.34_Sponsorship Agreement,Non-Transferable License,"Newegg grants Allied a revocable, non-transferrable, non-assignable (whether voluntarily, or as a result of a change of control, or by operation of law), non-sublicensable, non-exclusive and limited license to use, during the Term, the Newegg Marks solely in connection with Allied's marketing and conduct of the Arena.",47
12084,"VIRTUALSCOPICS,INC_11_12_2010-EX-10.1-STRATEGIC ALLIANCE AGREEMENT",Change Of Control,"PPD shall further be permitted to terminate this Agreement or a relevant Work Order, immediately, for cause, upon the occurrence of any of the following:",25
774,PfHospitalityGroupInc_20150923_10-12G_EX-10.1_9266710_EX-10.1_Franchise Agreement1,Revenue/Profit Sharing,"If by reason of state or other law, we are prohibited from receiving a percentage of certain components of Gross Revenues (including alcoholic-beverage sales), you must pay us an equivalent amount by increasing the Royalty percentage applied to Gross Revenues exclusive of the prohibited components.",45
11172,Monsanto Company - SECOND A_R EXCLUSIVE AGENCY AND MARKETING AGREEMENT ,Rofr/Rofo/Rofn,"If the Agent fails to agree in writing to accept the Product Offer within such ninety (90) days of receipt, then Monsanto shall have the exclusive right to manufacture, package, promote, distribute, and sell such New Product in the Included Markets, regardless of any actual or potential conflict with the terms of Agreement.",53
11248,ALLIANCEBANCORPINCOFPENNSYLVANIA_10_18_2006-EX-1.2-AGENCY AGREEMENT,Revenue/Profit Sharing,Any fees payable to Sandler O'Neill for Securities sold by Sandler O'Neill under any such agreement shall be limited to an aggregate of six percent (6.0 %) of the purchase price of the Securities sold by Sandler O'Neill and other NASD member firms.,43
5478,BUFFALOWILDWINGSINC_06_05_1998-EX-10.3-FRANCHISE AGREEMENT,Non-Transferable License,You do not have any right to sublicense or subfranchise others within or outside of the Designated Area and do not have the right to operate more than one (1) Franchised Restaurant within the Designated Area.,36
12128,BLUEFLYINC_03_27_2002-EX-10.27-e-business Hosting Agreement,Renewal Term,Each Service Option Attachment will renew automatically for an additional term equal in duration to the previous term of the applicable Service Option Attachment unless either party notifies the other party in writing at least ninety (90) days prior to the end of the then-current term for the applicable Service Option Attachment that it has elected to terminate such Service Option Attachment.,62
513,INTRICONCORP_03_10_2009-EX-10.22-Strategic Alliance Agreement,Minimum Commitment,Minimum Payment Schedule (All amounts are in US Dollars):,9
13762,KINGPHARMACEUTICALSINC_08_09_2006-EX-10.1-PROMOTION AGREEMENT,Minimum Commitment,"If King does not perform, in the aggregate, two times the PDE Minimum in any two consecutive Agreement Quarters, Depomed may demand that King cure such default by (A) [REDACTED AMOUNT] and (B) [REDACTED AMOUNT], in each case, prior to the end of the next succeeding Agreement Quarter following notice from Depomed.",50
6675,"GIGGLESN_HUGS,INC_06_23_2016-EX-10.2-STRATEGIC ALLIANCE AGREEMENT",Ip Ownership Assignment,"Consultant agrees to disclose in writing to the Company all inventions, products, designs, drawings, notes, documents, information, documentation, improvements, works of authorship, processes, techniques, know-how, algorithms, technical and business plans, specifications, hardware, circuits, computer languages, computer programs, databases, user interfaces, encoding techniques, and other materials or innovations of any kind that Consultant may make, conceive, develop or reduce to practice, alone or jointly with others, in connection with performing Services or that result from or that are related to such Services, whether or not they are eligible for patent, copyright, mask work, trade secret, trademark or other legal protection (collectively, ""Innovations""). (ii) Ownership of Innovations",105
8766,IVILLAGEINC_03_17_1999-EX-10.16-SPONSORSHIP AGREEMENT,Ip Ownership Assignment,"Upon execution and delivery of this Agreement, iVillage assigns to FMC all right, title and interest in and to the content, design and intellectual property, rights created specifically for and unique to the Bridge Site, advertising units, and other promotional elements set forth in this Agreement (collectively, the ""Materials"").",49
4295,MRSFIELDSORIGINALCOOKIESINC_01_29_1998-EX-10-FRANCHISE AGREEMENT,Termination For Convenience,"Pretzel  Time  reserves  the right to  suspend  contributions/fees  and operations of the  Advertising  Fund for one or more  periods,  and the right to terminate the  Advertising  Fund, upon thirty (30) days' prior written notice to Franchisee.",36
6003,AgapeAtpCorp_20191202_10-KA_EX-10.1_11911128_EX-10.1_Supply Agreement,Notice Period To Terminate Renewal,"This agreement will be automatically renewed at the end of every ten (10) year term, with each subsequent term of renewal being for a ten (10) year term. A six (6) months notice must be given by either party of their intention to terminate relations due to any reason other than breach of this agreement.",55
12810,"GOOSEHEADINSURANCE,INC_04_02_2018-EX-10.6-Franchise Agreement",Revenue/Profit Sharing,We will receive all Commissions (defined below) from insurance carriers.,10
9433,TELKOMSALTD_01_30_2003-EX-10-LICENCE AND MAINTENANCE AGREEMENT,Source Code Escrow,"In the event of a release of the source code to TELKOM   under the Escrow agreement, TELKOM agrees to hold same in strict confidence   and to take appropriate action to preserve its confidentiality, and TELKOM shall",36
2200,INTERNATIONALFASTFOODCORP_04_04_1997-EX-99-FRANCHISE AGREEMENT,Revenue/Profit Sharing,"Except as otherwise provided in Section 5 3 of the   Development Agreement, by the fifteenth (15th) day of each month, the",21
7908,MOSSIMOINC_04_14_2000-EX-10.14-ENDORSEMENT AGREEMENT,Minimum Commitment,Licensor agrees that Duval must achieve and maintain Exempt                   Status on the PGA Tour throughout each Contract Year and must                   participate as a player in a minimum of fifteen (15) official                   PGA Tour events each Contract Year (Minimum Annual Performance                   Requirements).,41
4027,CardlyticsInc_20180112_S-1_EX-10.16_11002987_EX-10.16_Maintenance Agreement1,Affiliate License-Licensee,"display such Software (both in Object Code and Source Code for ); any (c) other Intellectual Property Rights or Supplier in the Software as are necessary or useful for Bank of America, its Affiliates and permitted assigns to install, copy, use, execute, modify, distribute, enhance, improve and alter and copy the Software (both in Object Code and Source Code form) for the purpose of conducting Bank of America business in accordance with the terms and restrictions of this Section.",79
10740,SYKESHEALTHPLANSERVICESINC_04_24_1998-EX-10.14-OUTSOURCING AGREEMENT,Revenue/Profit Sharing,"HPS will pay to SHPS all Care Management Revenues collected from such New Client, and SHPS will pay a commission to HPS equal to five percent (5%) of such amount received by SHPS from HPS pursuant to this Section 2.4.",40
8270,AURASYSTEMSINC_06_16_2010-EX-10.25-STRATEGIC ALLIANCE AGREEMENT,Termination For Convenience,"Notwithstanding Section 7.1 above, this Agreement may be terminated upon the occurrence of any of the following events:",18
12064,TEARDROPGOLFCO_10_23_1996-EX-10.12-ENDORSEMENT AGREEMENT,Liquidated Damages,"In addition, TPC agrees that Consolidated Artists shall be entitled to the Retainer Fee prorated to the effective date of termination as well any Tournament Bonuses, Money List Bonuses and any Royalty Compensation earned by Consolidated Artists prior to the effective date of termination.",44
11500,"BERKELEYLIGHTS,INC_06_26_2020-EX-10.12-COLLABORATION AGREEMENT",Minimum Commitment,"With respect to each Contract Year, by no later than [REDACTED AMOUNT], Ginkgo shall have incurred (including all credits and offsets permitted under this Agreement) at least, in the aggregate since the beginning of the Term, the Minimum Cumulative Purchase Commitment amount for such Contract Year.",45
7991,GOLDRESOURCECORP_12_11_2008-EX-10.1-STRATEGIC ALLIANCE AGREEMENT,Rofr/Rofo/Rofn,"If HOC does not provide HOC JV Acceptance Notice to the Company within fifteen (15) Business Days or such shorter period as may be specified in the Joint Venture Proposal Notice, of receiving of the Joint Venture Proposal Notice, the Company may enter into negotiations with any other person regarding the Proposed Joint Venture",54
6584,SFGFINANCIALCORP_05_12_2009-EX-10.1-SOFTWARE LICENSE AND MAINTENANCE AGREEMENT,Revenue/Profit Sharing,The rebates shall be payable in shares of Licensor's Common Stock; priced at $.25  cents per share.,17
2188,INTERNATIONALFASTFOODCORP_04_04_1997-EX-99-FRANCHISE AGREEMENT,Rofr/Rofo/Rofn,Silence on the part of BKC shall constitute  rejection.,9
6961,"Array BioPharma Inc. - LICENSE, DEVELOPMENT AND COMMERCIALIZATION AGREEMENT",Affiliate License-Licensee,"Ono shall have the right, in accordance with this Section 2.2, to grant sublicenses under the Array Patents and Array Know-How to its Affiliates and to Third Parties, provided that Ono shall not engage a Third Party as either (i) a Sublicensee of the Product, or (ii) as a distributor of the Product, without Array's prior written consent.",58
2865,HEALTHGATEDATACORP_11_24_1999-EX-10.1-HOSTING AND MANAGEMENT AGREEMENT (1),Source Code Escrow,"Upon Acceptance as provided in Clause 9.2 HealthGate shall deliver             into escrow the source code, source listings and information for the             Proprietary Software included in the System in accordance with the             terms of the Escrow Agreement.",36
6906,"PHREESIA,INC_05_28_2019-EX-10.18-STRATEGIC ALLIANCE AGREEMENT",Uncapped Liability,"The limitations in Section 23.1(a) will not apply to (a) losses arising out of or relating to a Party's breach of its obligations in Section 8 (excluding Section 8.4(g)) or Sections 1.1, 1.2, 1.4, 1.6 or 6.1 of the Restated Developer Agreement, (b) losses arising out of a Party's breach of Section 19 or the Business Associate Agreement (c) losses arising from a Party's gross negligence or more culpable conduct, including any willful misconduct or intentionally wrongful acts; (d) losses for death, bodily injury, or damage to real or tangible personal property arising out of or relating to a Party's negligent or more culpable acts or omissions or (e) a Party's obligation to pay attorneys' fees and other costs pursuant to Section 28.9(e)",123
4525,PapaJohnsInternationalInc_20190617_8-K_EX-10.1_11707365_EX-10.1_Endorsement Agreement,Irrevocable Or Perpetual License,"PAPA JOHN'S hereby grants to ABG and CELEBRITY, a royalty-free, perpetual, irrevocable, fully- paid, assignable, transferable, sublicensable right and license to utilize the Materials, in their entirety or any portions thereof, in all media now known or hereafter developed, throughout the universe (individually and collectively, ""PJ Rights"") as follows: (i) on or in connection the performance of the Services hereunder; (ii) in connection with historical and archival purposes (e.g., documentary, commentary, corporate retrospective, historical files on websites of ABG), so-called business-to-business uses and other non-commercial purposes; and (iii) for industry recognition purposes (e.g., award competition submissions); in each case, in all media now known or hereafter devised.",107
12348,2ThemartComInc_19990826_10-12G_EX-10.10_6700288_EX-10.10_Co-Branding Agreement_ Agency Agreement,Revenue/Profit Sharing,This advertising fees shall consist of a per Transaction Inquiry amount calculated by multiplying 0.025% by the amount of the average Transaction from all Customers in the preceding quarter.,29
2334,AzulSa_20170303_F-1A_EX-10.3_9943903_EX-10.3_Maintenance Agreement1,Termination For Convenience,the receipt of such Notice by the Repairer or any other lesser period to be granted by the Repairer.,19
5211,"TRANSPHORM,INC_02_14_2020-EX-10.12(1)-JOINT VENTURE AGREEMENT",Rofr/Rofo/Rofn,"TPH or TPH-A may not exercise the Call Option for less than one hundred percent (100%) of the Shares held by both FSL and AFSL or any Affiliate of FSL or AFSL, as the case may be.",37
1118,CytodynInc_20200109_10-Q_EX-10.5_11941634_EX-10.5_License Agreement,Ip Ownership Assignment,"If Vyera acquires any rights in the Trademarks, by operation of Applicable Law, or otherwise, such rights shall be deemed and are hereby irrevocably assigned to CytoDyn without further action by either Party.",33
8688,HealthcentralCom_19991108_S-1A_EX-10.27_6623292_EX-10.27_Co-Branding Agreement,Exclusivity,"During the Term of the Agreement, and subject to the following requirements respecting Canadian content levels as set out in paragraphs 3(f), (g) and (h), HCI shall be the exclusive health content partner in the health section of the Sympatico web site, provided however, that nothing contained herein shall prevent MediaLinx from entering into an agreement with other parties for: i) a health based web directory; or ii) other health related content whose content does not compete with the content contained on the Co-Branded Site; which in no event shall receive no more than one fifth (1/5th) of the promotion and which shall constitute no more than one fifth (1/5th) of the total health related content which resides on the home page of the Sympatico Health section.",127
11857,ON4COMMUNICATIONSINC_07_02_2009-EX-10.1-PROMOTION AGREEMENT,Volume Restriction,No Designated Sponsor Product shall contain more than 1 Pin  Code per pack.,13
1064,ENERGOUSCORP_03_16_2017-EX-10.24-STRATEGIC ALLIANCE AGREEMENT,Non-Transferable License,DIALOG may not sublicense the foregoing license rights to any other third party without ENERGOUS' prior written consent.,18
9491,"FIDELITYNATIONALINFORMATIONSERVICES,INC_08_05_2009-EX-10.3-INTELLECTUAL PROPERTY AGREEMENT",Affiliate License-Licensor,"Without limiting the foregoing, Certegy hereby grants, and will cause





the other members of the Certegy Group to grant, to Equifax a fully paid, non- exclusive, perpetual, worldwide, transferable license to use, modify, improve, create Derivative Works from, and sublicense, the Utility Software Programs (in both object and source code format) identified on Exhibit L as being owned by Certegy or a member of the Certegy Group for any and all fields of use and to any and all Persons.",80
10248,"INNOVIVA,INC_08_07_2014-EX-10.1-COLLABORATION AGREEMENT",Joint Ip Ownership,"Subject to the terms of this Agreement, including without limitation Section 2.2, Theravance hereby grants to GSK, and GSK accepts, an exclusive license in the Field under the Theravance Patents, Theravance Know-How and Theravance's rights in the Joint Inventions to make, have made use, sell, offer for sale and import Collaboration Products in the Territory.",55
10092,NEOMEDIATECHNOLOGIESINC_12_15_2005-EX-16.1-DISTRIBUTOR AGREEMENT,Non-Disparagement,"(ii) DISTRIBUTOR, or any principal owner of DISTRIBUTOR, is convicted          of a crime which, in PPG SHANGHAI's reasonable judgment, may adversely          affect the goodwill or interest of DISTRIBUTOR or of PPG SHANGHAI;",32
1976,ABILITYINC_06_15_2020-EX-4.25-SERVICES AGREEMENT,Termination For Convenience,"Each of the Recipient and the Provider may, in their sole discretion, terminate this Agreement in whole or in part, at any time without cause, and without liability except, in the case of the Recipient, for required payment for services rendered and reimbursement for authorized expenses incurred, by providing at least 90 (ninety) days' prior written notice to the other party (such date, the ""Services Termination Date"").",67
1625,ORBSATCORP_08_17_2007-EX-7.3-STRATEGIC ALLIANCE AGREEMENT,Rofr/Rofo/Rofn,UTK agrees to provide the following distinct services to AVDU:,10
12092,"VIRTUALSCOPICS,INC_11_12_2010-EX-10.1-STRATEGIC ALLIANCE AGREEMENT",Uncapped Liability,"EXCEPT WITH REGARD TO A PARTY'S BREACH OF SECTION 9, GROSS NEGLIGENCE, WILLFUL MISCONDUCT AND INDEMNIFICATION OBLIGATIONS RELATED TO THIRD PARTY CLAIMS PURSUANT TO SECTION 12, EACH PARTY'S ENTIRE LIABILITY UNDER THIS AGREEMENT WILL IN NO EVENT EXCEED THREE TIMES (3X) THE TOTAL VALUE OF THE WORK ORDER UNDER WHICH THE CLAIM AROSE.",53
6462,"THERAVANCEBIOPHARMA,INC_05_08_2020-EX-10.2-SERVICE AGREEMENT",Covenant Not To Sue,"If the Executive's employment is terminated at any time by reason of any reconstruction or amalgamation of any Group Company, whether by winding up or otherwise, and the Executive is offered employment with any concern or undertaking involved in or resulting from the reconstruction or amalgamation on terms which (considered in their entirety) are no less favourable to any material extent than the terms of this Agreement, the Executive acknowledges and agrees that there shall be no claim against the Company or any undertaking arising out of or connected with such termination.",92
5520,ReynoldsConsumerProductsInc_20200121_S-1A_EX-10.22_11948918_EX-10.22_Service Agreement,Affiliate License-Licensor,"Each Party grants, and shall cause its Affiliates to grant, to the other Party and its Affiliates, a royalty-free, non-exclusive, non- transferable, worldwide license, during the Term, to use the intellectual property owned by such Party or its Affiliates (but excluding any trademarks) only to the extent necessary for the other Party and its Affiliates to provide or receive the Services, as applicable.",63
12820,"GOOSEHEADINSURANCE,INC_04_02_2018-EX-10.6-Franchise Agreement",Ip Ownership Assignment,"You agree that all other data that you create or collect in connection with the System, and in connection with your operation of the Franchised Business (including customer lists and transaction data), is and will be owned exclusively by us during the term of, and after termination or expiration of, this Agreement.",52
7986,GOLDRESOURCECORP_12_11_2008-EX-10.1-STRATEGIC ALLIANCE AGREEMENT,Rofr/Rofo/Rofn,"Closing of the purchase and sale of the Additional Shares shall take place within ten (10) business days of the delivery of the Option Exercise Notice, such date being referred to as the ""Subsequent Closing Date"".",36
2459,SPARKLINGSPRINGWATERHOLDINGSLTD_07_03_2002-EX-10.13-SOFTWARE LICENSE AND MAINTENANCE AGREEMENT,Irrevocable Or Perpetual License,"Garman hereby grants to Sparkling, a perpetual, fully paid, non-exclusive license entitling Sparkling to use and reproduce the Codes deposited with it pursuant to Section (a) to change, update, add to, or substitute the Codes, the Software or any part thereof, limited to Sparkling's needs for the use and improvement of the Software or Sparkling's operations, provided that Sparkling shall only be entitled to utilize such license if Sparkling terminates this Agreement pursuant to Section 17(c) due to Garman's default, or if Garman ceases to support the Software as required pursuant to this Agreement.",94
11529,"BERKELEYLIGHTS,INC_06_26_2020-EX-10.12-COLLABORATION AGREEMENT",Affiliate License-Licensee,"To ensure that, [REDACTED], BLI shall, and hereby does, automatically grant to Ginkgo, as of the date Ginkgo purchases an aggregate of [REDACTED] ([REDACTED]) Beacon Optofluidic Machine from BLI, a non-exclusive, non-royalty bearing and sublicensable (through multiple tiers) worldwide license in any Intellectual Property Controlled by BLI that is necessary to [REDACTED], solely for Ginkgo's [REDACTED] own internal use so that Ginkgo (or its Affiliates or permitted sublicensees) may [REDACTED].",70
9198,SoupmanInc_20150814_8-K_EX-10.1_9230148_EX-10.1_Franchise Agreement1,Competitive Restriction Exception,We will not grant other franchises nor establish our own Unit Franchises within the Master Territory during the term of this Agreement unless you do not meet the Minimum Development Quota.,31
7695,CoherusBiosciencesInc_20200227_10-K_EX-10.29_12021376_EX-10.29_Development Agreement,Exclusivity,"For clarity, the exclusive license granted to Licensee pursuant to Section 2.1 shall extend to all Intellectual Property Rights and Know-How Controlled by Bioeq and embodied within, or claiming or covering the Bioeq Improvements.",34
9139,"ARMSTRONGFLOORING,INC_01_07_2019-EX-10.2-INTELLECTUAL PROPERTY AGREEMENT",Covenant Not To Sue,(c) the Company shall not represent or make any claim that it has an ownership interest in any Arizona Licensed IP.,21
9896,StaarSurgicalCompany_20180801_10-Q_EX-10.37_11289449_EX-10.37_Distributor Agreement,Non-Compete,"Distributor shall (a) procure the Products solely from STAAR (or its affiliates) and not (b) procure, manufacture, market or sell in the Territory any implantable medical devices that compete directly or indirectly with the Products, during the term of this Agreement.",41
12930,NakedBrandGroupInc_20150731_POS AM (on S-1)_EX-10.75_9196027_EX-10.75_Endorsement Agreement,Unlimited/All-You-Can-Eat-License,"Beginning in the second Contract Year, Wade will be available for a maximum of one (1) production day for creating marketing assets for Wade Products and Naked Products for unlimited use in advertisements and the media, for a maximum of three (3) consecutive hours, not including scheduled breaks, during such production day period.",53
10956,TRICITYBANKSHARESCORP_05_15_1998-EX-10-OUTSOURCING AGREEMENT,Termination For Convenience,"M&I may, at any time, withdraw any of the Services (other than the Core Services) upon providing ninety (90) days' prior written notice to Customer.",25
5008,TomOnlineInc_20060501_20-F_EX-4.46_749700_EX-4.46_Co-Branding Agreement,Ip Ownership Assignment,"if such rights comprise (i) intellectual property that constitutes predominantly communication software or related communication hardware or other technology, including without limitation, any upgrades and Improvements thereof, or (ii) any ""user"" names, and other ""user profile"" information included within the Company-Skype Branded Application (i.e., dates of birth, addresses, languages spoken, etc.), of Company-Skype Branded Customers collected as part of the registration process for the Company-Skype Branded Application (it being understood that Skype will make such user information available to Online BVI and the Company for use consistent with the applicable privacy policies and the EULA) and any database incorporating the same, then such rights shall be owned exclusively by Skype and neither Online BVI nor the Company will grant, nor claim for itself or its affiliated entities, independent contractors, or employees, either expressly or impliedly, any rights, title, interest, or licenses to such rights and each assigns to Skype, with full title guarantee, all copyrights, patents, trade marks, service marks, rights of publicity, authors' rights, contract and licensing rights, goodwill and all other intellectual property rights in and to the same as may exist now and/or hereafter come into existence and arising under the laws of any jurisdiction for the entire term of such rights and all renewals, revivals and extensions thereof.",212
12296,PlayboyEnterprisesInc_20090220_10-QA_EX-10.2_4091580_EX-10.2_Content License Agreement_ Marketing Agreement_ Sales-Purchase Agreement2,Third Party Beneficiary,Playboy is an intended third-party beneficiary of this Contract.,9
1329,SouthernStarEnergyInc_20051202_SB-2A_EX-9_801890_EX-9_Affiliate Agreement,Termination For Convenience,The Software Publisher and element 5 are authorized to revoke the license granted to the Affiliate at any time by written notice.,22
9116,"ARMSTRONGFLOORING,INC_01_07_2019-EX-10.2-INTELLECTUAL PROPERTY AGREEMENT",Ip Ownership Assignment,"Arizona agrees to assign and hereby assigns its entire right, title and interest in and to the Arizona Assigned IP to the Company.",23
10202,"HALITRON,INC_03_01_2005-EX-10.15-SPONSORSHIP AND DEVELOPMENT AGREEMENT",Competitive Restriction Exception,"These exclusivity obligations will not limit Smith's right to appear in any of the entertainment fields or in the entertainment portion of any television, film or video program; provided, however, that Smith may not appear in, or provide services in connection with, advertisements for any computer game or videogame sports products.",51
8384,EhaveInc_20190515_20-F_EX-4.44_11678816_EX-4.44_License Agreement_ Reseller Agreement,Uncapped Liability,"Subject to Section 17(c), in no event shall either Party be liable to the other for any consequential, incidental, exemplary or punitive damages even if advised in advance of the possibility of such damages.",34
6294,"HOSPITALITYINVESTORSTRUST,INC_04_07_2014-EX-10.26-FRANCHISE AGREEMENT",Covenant Not To Sue,"You will not contest, either directly or indirectly during or after the Term:   9.1.1.1 our (and/or any Entities') ownership of, rights to and interest in the System, Brand, Marks and any of their elements or components, including present and future distinguishing characteristics and agree that neither you nor any design or construction professional engaged by you may use our Standards, our Manual or your approved Plans and Designs for any hotel or lodging project other than the Hotel;   9.1.1.2 our sole right to grant licenses to use all or any elements or components of the System;   9.1.1.3 that we (and/or the Entities) are the owner of (or the licensee of, with the right to sub-license) all right, title and interest in and to the Brand and the Marks used in any form and in any design, alone or in any combination, together with the goodwill they symbolize; or   9,1.1.4 the validity or ownership of the Marks.",156
3538,AIRSPANNETWORKSINC_04_11_2000-EX-10.5-Distributor Agreement,Warranty Duration,"Airspan warrants that, following repair or replacement, the repaired or replaced Equipment or Software by Airspan shall be free from defects in materials and faulty workmanship and that the Software will conform in all material respects to Airspan's published specifications therefor for ninety (90) days from date of shipment from Airspan to Distributor or until the end of the Initial Warranty Period, whichever is longer.",65
7615,XENCORINC_10_25_2013-EX-10.24-COLLABORATION AGREEMENT (3),Rofr/Rofo/Rofn,The right set forth in Section 5.2.2.b shall automatically terminate if BII does not exercise the first right of negotiation set forth in Section 5.2.2.a.,25
1048,ENERGOUSCORP_03_16_2017-EX-10.24-STRATEGIC ALLIANCE AGREEMENT,Change Of Control,"DIALOG will have the right to terminate this Agreement immediately upon the issuance of written notice to ENERGOUS (A) if ENERGOUS undergoes a Change of Control involving a competitor of DIALOG, or (B) if ENERGOUS acquires, whether directly through a sale of assets or through a Change of Control transaction, any competitor of DIALOG (as reasonably determined by DIALOG). ENERGOUS will provide DIALOG with notice of any such Change of Control or acquisition within [REDACTED] after the closing thereof and DIALOG's right to terminate the Agreement will expire [REDACTED] after receipt of such notice.",94
7608,XENCORINC_10_25_2013-EX-10.24-COLLABORATION AGREEMENT (3),Rofr/Rofo/Rofn,"XENCOR shall provide BII written notice (i) of the decision to have the Product manufactured at a commercial scale and to launch the Product commercially or (ii) that XENCOR has entered into an agreement with at least one Business Partner, whichever of (i) and (ii) occurs earlier.",47
10141,LejuHoldingsLtd_20140121_DRS (on F-1)_EX-10.26_8473102_EX-10.26_Content License Agreement1,Non-Transferable License,"Subject to the terms and conditions of this Agreement, Licensor hereby grants to Licensee, and Licensee hereby accepts from Licensor, an exclusive, non-transferable (except as set forth in Section 10.7) and non-sublicensable (except as provided in Section 2.1(c)) license to use the Licensed Domain Names in connection with the Business during the Term.",53
606,OPERALTD_04_30_2020-EX-4.14-SERVICE AGREEMENT,Renewal Term,"4.7 Data protection. Each Party agrees to comply with all applicable data protection and privacy laws arising from its obligations, if any, under the Agreement and to reasonably co-operate with the other Party in order to allow the other Party to comply with any laws as deemed necessary from time to time. Each Party shall treat all data, information relating to Services, including but not limit to the customer personal data, as confidential. Each party warrants that it shall take appropriate technical and organizational measures against unauthorized or unlaw",89
12031,NlsPharmaceuticsLtd_20200228_F-1_EX-10.14_12029046_EX-10.14_Development Agreement,Non-Transferable License,"Subject to the conditions and limitations set forth in this Agreement, the Licensor hereby grants to the Licensee, and the Licensee hereby accepts, (i) an exclusive, fee-bearing, non-transferable distribution right of the Licensed Product in the Territory during the Term (the ""Distribution""), (ii) an exclusive, royalty-free, non-transferable license to the Licensor's Patents and Trademarks to register, import, export, store, handle, commercialize, have commercialized, promote, have promoted, distribute, have distributed, sell and have sold the Licensed Product during the Term, without the right to sublicense (the ""License""), and (iii) an exclusive, royalty-bearing, non-transferable license to the Intellectual Property (except Patents and Trademarks ) and the Developed Intellectual Property and a right to obtain the technology transfer of the Know-How to manufacture the Licensed Product in the Territory during the Term, pursuant to the conditions set forth in Article 2.3 below and elsewhere in this Agreement (the ""Technology Transfer""), all to register, import, export, store, handle, commercialize, have commercialized, promote, have promoted, distribute, have distributed, manufacture, have manufactured, sell and have sold the Licensed Product during the Term, without the right to sublicense.",181
9752,"ATHENSBANCSHARESCORP_11_02_2009-EX-1.2-AGENCY AGREEMENT , 2009",Exclusivity,"Subject to the terms and conditions herein set forth, the Company and the Bank hereby appoint  the Agent as their exclusive financial advisor and marketing agent (i) to utilize its best efforts to solicit subscriptions for Common Shares and to  advise and assist the Company and the Bank with respect to the Company's sale of the Shares in the Offering and (ii) to participate in the Offering  in the areas of market making and in syndicate formation (if necessary).",79
1760,"OASYSMOBILE,INC_07_05_2001-EX-10.17-OUTSOURCING AGREEMENT",Unlimited/All-You-Can-Eat-License,"E.piphany allows for unlimited calls to its technical support desk by the HSNS personnel designated under Section 5.7 (""HSNS Responsibilities."")",20
1638,DRAGONSYSTEMSINC_01_08_1999-EX-10.17-OUTSOURCING AGREEMENT,Termination For Convenience,Dragon may terminate this agreement without cause by giving sixty (60) days written notice to MMI.,16
2604,PenntexMidstreamPartnersLp_20150416_S-1A_EX-10.4_9042833_EX-10.4_Transportation Agreement,Uncapped Liability,"NO PARTY SHALL BE LIABLE FOR CONSEQUENTIAL, INCIDENTAL, PUNITIVE, EXEMPLARY OR INDIRECT DAMAGES, LOST PROFITS OR OTHER BUSINESS INTERRUPTION DAMAGES, BY STATUTE, IN TORT OR CONTRACT, OR OTHERWISE; PROVIDED, HOWEVER, THAT THIS LIMITATION SHALL NOT LIMIT A PARTY'S RIGHT TO RECOVERY HEREUNDER FOR ANY SUCH DAMAGES TO THE EXTENT SUCH PARTY IS REQUIRED TO PAY SUCH DAMAGES TO A THIRD PARTY IN CONNECTION WITH A MATTER FOR WHICH SUCH PARTY IS OTHERWISE ENTITLED TO INDEMNIFICATION HEREUNDER",76
8403,BOLIVARMININGCORP_05_23_2003-EX-2.1-VISP WEB SITE BUILDING AND HOSTING AGREEMENT,Renewal Term,"This agreement shall renew automatically each year thereafter, unless either party serves written notice of its intention not to renew, on the other at least 90 days prior to the expiration of the then current term of this agreement.",39
7361,Microgenics Corporation - Collaborative Development and Commercialization Agreement,Termination For Convenience,"Achaogen may terminate this Agreement in its entirety, for any reason, by providing at least sixty (60) days prior written notice to Microgenics.",23
5017,TomOnlineInc_20060501_20-F_EX-4.46_749700_EX-4.46_Co-Branding Agreement,Affiliate License-Licensor,"Skype further agrees that in the event that, prior to such time as the Company-Skype Branded Application is updated or upgraded to include the Mobile Technology, Skype or any of its Affiliates makes available to Skype users a new software product which allows access to services available through the Skype Software but on or through mobile communication devices (but in any event excluding Skype Zones), it will license that software product to the Company and Online BVI on the terms and conditions set forth in this Agreement with respect to the Skype Software and the Company-Skype Branded Application customized therefrom, and references to the Skype Software in this Agreement shall be deemed to include such software product.",117
5691,CHINARECYCLINGENERGYCORP_11_14_2013-EX-10.6-Cooperation Agreement,Volume Restriction,"After 800 million KWH, it shall be charged energy saving service fee with the rate of 0.20 RMB/KWH.",18
12079,"VIRTUALSCOPICS,INC_11_12_2010-EX-10.1-STRATEGIC ALLIANCE AGREEMENT",No-Solicit Of Employees,"Neither party will solicit for employment any employee of the other party during the active term of this Agreement and further, where applicable, the term of any active Work Order.",30
5380,LIGHTBRIDGECORP_11_23_2015-EX-10.26-STRATEGIC ALLIANCE AGREEMENT,Termination For Convenience,"This Agreement is effective on the Effective Date and shah continue in effect until the earlier of (a) the fifth (5t h) anniversary of the Effective Date, and (b) termination by either Party for any reason upon thirty (30) days' written notice to the other Party; provided, however, that no Party shall be able to terminate this Agreement so long as such Party is a Defaulting Party under this Agreement.",70
3314,HarpoonTherapeuticsInc_20200312_10-K_EX-10.18_12051356_EX-10.18_Development Agreement,Uncapped Liability,"EXCEPT (A) FOR FRAUD, WILLFUL MISCONDUCT OR GROSS NEGLIGENCE, (B) FOR A PARTY'S BREACH OF ITS OBLIGATIONS UNDER [ARTICLE 9 OR SECTION 5.8], (C) AS PROVIDED UNDER [REDACTED] AND (D) TO THE EXTENT ANY SUCH DAMAGES ARE REQUIRED TO BE PAID TO A THIRD PARTY AS PART OF A CLAIM FOR WHICH A PARTY PROVIDES INDEMNIFICATION UNDER THIS ARTICLE 11, NEITHER PARTY NOR ANY OF ITS AFFILIATES SHALL BE LIABLE FOR INDIRECT, INCIDENTAL, SPECIAL, EXEMPLARY, PUNITIVE OR CONSEQUENTIAL DAMAGES, INCLUDING LOSS OF PROFITS OR BUSINESS INTERRUPTION, HOWEVER CAUSED AND ON ANY THEORY OF LIABILITY, WHETHER IN CONTRACT, TORT, NEGLIGENCE, BREACH OF STATUTORY DUTY OR OTHERWISE IN CONNECTION WITH OR ARISING IN ANY WAY OUT OF THE TERMS OF THIS AGREEMENT OR THE TRANSACTIONS CONTEMPLATED HEREBY OR THE USE OF THE LICENSED COMPOUNDS OR LICENSED PRODUCTS, EVEN IF ADVISED OF THE POSSIBILITY OF SUCH DAMAGES.",144
7131,RevolutionMedicinesInc_20200117_S-1_EX-10.1_11948417_EX-10.1_Development Agreement,Change Of Control,"RevMed will notify Sanofi in writing as soon as possible after RevMed announces publicly any information regarding any proposed Change of Control of RevMed (or if the Change of Control will not be publicly announced, then no later than [REDACTED] after the signing of the Change of Control).",48
7484,AIRTECHINTERNATIONALGROUPINC_05_08_2000-EX-10.4-FRANCHISE AGREEMENT,Rofr/Rofo/Rofn,"If AIRSOPURE fails to notify You of its election to exercise its right of first refusal granted herein within the thirty day period, then You may sell the franchise rights and license or the stock for the amount of the bona fide offer, subject to AIRSOPURE's rights under Section 12.02 above. Any material change in the terms or conditions of any offer prior to closing shall constitute a new offer subject to AIRSOPURE's right of first refusal described herein. If You fail to consummate the transaction within 30 days from the earlier of: (a) receipt of notice from AIRSOPURE that it elects not to exercise its right of first refusal, or (b) expiration of the 15 day period referred to herein, then You must resubmit the proposed transaction to AIRSOPURE, and AIRSOPURE shall have a new 15 day review period and right of first refusal.",145
2806,AimmuneTherapeuticsInc_20200205_8-K_EX-10.3_11967170_EX-10.3_Development Agreement,Ip Ownership Assignment,"(e) transfer to Xencor all of Aimmune's right, title and interest in and to any and all Development-related data and Commercialization Data Controlled by Aimmune for the Product; and

(f) provide a copy of (i) the material tangible embodiments of the foregoing and (ii) any other material books, records, files and documents Controlled by Aimmune solely to the extent related to the Product and which may be redacted to exclude Confidential Information of Aimmune;

provided, however, that to the extent that any agreement or other asset described in this Section 14.2 is not assignable by Aimmune (whether because such agreement or asset is explicitly non-assignable or because the Third Party consent required for such assignment is not obtained), then such agreement or other asset will not be assigned, and upon the request of Xencor, Aimmune will take such steps as may be reasonably necessary to allow Xencor to obtain and to enjoy the benefits of such agreement or other asset. For purposes of clarity, (1) [REDACTED] and (2) to the extent Xencor requests [REDACTED].",174
11996,ArtaraTherapeuticsInc_20200110_8-K_EX-10.5_11943350_EX-10.5_License Agreement,Rofr/Rofo/Rofn,"Richard Smith, MD will be given first consideration as a principal investigator for all new Product or Product- related clinical studies, in addition to other sites provided final site selection will be based on the best interest of the Project.",40
4203,JINGWEIINTERNATIONALLTD_10_04_2007-EX-10.7-INTELLECTUAL PROPERTY AGREEMENT,Ip Ownership Assignment,"Party A owns the sole and exclusive right of the intellectual property, including any improvement, upgrades and derived products, no matter whether such products are created by Party A or Party B.",32
10647,ADAPTIMMUNETHERAPEUTICSPLC_04_06_2017-EX-10.11-STRATEGIC ALLIANCE AGREEMENT,Rofr/Rofo/Rofn,"If Adaptimmune Limited fails to timely exercise its option within the Option Period with respect to any Invention, Adaptimmune Limited's right to negotiate a license agreement with respect to such Invention will automatically terminate, and MD Anderson will be free to negotiate and enter into a license with any other party.",51
13283,EMERALDHEALTHTHERAPEUTICSINC_06_10_2020-EX-4.5-CONSULTING AGREEMENT - DR. GAETANO MORELLO N.D. INC.,Termination For Convenience,The Company may terminate this Agreement and the engagement of the Contractor without Cause at any time on 30 days prior written notice.,23
7415,SigaTechnologiesInc_20190603_8-K_EX-10.1_11695818_EX-10.1_Promotion Agreement,Non-Compete,"During the Term, MMT shall not Commercialize in any manner any Competing Product in the Field in any country in the Territory; provided, however, the Parties hereby acknowledge that the restrictions set forth in this Section 2.3 shall not apply to any Affiliates of MMT (including Pfizer).",47
3910,ENERGYXXILTD_05_08_2015-EX-10.13-Transportation AGREEMENT,Renewal Term,"Subject to the other provisions of this Agreement, the term of this Agreement shall commence on the Effective Date and shall remain in effect until terminated by either Party upon thirty (30) days' prior written notice.",36
5766,NeoformaInc_19991202_S-1A_EX-10.26_5224521_EX-10.26_Co-Branding Agreement,Non-Transferable License,Any Advertising inventory that Neoforma appoints VerticalNet to arrange to sell shall not also be appointed to any third party to arrange for sale to third parties.,27
7711,CoherusBiosciencesInc_20200227_10-K_EX-10.29_12021376_EX-10.29_Development Agreement,Ip Ownership Assignment,Notwithstanding any other rights Bioeq may have under this Agreement or Applicable Law; if Licensee does not transfer and assign to Bioeq or its designee its rights in any Biologics License Applications and Biologics License Application Approvals controlled by Licensee for the Licensed Products in the Field in the Territory within the above [REDACTED] ([REDACTED]) day time period (provided that the physical or electronic transfer of files and documentation in connection with such transfer and assignment,76
3719,FUSIONPHARMACEUTICALSINC_06_05_2020-EX-10.17-Supply Agreement - FUSION,No-Solicit Of Employees,"During the term and for a period of [REDACTED] thereafter, neither party shall solicit, induce, encourage or attempt to induce or encourage any employee of the other party with whom such party has had direct contact to terminate his or her employment with such other party or to breach any other obligation to such other party.",56
4994,TomOnlineInc_20060501_20-F_EX-4.46_749700_EX-4.46_Co-Branding Agreement,Most Favored Nation,"The Company will, and Online BVI will cause the Company to, use its commercially reasonable efforts to make available and promote the Online Group's existing payment processing and customer billing and payment gateway methods for the purchase of Skype premium features by Company-Skype Branded Customers, including, without limitation, prepaid card distribution networks, vouchers and mobile payment methods, provided, that all payment processing and customer billing and payment gateway charges for such payment methods are on terms that are as or more favourable than the most favourable pricing and terms for such services otherwise provided at the applicable time by any member of the Online Group, and provided further that such pricing and terms have first been mutually approved in writing by the Parties.",123
5566,ALLISONTRANSMISSIONHOLDINGSINC_12_15_2014-EX-99.1-COOPERATION AGREEMENT,Non-Disparagement,"(ix) disparage or cause to be disparaged the Company or Affiliates thereof, any of its current or former officers, or directors;",21
13147,NEXSTARFINANCEHOLDINGSINC_03_27_2002-EX-10.26-OUTSOURCING AGREEMENT,Termination For Convenience,"This Agreement may be terminated by Nexstar by written notice to WYZZ (i) any time upon six (6) months prior notice, (ii) on six (6) months prior notice following the sale of WYZZ-TV by WYZZ, and/or (iii) if Nexstar is not then in material default or breach hereof, and WYZZ is in material breach of its representations or its material obligations hereunder, and has failed to cure such breach within thirty (30) days of written notice from Nexstar; provided, no notice may be given pursuant to clause (i) of this section prior to the eighteen (18) month anniversary of the Effective Date.",102
11456,SEASPINEHOLDINGSCORP_10_10_2018-EX-10.1-SUPPLY AGREEMENT,Ip Ownership Assignment,"Any Invention that is neither PcoMed Technology nor Integra Technology but that is Derived during the Term jointly by the parties relating to this Agreement shall be the property of (i) PcoMed if it relates primarily to the PcoMed Technology and (ii) Integra if it relates primarily to the Integra Products; provided that the parties may agree that an Invention that is Derived during the Term jointly may become the property of both parties, including Inventions or methods related to the surface preparation of Integra Products",86
750,PfHospitalityGroupInc_20150923_10-12G_EX-10.1_9266710_EX-10.1_Franchise Agreement1,Non-Compete,You agree not to: (a) advertise or market the services of your Franchised Business outside of the Delivery/Catering and Advertising Area; and/or (b) engage in direct solicitation of customers outside of the Delivery/Catering and Advertising Area.,36
10146,LejuHoldingsLtd_20140121_DRS (on F-1)_EX-10.26_8473102_EX-10.26_Content License Agreement1,Covenant Not To Sue,"Except as expressly permitted under the Trademark License Agreement, Licensee shall not knowingly (a) use the Licensed Domain Names in any manner that tarnishes, degrades, disparages or reflects adversely on Licensor or Licensor's business or reputation, (b) in any jurisdiction, register or attempt to register any domain names that consist of, in whole or in part, or are confusingly similar to, the term ""SINA"", (c) contest, challenge or otherwise make any claim or take any action adverse to Licensor's interest in the Licensed Domain Names",85
9899,StaarSurgicalCompany_20180801_10-Q_EX-10.37_11289449_EX-10.37_Distributor Agreement,Non-Disparagement,Refrain from making any claims or representations concerning the Products other than as set forth in the applicable specifications or labeling therefor and never disparage either STAAR or the Products.,30
11374,IdeanomicsInc_20160330_10-K_EX-10.26_9512211_EX-10.26_Content License Agreement,Uncapped Liability,"EXCEPT FOR THE ABOVE INDEMNIFICATION OBLIGATIONS AND FOR BREACHES OF SECTION 14, NEITHER PARTY SHALL BE LIABLE TO THE OTHER FOR ANY INCIDENTAL, CONSEQUENTIAL, SPECIAL OR PUNITIVE DAMAGES ARISING OUT OF THIS AGREEMENT (INCLUDING, BUT NOT LIMITED TO, LOSS OF PROFITS), WHETHER IN AN ACTION OR ARISING OUT OF BREACH OF CONTRACT, TORT OR ANY OTHER CAUSE OF ACTION EVEN IF SUCH PARTY HAS BEEN ADVISED OF THE POSSIBILITY OF SUCH DAMAGES.",72
691,ChinaRealEstateInformationCorp_20090929_F-1_EX-10.32_4771615_EX-10.32_Content License Agreement,Non-Transferable License,"Notwithstanding anything in this Agreement to the contrary, Licensee has no right to sublicense any rights granted hereunder to any third  party, or otherwise permit any third party to use any Licensed Domain Names or Licensed Content; provided, however, that any rights granted to  Licensee hereunder shall be sublicensable, without the prior written consent of Licensor, to SINA Leju and Licensee's Affiliates that are controlled  by SINA Leju solely for the purpose of operating the Business during the Term.",79
7118,RevolutionMedicinesInc_20200117_S-1_EX-10.1_11948417_EX-10.1_Development Agreement,Rofr/Rofo/Rofn,"During the Term prior to the Option exercise by Sanofi, RevMed shall provide to Sanofi any additional information Controlled by RevMed that is reasonably requested by Sanofi in order to assist Sanofi in determining whether to exercise its Option. If Sanofi so exercises its Option pursuant to this Section 3.1(b)(ii), [REDACTED]. U",52
9258,SoupmanInc_20150814_8-K_EX-10.1_9230148_EX-10.1_Franchise Agreement1,Third Party Beneficiary,"You and we acknowledge and agree that we are a third-party beneficiary to all Unit Franchise Agreements between you and Unit Franchisees in the Master Territory, and that we shall have the right to assume any of your responsibilities, duties or functions under such Unit Franchise Agreements in the event that this Agreement expires or is terminated for any reason.",60
2847,HEALTHGATEDATACORP_11_24_1999-EX-10.1-HOSTING AND MANAGEMENT AGREEMENT (1),Competitive Restriction Exception,"The Publishers grant HealthGate an exclusive right to carry out the       Services, with the exception that the Publishers shall honour current       contracts with third parties and Publisher may publish and licence content       themselves as long as it does not materially reduce HealthGate's revenue.",43
7666,NETGROCERINC_07_31_1998-EX-10.15-SPONSORSHIP AGREEMENT,Competitive Restriction Exception,"In the event that it is determined that                   Excite violated the Agreement by excluding a bona fide                   NetGrocer Competitor from Exhibit A or displayed on the                   Excite Site advertising or promotional material from a bona                   fide NetGrocer Competitor, Excite will be obligated to (i)                   immediately add the online supermarket to Exhibit A, (ii)                   immediately remove from the Excite Site any advertising or                   promotional material from the online supermarket and (iii)                   provide NetGrocer with advertising and promotional value,                   without additional cost, equal to the advertising and                   promotional value provided to the online supermarket prior to                   the removal of its advertising and promotional material from                   the Excite Site.",106
6021,AgapeAtpCorp_20191202_10-KA_EX-10.1_11911128_EX-10.1_Supply Agreement,Irrevocable Or Perpetual License,The Manufacturer grants exclusive rights to the Customer for the term of ten (10) years from the date of the signing of this agreement and for an indefinite period upon the customer fulfilling the minimum annual purchase requirement as listed in Schedule B. of this agreement.,46
10649,ADAPTIMMUNETHERAPEUTICSPLC_04_06_2017-EX-10.11-STRATEGIC ALLIANCE AGREEMENT,Rofr/Rofo/Rofn,"As between the Parties, Adaptimmune will have the first right to prepare, file, prosecute, maintain, enforce and defend all U.S. and foreign patents, registrations and other forms of intellectual property in any jointly-owned Invention using patent counsel of its choice that is subject to the written approval of MD Anderson not to be unreasonably withheld and at the sole cost and expense of Adaptimmune, with accounting to MD Anderson.",69
10840,RemarkHoldingsInc_20081114_10-Q_EX-10.24_2895649_EX-10.24_Content License Agreement,Rofr/Rofo/Rofn,"At the end of such [REDACTED] ([REDACTED]) year period, HSWI shall have the right to renew the Agreement under materially the same terms or shall have an option to purchase the Translated Content outright to the extent rights permit and to the extent the parties mutually agree to terms for such sale.",52
9395,NEONSYSTEMSINC_03_01_1999-EX-10.5-DISTRIBUTOR AGREEMENT_New,Warranty Duration,"written notice to Licensor, then Licensee as its sole remedy may (a) extend  the correction period to a date which is agreeable to Licensor and Licensee  or (b) return all copies of the Licensed Products to Licensor with a  certification by an authorized representative of Licensee that all copies  have been returned to Licensor or have been destroyed and that Licensee has  not retained any copies thereof and Licensor shall refund to Licensee the  amount paid by Licensee to Licensor for such Licensed Products.",84
4456,ENTERTAINMENTGAMINGASIAINC_02_15_2005-EX-10.5-DISTRIBUTOR AGREEMENT,Warranty Duration,"Although Vendor intends to provide a six-month limited warranty to the end user, Distributor shall make no warranties or representations with respect to the Products on behalf of Vendor",29
8544,InnerscopeHearingTechnologiesInc_20181109_8-K_EX-10.6_11419704_EX-10.6_Distributor Agreement,Ip Ownership Assignment,or improvement related to the Products are fully vested in Erchonia.,11
7147,RevolutionMedicinesInc_20200117_S-1_EX-10.1_11948417_EX-10.1_Development Agreement,Volume Restriction,"At RevMed's reasonable request, for a period not to exceed [REDACTED AMOUNT] following the effective date of termination, Sanofi shall provide RevMed with assistance up to a total of [REDACTED AMOUNT] with any inquiries and correspondence with Regulatory Authorities relating to any such Termination Product.",43
12646,DRKOOPCOMINC_04_21_1999-EX-10.28-SPONSORSHIP AGREEMENT,Exclusivity,"""The Vitamin Shoppe is the proud exclusive vitamin sponsor of drkoop.com.""",11
5170,"BABCOCK_WILCOXENTERPRISES,INC_08_04_2015-EX-10.17-INTELLECTUAL PROPERTY AGREEMENT between THE BABCOCK _ WILCOX COMPANY and BABCOCK _ WILCOX ENTERPRISES, INC.",Affiliate License-Licensee,"licensed by SpinCo or any other member of the SpinCo Group if and to the extent the licensing of same to RemainCo would constitute a breach of an agreement with any Third Party executed prior to the Effective Date or result in any expense to SpinCo or any member of the SpinCo Group for payments to such Third Party or (ii) any intellectual property not owned by one or more members of the SpinCo Group, or as to which no member of the SpinCo Group has the right to grant sublicenses, as of the Effective Date.",96
9234,SoupmanInc_20150814_8-K_EX-10.1_9230148_EX-10.1_Franchise Agreement1,Liquidated Damages,"In addition to the foregoing, upon termination of this Agreement by us for cause as described in Section 10, you agree to pay to us within fifteen (15) days after the effective date of this Agreement's termination, in addition to the amounts owed hereunder, liquidated damages equal to the average monthly Unit Franchise Performance Royalty Fee and Franchise Sales Royalty Fee you paid during the twelve (12) months of operation preceding the effective date of termination multiplied by (a) twenty-four (24) (being the number of months in two (2) full years), or (b) the number of months remaining in the Agreement had it not been terminated, whichever is lower.",109
8574,SmartRxSystemsInc_20180914_1-A_EX1A-6 MAT CTRCT_11351705_EX1A-6 MAT CTRCT_Distributor Agreement,Non-Transferable License,"For the term of this Agreement, Company grants Distributor a limited, revocable, non-transferable, non-exclusive license under Company's copyrights to use the Company Products at Distributor's facilities in the Territory solely for marketing and support purposes directly related to the performance of its duties under this Agreement.",46
640,ZEBRATECHNOLOGIESCORP_04_16_2014-EX-10.1-INTELLECTUAL PROPERTY AGREEMENT,Change Of Control,"If as a result of the Change of Control Event such party remains a separate, independent legal entity (or is merged into another Person, where such Person was formed or created for the purpose of the Change of Control Event or where such Person is a then-current Affiliate of such party), then the license rights granted to such party under Article II shall continue in full force and effect.",69
12796,"GOOSEHEADINSURANCE,INC_04_02_2018-EX-10.6-Franchise Agreement",Competitive Restriction Exception,Section 19.3.3 above will not apply to your ownership of less than five percent (5%) beneficial interest in the outstanding equity securities of any publicly-held,25
4894,WESTERN COPPER - NON-COMPETITION AGREEMENT,Non-Compete,"Western Copper covenants and agrees with Glamis that, for a period of 2 years after the Effective Date, it will not, directly or indirectly, either individually or in partnership or  jointly or in conjunction with any Person, which will include being a principal, agent,  shareholder, or advisor of such Person or in any other manner whatsoever,

(a) carry on or be engaged in Mining Activities, or",66
5977,LeadersonlineInc_20000427_S-1A_EX-10.8_4991089_EX-10.8_Co-Branding Agreement,Uncapped Liability,"OF LIABILITY (INCLUDING NEGLIGENCE), EVEN IF SUCH PARTY HAS BEEN ADVISED OF THE POSSIBILITY OF SUCH DAMAGES.",17
5813,VIOLINMEMORYINC_12_12_2012-EX-10.14-SPONSORSHIP AGREEMENT,Competitive Restriction Exception,"Sponsor acknowledges and agrees that, notwithstanding the grant of exclusivity set forth in this Section 4, Team shall have the right to solicit and enter into sponsorships with other parties that are not known primarily or exclusively as suppliers or providers of any product or service within the Product and Services Category.",52
9202,SoupmanInc_20150814_8-K_EX-10.1_9230148_EX-10.1_Franchise Agreement1,Rofr/Rofo/Rofn,"If, for any reason, this Agreement is not terminated pursuant to Section 10.1 and this Agreement is assumed, or assignment of the same to any person or entity who has made a bona fide offer to accept an assignment of this Agreement is contemplated pursuant to the United States Bankruptcy Code, then notice of such proposed assignment or assumption setting forth: (a) the name and address of the proposed assignee, and (b) all of the terms and conditions of the proposed assignment and assumption shall be given to us within twenty (20) days after receipt of such proposed assignee's offer to accept assignment of this Agreement, and, in any event, within ten (10) days prior to the date application is made to a court of competent jurisdiction for authority and approval to enter into such assignment and assumption, and we shall thereupon have the prior right and option, to be exercised by notice given at any time prior to the effective date of such proposed assignment and assumption, to accept an assignment of this Agreement to us upon the same terms and conditions and for the same consideration, if any, as in the bona fide offer made by the proposed assignee, less any brokerage commissions which may be payable by you out of the consideration to be paid by such assignee for the assignment of this Agreement.",227
5429,BUFFALOWILDWINGSINC_06_05_1998-EX-10.3-FRANCHISE AGREEMENT,Renewal Term,"You have the right to renew the franchise for two (2) successive terms equal to five (5) years each, providing you meet all of the following conditions:

            1.    You have, during the entire term, complied with all the provisions of the Agreement;

            2.    The premises of the Franchised Restaurant meet our then-current standards for Buffalo Wild Wings restaurants and you are able to maintain possession of the Franchised Restaurant.  Before the expiration date of this Agreement you must bring the Franchised Restaurant into full compliance with the specifications and standards then applicable for new or renewing Buffalo Wild Wings businesses and present us with evidence satisfactory that you have the right to remain in possession of the Franchised Restaurant premises for the duration of the renewal term.  In the event you are unable to maintain possession of the premises of the Franchised Restaurant or if the premises do not meet our then-current standards, you may secure substitute premises approved by us and provided that you have furnished, stocked and equipped such premises to bring the Franchised Restaurant at its substituted premises into full compliance with the then-current specifications and standards before the expiration date of this Agreement;

            3.    You have given us written notice of your desire to renew at least six (6) months but not more than twelve (12) months prior to the end of the term;

            4.    You have satisfied all of your monetary obligations to us and our affiliates and have timely met these obligations throughout the term of this Agreement;

            5.    You have executed for the renewal term our then-current form of Franchise Agreement (with appropriate modifications to reflect the fact that the agreement relates to the grant of a renewal franchise), which shall supersede in all respects this Agreement, and the terms of which may differ from the terms of this Agreement, including, without limitation, a different percentage Continuing Fee and advertising contribution; provided, however, that the percentage Continuing Fee shall not exceed seven percent (7%) during any renewal period.  You will not be required to pay the then-current initial franchise fee or its equivalent;

            6.    You have complied with our then-current qualification and training requirements; and

            7.    You have executed a general release, in a form prescribed by us, of all claims against us and our affiliates, and respective officers, directors, agents, shareholders and employees.",391
11274,XpresspaGroupInc_20190401_10-K_EX-10.28_11599457_EX-10.28_Marketing Agreement,Rofr/Rofo/Rofn,"Calm shall have thirty (30) business days (the ""ROFR Period"") from receipt of a ROFR Notice to exercise its ROFR with respect to the region and/or Stores described in the ROFR Notice.",32
5262,"Sonos, Inc. - Manufacturing Agreement ",Termination For Convenience,Either Party may terminate this Agreement hereunder for any reason at its convenience upon one hundred eighty (180) days prior written notice.,22
6737,Quaker Chemical Corporation - NON COMPETITION AND NON SOLICITATION AGREEMENT,No-Solicit Of Employees,"Notwithstanding the above, Sellers shall not be restricted from (1) soliciting for employment or hiring former employees of Buyer or the Company (including their respective subsidiaries) whose employment was terminated by Buyer or the Company (including their respective subsidiaries) at least six months prior to such initial solicitation by such Seller or (2) soliciting employees of the Combined Business by means of a general solicitation through a public medium or general or mass mailing that is not specifically targeted at employees or former",83
6160,Apollo Endosurgery - Manufacturing and Supply Agreement,Uncapped Liability,"EXCEPT FOR BREACHES OR VIOLATIONS OF ARTICLE 9, OR INDEMNITY LIABILITIES ARISING UNDER THIS ARTICLE 8, OR CASES OF GROSS NEGLIGENCE OR WILLFUL MISCONDUCT, IN NO EVENT SHALL EITHER PARTY BE LIABLE TO THE OTHER FOR ANY CONSEQUENTIAL, INDIRECT, SPECIAL, INCIDENTAL OR PUNITIVE DAMAGES INCLUDING LOSS OF USE, REVENUES OR PROFITS, INTERRUPTION OF BUSINESS OR CLAIMS AGAINST EITHER PARTY OR ITS CUSTOMERS BY ANY THIRD PARTY, WHETHER SUCH CLAIM IS BASED IN CONTRACT, TORT (INCLUDING NEGLIGENCE), STRICT LIABILITY OR OTHERWISE, EVEN IF THE PARTY IS ADVISED OF THE POSSIBILITY OF SUCH DAMAGES.",92
5729,NeoformaInc_19991202_S-1A_EX-10.26_5224521_EX-10.26_Co-Branding Agreement,Exclusivity,"From time to time during the Term, VerticalNet shall provide a copy of all VerticalNet Medical Product Listings received by VerticalNet after the Effective Date to Neoforma as such Product Listings are made available to VerticalNet for use on Neoforma Plan, Neoforma Shop and Neoforma Auction on an exclusive basis (even as to VerticalNet), to the extent VerticalNet has the right to do so.",64
5736,NeoformaInc_19991202_S-1A_EX-10.26_5224521_EX-10.26_Co-Branding Agreement,Exclusivity,"Neoforma shall not place any Link on a Neoforma Site to, or a Neoforma Link on the Site of, any other provider or host of a service similar to the Co-Branded Training and Education Center or to any other training or education service websites.",44
10325,MANAKOASERVICESCORP_11_21_2007-EX-7.5-STRATEGIC ALLIANCE AGREEMENT,Non-Compete,MKOS will not seek to acquire any technologies presented to MKOS by UTEK from the technology developer directly or indirectly for a period of 24 months following the termination of this Strategic Alliance Agreement.,34
8368,EhaveInc_20190515_20-F_EX-4.44_11678816_EX-4.44_License Agreement_ Reseller Agreement,Source Code Escrow,"Upon release of the Source Code by the Escrow Agent to CHT pursuant to the terms and conditions of the Escrow Agreement, Ehave hereby warrants that such Source Code and other materials are and will be the then current version of the Software as used by CHT in its provision to End Users of the eEhave Companion Solution under the Subscription Agreements and that Ehave shall throughout the Term keep the Source Code so deposited with the Escrow Agent current by periodically submitting material updates to the Escrow Agent from time to time, as necessary.",95
8262,AURASYSTEMSINC_06_16_2010-EX-10.25-STRATEGIC ALLIANCE AGREEMENT,Most Favored Nation,"During the term of this Agreement, Zanotti agrees that Aura shall be allowed the full benefit of any and all lower prices  and/or any more favorable terms and/or conditions (""MFN"" Terms) contained in any other agreement entered into by Zanotti for the sale of any  product substantially similar to the Product in the same or lesser quantities described in this Agreement to third parties",64
9292,BNLFINANCIALCORP_03_30_2007-EX-10.8-OUTSOURCING AGREEMENT,Uncapped Liability,"VIP shall have no liability with respect to its obligations under this agreement or otherwise for consequential, exemplary, special, indirect, incidental or punitive damages even if it has been advised of the possibility of such damages in any event, other than claims covered by paragraph 8(b) or paragraph 6(a) of this agreement (which claims are excluded from this paragraph 9(f) limitation), the liability of VIP to BNL for any reason and upon any cause of action or claim in contract, tort or otherwise shall be limited to the amount paid by BNL to VIP in the twelve (12) month period prior to the accrual of the action or claim for the specific service which is the subject of the action or claim (or, if such accrual occurs during the first twelve (12) months of the initial term, then the liability shall be limited to the minimum fees payable by BNL to VIP during the first twelve (12) months of the initial term).",162
6208,IDREAMSKYTECHNOLOGYLTD_07_03_2014-EX-10.39-Cooperation Agreement on Mobile Game Business,Liquidated Damages,"If Party A discovers in its spot checks conducted from time to time that any game, software, business, works, content or service provided by Party B is not in compliance with laws, regulations, industry rules, Party A's management measures or contractual agreement, Party B shall pay Party A additional amount of performance bond at RMB5,000 per violation, or RMB10,000 per business, to be payable to by Party B within 10 working days after the results of copyright spot checks are posted.",81
4853,EdietsComInc_20001030_10QSB_EX-10.4_2606646_EX-10.4_Co-Branding Agreement,Exclusivity,"Notwithstanding the foregoing, Women.com shall be entitled to (aa) provide mini and micro web sites and Women.com promotions and sponsorships to Jenny Craig; (bb) sell, display, or distribute advertisements, including banner advertisements, newsletter placements, internet radio, commerce placements and market research, or otherwise promote Competitive Companies on pages other than the Gateway Page of the Diet Center.",57
4147,EcoScienceSolutionsInc_20171117_8-K_EX-10.1_10956472_EX-10.1_Endorsement Agreement,Non-Transferable License,Such usage may not be sold or transferred.,8
6362,MPLXLP_06_17_2015-EX-10.1-TRANSPORTATION SERVICES AGREEMENT,Volume Restriction,"If, during any Quarter of the Contract Year, Shipper deliveries on the Pipeline exceed the applicable Quarterly Volume Commitment requirements, Shipper shall be permitted to apply Prepaid Transportation Credits against any amount due from Shipper and payable to MPL with respect to the transportation of volumes on the Pipeline for such Quarter.",52
2461,SPARKLINGSPRINGWATERHOLDINGSLTD_07_03_2002-EX-10.13-SOFTWARE LICENSE AND MAINTENANCE AGREEMENT,Source Code Escrow,"The Source Code on each AS400 shall be the most current version of all Codes for all corrections, bug fixes, Improvements and new releases of the Software which are licensed by Sparkling hereunder.",33
3300,HarpoonTherapeuticsInc_20200312_10-K_EX-10.18_12051356_EX-10.18_Development Agreement,Affiliate License-Licensor,"Upon the [REDACTED], Harpoon (on behalf of itself and its Affiliates) hereby grants to AbbVie a co-exclusive (with Harpoon), royalty-free (subject to [REDACTED] [REDACTED]) license, with the right to grant sublicenses in accordance with Section 5.3, under the Harpoon Patents, the Harpoon Know-How, and Harpoon's interests in the Joint Patents and the Joint Know- How, to Develop and Manufacture the Licensed Compounds and Licensed Products solely to the extent necessary for AbbVie to perform [REDACTED].",75
9893,StaarSurgicalCompany_20180801_10-Q_EX-10.37_11289449_EX-10.37_Distributor Agreement,Renewal Term,"The term of this Agreement shall commence on the Effective Date and terminate in _____________, on _____________, unless terminated earlier pursuant to the terms of this Agreement; provided, however, that this Agreement may be renewed for successive one (1) year periods if STAAR and Distributor expressly agree in writing and in their sole discretion to renew this Agreement prior to the foregoing termination date or any successive renewal term.",69
5278,"Sonos, Inc. - Manufacturing Agreement ",Affiliate License-Licensee,"Subject to all terms and conditions of this Agreement, Sonos hereby grants to IAC and its Affiliates a non-exclusive, worldwide, nontransferable, royalty free right and license under Sonos' Intellectual Property Rights, to manufacture the Products solely for Sonos.",38
1640,DRAGONSYSTEMSINC_01_08_1999-EX-10.17-OUTSOURCING AGREEMENT,Warranty Duration,"Should MMI not supply the Services as agreed or should the Services become defective within 6 months from their delivery to Dragon Systems, Dragon Systems may at its option require MMI to complete or re-perform the Services within a reasonable period of time, rescind the contract or refuse payment of the compensation in part or in total, notwithstanding any damage claims.",61
8012,"Loop Industries, Inc. - Marketing Agreement",Competitive Restriction Exception,"Joint Venture Company shall not, and shall cause each SPV and each of their Affiliates not to, directly or indirectly, market or sell any Loop-branded Products or any Products produced using Licensed Subject Matter to any person or entity except to Authorized Customers pursuant to a Transferred Contract (the ""Marketing and Sale Restriction""); provided that if at any time during the term of this Agreement, Loop has delivered Proposed Contract Notices that result in Transferred Contracts having binding purchase and supply obligations for less than [REDACTED] of the then existing actual production capacity of a Licensed Facility (taking into account Joint Venture Company's reasonable forecasts based on customer requirements, seasonal variations, and other factors) in the subsequent three months (the ""[REDACTED]""), Joint Venture Company may market and solicit orders for Licensed Products produced in such Licensed Facility directly to customers and potential customers and enter into supply contracts for the sale of Loop-branded Products or any Products produced using Licensed Subject Matter produced in such Licensed Facility with customers without being restricted by the Marketing and Sale Restriction.",178
9768,"GSITECHNOLOGYINC_11_16_2009-EX-10.2-INTELLECTUAL PROPERTY AGREEMENT between SONY ELECTRONICS INC. and GSI TECHNOLOGY, INC.",Change Of Control,"Notwithstanding the  foregoing, a Party may transfer or assign its rights under this IP Agreement in connection with a merger, acquisition or sale of all or substantially  all of its assets, on condition that it provides the",37
726,"HERTZGLOBALHOLDINGS,INC_07_07_2016-EX-10.4-INTELLECTUAL PROPERTY AGREEMENT",Covenant Not To Sue,"The Parties acknowledge and affirm their respective rights in and to the relevant trademark and related rights subject to this Agreement and neither Party shall directly or indirectly attack, challenge or impair the title and related rights of the other Party during the Interim Period or any time thereafter.",49
997,LOYALTYPOINTINC_11_16_2004-EX-10.2-RESELLER AGREEMENT,Volume Restriction,"From the Effective Date through September 30, 2004, Schoolpop                   may order non-standard Encompass(R) Select denominations                   (other than 25, 50, 75, and 100 Points) up to a maximum of 200                   Points.",30
12734,LegacyEducationAllianceInc_20141110_8-K_EX-10.9_8828866_EX-10.9_Endorsement Agreement,Non-Compete,"Talent represents and warrants that he has not granted nor will he grant to any other party any right, permission, or license to use the Property in connection with the advertisement,  sale, or promotion of the Product or in connection with products that are identical or substantially similar to the Product.",51
1930,RareElementResourcesLtd_20171019_SC 13D_EX-99.4_10897534_EX-99.4_Intellectual Property Agreement,Rofr/Rofo/Rofn,"Notwithstanding the foregoing, if Company elects to abandon any patent application, to not pay maintenance fees or annuities to keep a patent in force, or to otherwise take or fail to take any action that will result in a loss of patent rights, Company shall give Investor at least sixty (60) days prior written notice and an opportunity to take over the prosecution of the patent application that would be abandoned and/or pay the fees necessary to keep the patent in force and/or take any other action necessary to avoid the loss of patent rights.",95
10473,BizzingoInc_20120322_8-K_EX-10.17_7504499_EX-10.17_Endorsement Agreement,Affiliate License-Licensee,"Subject to the terms and conditions set forth herein, Theismann hereby grants to Bizzingo and its affiliates the unlimited  right and privilege during the Term (as defined herein) and within the Territory to use the Property (as defined herein) in connection with the  advertisement, promotion, and sale of the Network in the Territory whether through film, television, radio, print and Internet media, including the right to use  the Property in or on the Network",74
5898,ZogenixInc_20190509_10-Q_EX-10.2_11663313_EX-10.2_Distributor Agreement,Joint Ip Ownership,"Notwithstanding the foregoing, if Zogenix asks Distributor to solely conduct any additional Territory-specific Development activities which are urgently required by the MHLW for the MAA in the Territory, Distributor shall retain co-ownership with Zogenix of any Data generated solely by Distributor.",41
1290,"Zounds Hearing, Inc. - MANUFACTURING DESIGN MARKETING AGREEMENT",Change Of Control,"A Change of Control shall occur with respect to the Manufacturer, unless Subcontractor shall have expressly consented to such Change of Control in writing.",24
7716,CoherusBiosciencesInc_20200227_10-K_EX-10.29_12021376_EX-10.29_Development Agreement,Joint Ip Ownership,"As between the Parties, the Parties shall jointly own all Inventions (including Improvements) developed, conceived or reduced to practice jointly by or on behalf of both Bioeq and Licensee (such Inventions, Joint Inventions, and such Improvements, Joint Improvements), and all Intellectual Property Rights and Know-How therein.",46
8636,"CORALGOLDRESOURCES,LTD_05_28_2020-EX-4.1-CONSULTING AGREEMENT",No-Solicit Of Employees,"The Consultant covenants, undertakes and agrees with the Company that during the Term and for a period of one year from the date of expiration or termination of this Agreement for any reason whatsoever, it shall not, on its own behalf or on behalf of any person, whether directly or indirectly, in any capacity whatsoever, offer employment to or solicit the employment of or otherwise entice away from the employment of the Company or any of the Affiliated Companies, any individual who is employed or engaged by the Company or any of the Affiliated Companies at the date of expiration or termination of this Agreement or who was employed or engaged by the Company or any of the Affiliated Companies, within the one year period immediately preceding the date of expiration or termination of this Agreement, as applicable.",138
985,LOYALTYPOINTINC_11_16_2004-EX-10.2-RESELLER AGREEMENT,Competitive Restriction Exception,Schoolpop understands and agrees that this Agreement does not                   grant Schoolpop any exclusive right to market the Cards or any                   other AEIS products and services outside of the NPO                   Marketplace.,30
3004,"BELLICUMPHARMACEUTICALS,INC_05_07_2019-EX-10.1-Supply Agreement",Affiliate License-Licensee,"The supply of the Miltenyi Products hereunder conveys to Bellicum the limited, non-exclusive, non-transferable (except as expressly provided herein, including as set forth in Article 17) right to use, and to permit its Subcontractors and Licensees to use the Miltenyi Products solely for Ex Vivo Cell Processing in the manufacture of Bellicum Products for use in the Field in the Territory (including for research, pre-clinical, clinical, regulatory and commercial purposes), in accordance with applicable Regulatory Authority requirements and approvals (including (to the extent applicable) any relevant clinical trial protocol, IND, and/or IRB approval pertaining to such Bellicum Products), in each case consistent with the terms and conditions of this Agreement and in accordance with Applicable Laws (the ""Permitted Use""). Bellicum's Permitted Use of the Miltenyi Products shall be limited to the Designated Countries, subject to Section 2.3.",137
10673,ADAPTIMMUNETHERAPEUTICSPLC_04_06_2017-EX-10.11-STRATEGIC ALLIANCE AGREEMENT,Irrevocable Or Perpetual License,"exclusive (subject to MD Anderson's perpetual, irrevocable, no-cost right to use such Invention for non-commercial internal research, academic and patient care purposes), royalty-bearing license to any Invention in which MD Anderson has an ownership interest, provided that Adaptimmune Limited pays all reasonably incurred patent expenses for such Invention in the event Adaptimmune Limited exercises its option.",56
6210,IDREAMSKYTECHNOLOGYLTD_07_03_2014-EX-10.39-Cooperation Agreement on Mobile Game Business,Liquidated Damages,"For the third time of the aforementioned violation, Party A will withhold the full amount of the performance bond already paid by Party B, and terminate the full-range business cooperation for one year.",33
803,PfHospitalityGroupInc_20150923_10-12G_EX-10.1_9266710_EX-10.1_Franchise Agreement1,Liquidated Damages,The amounts contemplated under Section 16.4 [Liquidated Damages] above is not a penalty and is intended by the parties only as a compensatory remedy for past breaches and not as a preventative remedy to deter future breaches.,37
3536,AIRSPANNETWORKSINC_04_11_2000-EX-10.5-Distributor Agreement,Warranty Duration,"The warranty period for any item of Equipment and related Software shall be twelve (12) months from the date of delivery of such Equipment and related Software to Distributor as set forth in Paragraph 8.1 (hereinafter, this period of time shall be referred to as the ""Initial Warranty Period."")",49
852,CORIOINC_07_20_2000-EX-10.5-LICENSE AND HOSTING AGREEMENT,Unlimited/All-You-Can-Eat-License,"Subject to the terms and conditions of this         Agreement, Commerce One hereby grants to Corio a fee-bearing, perpetual         and irrevocable, nonexclusive, nontransferable (except in accordance         with Section 14.1 of this Agreement), right and license in the Territory         to",38
4069,CardlyticsInc_20180112_S-1_EX-10.16_11002987_EX-10.16_Maintenance Agreement1,Warranty Duration,"Following expiration of the Warranty Period and for so long as Bank of America has contracted Supplier to provide Maintenance Services, Supplier represents and warrants that the Software shall remain Operative.",31
6052,"XACCT Technologies, Inc.SUPPORT AND MAINTENANCE AGREEMENT",Renewal Term,The Agreement will be automatically          renewed for additional one (1) year terms (subject to applicable fee          adjustments) unless thirty (30) days prior to the anniversary of the          Effective Date Licensee gives written notice to XACCT of its intention          not to renew.,41
328,"FTENETWORKS,INC_02_18_2016-EX-99.4-STRATEGIC ALLIANCE AGREEMENT",Termination For Convenience,"After the Initial Term, this Agreement shall continue on a month to month basis until terminated by either party upon thirty (30) days prior written notice to the other setting forth the effective date of such termination.",37
55,"WHITESMOKE,INC_11_08_2011-EX-10.26-PROMOTION AND DISTRIBUTION AGREEMENT",Change Of Control,"[ * ] expected to experience, or [ * ] is experiencing, such  Change of Control shall notify [ * ] in writing of this before or within [ * ] after the Change of Control.",36
6197,IDREAMSKYTECHNOLOGYLTD_07_03_2014-EX-10.39-Cooperation Agreement on Mobile Game Business,Change Of Control,"During the term hereof, any division, merger, dissolution, liquidation, bankruptcy or other events that lead to changes of Party B in the company nature, qualification and capacity for civil acts shall be notified to Party A in time, and subject to the provisions hereunder about the exit grace period.",49
9007,TRIZETTOGROUPINC_08_18_1999-EX-10.17-TECHNICAL INFRASTRUCTURE MAINTENANCE AGREEMENT,Warranty Duration,MMMW provided Customer with an all inclusive warranty for a period of           12 months commencing on the date of installation to include system           purchased by Customer from MMMW,28
4667,MorganStanleyDirectLendingFund_20191119_10-12GA_EX-10.5_11898508_EX-10.5_Trademark License Agreement,Covenant Not To Sue,"Licensee agrees not to do anything inconsistent with such ownership, including (i) filing to register any trademark or service mark containing the Brand or (ii) directly or indirectly challenging, contesting or otherwise",32
1038,ENERGOUSCORP_03_16_2017-EX-10.24-STRATEGIC ALLIANCE AGREEMENT,No-Solicit Of Customers,"For clarity, ENERGOUS shall not intentionally supply Products, Product Die or comparable products or product die to customers directly or through distribution channels.",23
8149,WOMENSGOLFUNLIMITEDINC_03_29_2000-EX-10.13-ENDORSEMENT AGREEMENT,Volume Restriction,"The Professional hereby grants to the Company the exclusive and worldwide right to use her name, likeness, image and personal identification, singly or in any combination, during the Term and for a period of six (6) months after the Term as provided in Section 2.8, in the creation of two (2) print advertisements per year and one (1) television advertisement per year (together, the ""Advertisements"") for any golf equipment, along with all rights in any images, videos, advertisement copy or other materials created by the Professional or others.",88
5888,ZogenixInc_20190509_10-Q_EX-10.2_11663313_EX-10.2_Distributor Agreement,Termination For Convenience,"At any time following the expiration of the Distribution Term (as defined in Section 1.17), the Distributor may terminate this Agreement at will upon [REDACTED] prior written notice to Zogenix.",30
7624,XENCORINC_10_25_2013-EX-10.24-COLLABORATION AGREEMENT (3),Ip Ownership Assignment,"Improvements that (i) relate specifically to BII Confidential Information and Know-How, and (ii) do not relate to XENCOR Confidential Information and Know­How (collectively, ""BII Intellectual Property"") will be exclusively owned by BII, and BII shall control patent prosecution and maintenance thereof.",41
9002,TRIZETTOGROUPINC_08_18_1999-EX-10.17-TECHNICAL INFRASTRUCTURE MAINTENANCE AGREEMENT,Volume Restriction,"This Support Plan covers a 12           Month period, with a Maximum Cap of hours for that period.",17
13696,XinhuaSportsEntertainmentLtd_20070221_F-1_EX-99.4_645553_EX-99.4_Content License Agreement,Unlimited/All-You-Can-Eat-License,"(a)  store or cache the Content in one or more host computers controlled           directly or indirectly by XFN or its Affiliates;

     (b)  adapt, translate, modify, reproduce, copy, amend, revise or encode the           Content; and

     (c)  publish, broadcast, distribute, re-distribute, transmit, display, make           available to the public or otherwise exploit the Content in any manner           by any device or in media now or hereafter known.",64
8302,IpassInc_20181203_8-K_EX-99.1_11445874_EX-99.1_Reseller Agreement,Notice Period To Terminate Renewal,"The Agreement shall automatically renew for successive one (1) year terms (each a ""Renewal Term"") unless either party provides the other party written notification of its intent to terminate the Agreement no later than sixty (60) days prior to the end of the then applicable term.",46
6647,"OTISWORLDWIDECORP_04_03_2020-EX-10.4-INTELLECTUAL PROPERTY AGREEMENT by and among UNITED TECHNOLOGIES CORPORATION, OTIS WORLDWIDE CORPORATION and CARRIER ~1",Affiliate License-Licensor,"Without limiting the foregoing, and subject to Section 4.2, Otis and Carrier, on behalf of themselves and the other members of, respectively, the Otis Group and the Carrier Group, hereby irrevocably assign to UTC, and agree and promise to assign to UTC, (a) any and all rights, title and interest in and to the United Technologies Trademarks, including all goodwill appurtenant thereto held by them and the other members of the Otis Group and the Carrier Group, and (b) any and all registrations and applications for registration of Trademarks consisting of or containing any of the United Technologies Trademarks, anywhere in the world, to which Otis, Carrier or another member of the Otis Group or the Carrier Group holds a legal or equitable interest as of the Effective Time.",129
4915,LECLANCHÉ S.A. - JOINT DEVELOPMENT AND MARKETING AGREEMENT,Change Of Control,or in case of a change of control of one of the Parties;,13
8908,RISEEDUCATIONCAYMANLTD_04_17_2020-EX-4.23-SERVICE AGREEMENT,Liquidated Damages,"Notwithstanding the foregoing, upon any delay by Service Recipient in its payment of any Service Fee to Service Provider, for each day of delay in such payment, Service Recipient must pay Service Provider liquidated damages at 0.5 percent (0.5%) of the Service Fee that are due and unpaid.",48
1098,CytodynInc_20200109_10-Q_EX-10.5_11941634_EX-10.5_License Agreement,Non-Compete,(c) Vyera breaches its obligations or covenants under Section 2.6 (Competitive Products);,12
1421,LegacyEducationAllianceInc_20200330_10-K_EX-10.18_12090678_EX-10.18_Development Agreement,Volume Restriction,"T&B Personality shall make six (6) public appearances each year of the Term, including an appearance at LEA's annual Hall of Fame Symposium, for the purpose of promoting the Business, which appearances may include autograph sessions, book signings, appearances at LEA's workshops, seminars and symposiums with each such session not to exceed four (4) hours",55
8151,WOMENSGOLFUNLIMITEDINC_03_29_2000-EX-10.13-ENDORSEMENT AGREEMENT,Volume Restriction,"The sum of the Quarterly Grant Numbers in each calendar year of the Term shall not exceed fifteen thousand (15,000). The options will expire five (5) years after each grant date.",31
9024,FIBROGENINC_10_01_2014-EX-10.11-COLLABORATION AGREEMENT,Termination For Convenience,"Subject to Section 18.7.2, Astellas may terminate this Agreement upon six (6) months notice to FG for any reason or no reason.",22
10940,PROFOUNDMEDICALCORP_08_29_2019-EX-4.5-SUPPLY AGREEMENT,Warranty Duration,"Philips represents and warrants to Customer that all Products delivered and any services provided hereunder: i. conform to the Specifications on the Delivery Date [Redacted - Commercially Sensitive]; ii. unless otherwise agreed with Customer in writing, are new (do not contain any used or reconditioned parts or materials) and fit for the purposes for which they are intended; iii. are of sound workmanship, good quality and free from defects in construction, manufacture and material [Redacted - Commercially Sensitive]; iv. the manufacturing and shipment of the Product comply in all respects with applicable Laws, regulations, certification requirements, including health and safety standards and all other applicable regulatory requirements for the manufacture and shipment of Products; v. are free and clear of all liens, encumbrances, and other Claims against title; and vii. comply in all respects with the terms of this Agreement and the applicable Purchase Orders.",145
7330,CCAINDUSTRIESINC_04_14_2014-EX-10.1-OUTSOURCING AGREEMENT,Renewal Term,This agreement shall automatically renew for successive six (6) month periods unless written notice is provided of either party's intent not to renew at least six (6) months before the end of the then-current term.,35
3535,AIRSPANNETWORKSINC_04_11_2000-EX-10.5-Distributor Agreement,Warranty Duration,"Subject to the provisions of this warranty clause, defective parts or components must be returned by Distributor to Airspan's designated facility located within the contiguous 48 states in the United States, freight prepaid, within the Initial Warranty Period, and said defective parts will be repaired or replaced by Airspan at no charge to Distributor.",54
2756,"BELLRINGBRANDS,INC_02_07_2020-EX-10.18-MASTER SUPPLY AGREEMENT",Renewal Term,"This Agreement will commence on the Effective Date and continue for an Initial Term of five (5) years, and will automatically renew for additional periods of five (5) years unless one Party notifies the other of its intention not to renew, no less than 12 months prior to the expiration of the then-current term, unless terminated as permitted under this Agreement.",61
6735,Quaker Chemical Corporation - NON COMPETITION AND NON SOLICITATION AGREEMENT,Competitive Restriction Exception,"; provided, however that nothing in this Agreement shall: (i) prohibit or restrict any Seller, directly or indirectly, from owning, as a passive investor, not more than five (5%) percent collectively and in the aggregate of any class of outstanding publicly traded securities of any Person so engaged; (ii) prohibit or restrict any Seller, directly or indirectly, from engaging in such Seller's business as conducted on the Effective Date and reasonable extensions thereof, which may include routine, day-to-day transactions with any entity, and (iii) apply to or restrict any business of which a Seller acquires control after the Effective Date provided that the acquired business did not receive more than $25,000,000 of its aggregate net sales (as measured during the 12 full calendar months prior to such acquisition) from product lines included within the definition of Company Business.",138
136,"KIROMICBIOPHARMA,INC_05_11_2020-EX-10.23-CONSULTING AGREEMENT",Non-Compete,"Services performed under this Agreement from Consultant's work done for any other companies for whom Consultant is providing services so as to minimize any questions of disclosure of, or rights under, any inventions, (B) to notify the Company if at any time the Consultant believes that such questions may result from his or her performance under this Agreement and (C) to assist the Company in fairly resolving any questions in this regard which may arise.",75
10909,GluMobileInc_20070319_S-1A_EX-10.09_436630_EX-10.09_Content License Agreement2,Volume Restriction,"(iii) up to 5 MMS; (iv) up to 10 Wallpapers; (v) and up to 5 Voicetones (""ICE AGE 2 Wireless Products"") in each of the following five (5) languages: English, French, German, Italian, Spanish, with Portuguese, Greek, Dutch and Swedish to be made available where practicable.",46
1979,ABILITYINC_06_15_2020-EX-4.25-SERVICES AGREEMENT,Ip Ownership Assignment,"To the extent that any writings or works of authorship may not, by operation of law, be works made for hire, this Agreement shall constitute an irrevocable assignment by Provider to the Recipient of the ownership of and all rights of copyright in, such items, and the Recipient shall have the right to obtain and hold in its own name, rights of copyright, copyright registrations, and similar protections which may be available in the works.",75
4209,JINGWEIINTERNATIONALLTD_10_04_2007-EX-10.7-INTELLECTUAL PROPERTY AGREEMENT,Non-Transferable License,"The license under this Agreement is a non-exclusive, non-assignable and non-transferable license.",12
8053,BloomEnergyCorp_20180321_DRSA (on S-1)_EX-10_11240356_EX-10_Maintenance Agreement,Warranty Duration,"""Warranty Period"" means, (i) for each Bloom System, the period beginning on the day following the date that the ""Warranty Period"" for such Bloom System under and as defined in the MESPA has expired and ending on the twenty-first (21st) anniversary of the date of Commencement of Operations for such Bloom System and (ii) for the BOF, the period beginning on the day following the date that the Section 8.2(b) Warranty for such BOF has expired and ending on the twenty-first (21st) anniversary of such starting date.",87
10871,RemarkHoldingsInc_20081114_10-Q_EX-10.24_2895649_EX-10.24_Content License Agreement,Uncapped Liability,"EXCEPT FOR EITHER PARTY'S VIOLATION OF THE CONFIDENTIALITY OBLIGATIONS AND FOR EITHER PARTY'S INDEMNIFICATION OBLIGATIONS, NEITHER PARTY SHALL BE LIABLE UNDER ANY CONTRACT, NEGLIGENCE, STRICT LIABILITY, OR OTHER LEGAL OR EQUITABLE THEORY FOR ANY AMOUNTS IN EXCESS IN THE AGGREGATE OF THE AMOUNT OF THE FEES PAID OR PAYABLE UNDER THIS AGREEMENT.",52
4294,MRSFIELDSORIGINALCOOKIESINC_01_29_1998-EX-10-FRANCHISE AGREEMENT,Non-Disparagement,Franchisee  agrees to refrain from any business or advertising  practice which may be injurious to the business of Pretzel Time and the goodwill associated with the Marks and other Pretzel Time Units.,32
8756,IVILLAGEINC_03_17_1999-EX-10.16-SPONSORSHIP AGREEMENT,Most Favored Nation,"In addition, in the event that iVillage desires to form a sponsorship relationship with an automobile rental company during the term of this Agreement, iVillage shall notify Hertz and provide Hertz with an opportunity to enter into such a relationship with iVillage, on not less favorable terms than those offered to any other automobile rental company.",56
7714,CoherusBiosciencesInc_20200227_10-K_EX-10.29_12021376_EX-10.29_Development Agreement,Ip Ownership Assignment,"of rights may occur after such [REDACTED] ([REDACTED]) day period without being deemed a breach of this Section 15.3.2 by Licensee), [REDACTED].",22
3407,VERTICALNETINC_04_01_2002-EX-10.19-MAINTENANCE AND SUPPORT AGREEMENT,Irrevocable Or Perpetual License,"Except as the parties may otherwise agree in writing, Converge, to the extent it has the legal right to do so, hereby grants to Vert an irrevocable, perpetual, world-wide, non-exclusive right and license to use, load, store, transmit, execute, copy, market, distribute, in any medium or distribution technology whatsoever, known or unknown, display, perform and sublicense the Converge-Independent Materials and the Third-Party Materials, in both Source Code and Object Code formats, and to make unlimited





instantiations thereof, for any and all purposes.",82
12568,WaterNowInc_20191120_10-Q_EX-10.12_11900227_EX-10.12_Distributor Agreement,Change Of Control,"If termination is the result of a Change of Control, Distributor shall be entitled to receive a onetime payment, within three (3) business days of the effective date of the Change of Control, equal to the greater of the following 1) the aggregate amount of the Distributor Share received during the 18 months prior to the effective date of such Change of Control or 2) the aggregate amount of the Distributor Share received on the 30 days prior to the effective date of such Change of Control multiplied by 18.",90
13010,ParatekPharmaceuticalsInc_20170505_10-KA_EX-10.29_10323872_EX-10.29_Outsourcing Agreement,Ip Ownership Assignment,"With respect to any ideas, innovations, Improvements or inventions (whether patentable or non-patentable) developed by Supplier during the Term of this Agreement and [* * *], the Parties agree that, as between Customer and Supplier, Customer shall own all Rights to such Inventions and may obtain patent, copyright, and other proprietary protection respecting such Inventions.",55
6558,ULTRAGENYXPHARMACEUTICALINC_12_23_2013-EX-10.9-SUPPLY AGREEMENT,Warranty Duration,"In the event that the Product fails to conform to the Product Specifications, and/or GMP, Ultragenyx may reject the Product by giving written notice to Cremer within [REDACTED DURATION] days after receipt of the Product and all documentation (except such [REDACTED DURATION] day period will not apply for any latent defect).",49
9055,FIBROGENINC_10_01_2014-EX-10.11-COLLABORATION AGREEMENT,Warranty Duration,"In the absence of such notification, Astellas shall be deemed to have accepted the shipment.",15
1268,CreditcardscomInc_20070810_S-1_EX-10.33_362297_EX-10.33_Affiliate Agreement,Non-Transferable License,"Chase grants Affiliate a non-exclusive, nontransferable, revocable right to (a) access the Chase site through the links solely in accordance with the terms of this Agreement and (b) solely in connection with such links, to use Chase's logos, trade names, trademarks, and similar identifying material relating to Chase (collectively, the ""Licensed Materials""), for the sole purpose of booking Chase products.",60
6461,"THERAVANCEBIOPHARMA,INC_05_08_2020-EX-10.2-SERVICE AGREEMENT",Joint Ip Ownership,"To the extent that the Company IP does not vest automatically in the Company the Executive hereby assigns all right, title and interest in the Company IP to the Company with full title guarantee by way of a present assignment of all future rights and shall otherwise hold them on trust for the Company.",54
5439,BUFFALOWILDWINGSINC_06_05_1998-EX-10.3-FRANCHISE AGREEMENT,Non-Compete,"Accordingly, you covenant that, except as otherwise approved in writing by us, you will not, for a period of two (2) years after the expiration or termination of this Agreement, regardless of the cause of termination, or within two (2) years of the sale of the Franchised Restaurant or any interest in you, either directly or indirectly, for yourself, or through, on behalf of, or in conjunction with any person or entity, own, manage, operate, maintain, engage in, consult with or have any interest in: i) any restaurant business, ii) any prepared food business, or iii) any other business which sells or offers to dispense prepared food products the same as or similar to the type sold in the System:

            1.    At the premises of the former Franchised Restaurant;

            2.    Within a radius of ten (10) miles of the former Franchised Restaurant; or

            3.    Within a radius of ten (10) miles of the location of any other business using the System, whether franchised or owned by us or our affiliates.",170
5445,BUFFALOWILDWINGSINC_06_05_1998-EX-10.3-FRANCHISE AGREEMENT,Competitive Restriction Exception,We reserve the right to market and sell Menu Items and Trade Secret Food Products on the Internet/World Wide Web.,20
12024,NlsPharmaceuticsLtd_20200228_F-1_EX-10.14_12029046_EX-10.14_Development Agreement,Change Of Control,"In the event of a Change of Control of the Licensor, the Agreement may be terminated by Licensee",18
8178,NeuroboPharmaceuticalsInc_20190903_S-4_EX-10.36_11802165_EX-10.36_Manufacturing Agreement_ Supply Agreement,Warranty Duration,"Within [REDACTED DURATION] days after receipt of the Licensed Products and/or their matching placebo hereunder, NeuroBo may, in its discretion, perform a quality control test (the ""Product Test"") in accordance with the methods of the test on such Licensed Products and/or their matching placebo for acceptance (the ""Product Test Methods""), which shall be separately agreed in writing by and between Dong-A and NeuroBo and attached hereto as Exhibit B, as may be amended by the Parties' agreement in writing from time to time.",82
5769,NeoformaInc_19991202_S-1A_EX-10.26_5224521_EX-10.26_Co-Branding Agreement,Non-Transferable License,"VerticalNet hereby grants to Neoforma a non-exclusive, non-transferable, royalty-free, right and license to link to the VerticalNet Sites through a VerticalNet Link.",22
4662,MorganStanleyDirectLendingFund_20191119_10-12GA_EX-10.5_11898508_EX-10.5_Trademark License Agreement,Affiliate License-Licensee,"Licensee may sublicense its rights under Section 1.1 solely to a current or future wholly owned subsidiary of Licensee, and then only with the prior written consent of Licensor (which shall not be unreasonably withheld), provided that any such sublicense shall terminate automatically, with no need for written notice to the sublicensee, if (a) such entity ceases to be a wholly owned subsidiary of Licensee, (b) this Agreement terminates for any reason or (c) such sublicensee materially breaches its sublicense in a manner that harms the Brand and does not cure the same within 15 days after notice from Licensor or Licensee.",102
10659,ADAPTIMMUNETHERAPEUTICSPLC_04_06_2017-EX-10.11-STRATEGIC ALLIANCE AGREEMENT,Joint Ip Ownership,"With respect to any Inventions that are not Adaptimmune Inventions (""Other Inventions""),",12
5636,LinkPlusCorp_20050802_8-K_EX-10_3240252_EX-10_Affiliate Agreement,Joint Ip Ownership,"New software and hardware designs and intellectual                            property developed in the course of the Water Meter                            development are jointly owned; specifically, the                            algorithms used to collect data directly from a Water                            Meter using a point-to-point link (drive-by data                            collection), the specific hardware designs related to                            water register interface, battery power management,                            and other intellectual property specifically",56
3512,AIRSPANNETWORKSINC_04_11_2000-EX-10.5-Distributor Agreement,Non-Compete,"Distributor will give Airspan thirty (30) days' prior, written notice of each new potential representation role being considered by Distributor, and Distributor will not undertake such representation without Airspan's prior, written consent, such consent not to be unreasonably withheld.",39
4834,"KUBIENT,INC_07_02_2020-EX-10.14-MASTER SERVICES AGREEMENT_Part2",No-Solicit Of Employees,"During the Term and any renewal terms of the Agreement, and for a period of one (1) year following the expiration or earlier termination thereof, Customer shall not, without Kubient's prior written consent, directly or indirectly (i) solicit or encourage any person to leave the employment or other service of Kubient; or (ii) hire, on behalf of Customer or any other person or entity, any person who has left the employment of Kubient within the one (1) year period following the termination or end of that person's employment.",88
3518,AIRSPANNETWORKSINC_04_11_2000-EX-10.5-Distributor Agreement,Volume Restriction,Airspan shall provide a single technical course in the English language for up to two (2) qualified technicians of Distributor during the first year of this Agreement.,27
4140,EcoScienceSolutionsInc_20171117_8-K_EX-10.1_10956472_EX-10.1_Endorsement Agreement,Notice Period To Terminate Renewal,"The term of this Agreement shall be for one (1) year commencing on the Effective Date and automatically renewing annually thereafter, unless either party provides a thirty-day notice of written termination one to the other (""Term"").",36
8280,AURASYSTEMSINC_06_16_2010-EX-10.25-STRATEGIC ALLIANCE AGREEMENT,Volume Restriction,"Zanotti hereby agrees that Aura may, at any given time, store up to two (2) AuraGen systems in such Zanotti facilities as Aura  may designate from time to time.",29
3655,InmodeLtd_20190729_F-1A_EX-10.9_11743243_EX-10.9_Manufacturing Agreement,Non-Compete,"During the Term, of this Agreement and for an additional period of two (2) years from the date of termination of this Agreement, the Contractor undertakes not to develop on its own account any Product.",35
5721,NeoformaInc_19991202_S-1A_EX-10.26_5224521_EX-10.26_Co-Branding Agreement,Notice Period To Terminate Renewal,"This Agreement will automatically renew at the end of the Initial Term or a subsequent renewal term on a year to year basis (each, a ""Renewal Term""), unless either Party notifies the other at least 30 days prior to the end of the Initial Term or then current Renewal Term, as applicable, of its intention not to renew this Agreement (a ""Termination Notice"").",63
9436,TELKOMSALTD_01_30_2003-EX-10-LICENCE AND MAINTENANCE AGREEMENT,Source Code Escrow,"TELKOM may, at its own cost, verify that the new version of the Source Code   is deposited with the Escrow Agent.",21
11783,InvendaCorp_20000828_S-1A_EX-10.2_2588206_EX-10.2_Co-Branding Agreement,Non-Transferable License,"In no event may either party sell, disclose, transfer, rent, or             license Payment-Eligible User Data to the other party's Named             Competitors as listed in EXHIBIT E. Furthermore, Excite@Home may not             sell, disclose, transfer, rent, or license Shopping Category Data or             Superset Data to Data Restricted Named Companies as specified in             EXHIBIT I. Not more than once per quarter, Application Provider may             update the list of Application Provider Data Restricted Named             Companies shown in EXHIBIT I, so long as such list shall not exceed             twenty-five (25) companies.",86
909,CYBERIANOUTPOSTINC_07_09_1998-EX-10.13-PROMOTION AGREEMENT,Termination For Convenience,"provided that (a) either party may terminate this Agreement,      effective at any time after the first three

       months of the Term, by giving 30 days' written notice of termination to the      other party,",33
3303,HarpoonTherapeuticsInc_20200312_10-K_EX-10.18_12051356_EX-10.18_Development Agreement,Affiliate License-Licensor,"Effective upon the date that AbbVie commences performing Initial Development Activities pursuant to Section 3.1.2, Harpoon (on behalf of itself and its Affiliates) shall grant and hereby grants AbbVie a co- exclusive (with Harpoon), royalty-free license, with the right to grant sublicenses in accordance with Section 5.3, under the Harpoon Patents, the Harpoon Know-How, and Harpoon's interests in the Joint Patents and the Joint Know-How, solely to the extent necessary for AbbVie to conduct Initial Development Activities assumed by AbbVie in accordance with Section 3.1.2 (if any).",87
7850,KALLOINC_11_03_2011-EX-10.1-STRATEGIC ALLIANCE AGREEMENT,Change Of Control,"In the event Agent changes its legal  structure or undergoes a substantial change in ownership of its stock or other ownership interest, Kallo shall have the  option of immediate termination of this Agreement.",33
13669,"BLUEROCKRESIDENTIALGROWTHREIT,INC_06_01_2016-EX-1.1-AGENCY AGREEMENT",Termination For Convenience,"Until the Settlement Date, this Agreement may be terminated by the Agent by giving notice (in the manner prescribed by Section 9 hereof) to the Company, if (i) the Company shall have failed, refused or been unable, at or prior to the Settlement Date, to perform any agreement on its part to be performed hereunder unless the failure to perform any agreement is due to the default or omission by the Agent; (ii) any other condition of the obligations of the Agent hereunder is not fulfilled; (iii) trading in securities generally on the NYSE, NYSE MKT, or Nasdaq shall have been suspended or minimum or maximum prices shall have been established on either of such exchanges or such market by the Commission or by such exchange or other regulatory body or governmental authority having jurisdiction; (iv) trading or quotation in any of the Company's securities shall have been suspended or materially limited by the Commission or by the NYSE MKT, NYSE or Nasdaq or other regulatory body of governmental authority having jurisdiction; (v) a general banking moratorium has been declared by Federal or New York authorities; (vi) a material disruption in securities settlement, payment or clearance services in the United States shall have occurred; (vii) there shall have been any material adverse change in general economic, political or financial conditions in the United States or in international conditions on the financial markets in the United States, in each case, the effect of which is such as to make it, in the Agent's reasonable judgment, inadvisable to proceed with the delivery of the Securities; or (viii) any attack on, outbreak or escalation of hostilities, declaration of war or act of terrorism involving the United States or any other national or international calamity or emergency has occurred if, in the Agent's reasonable judgment, the effect of any such attack, outbreak, escalation, declaration, act, calamity or emergency makes it impractical or inadvisable to proceed with the completion of the placement or the delivery of the Securities.",333
710,"HERTZGLOBALHOLDINGS,INC_07_07_2016-EX-10.4-INTELLECTUAL PROPERTY AGREEMENT",Ip Ownership Assignment,"THC will assign all right, title and interest in and to the THC ERB Domains (those domains owned by THC related to the ERB that do not incorporate the mark/name HERTZ) as set forth on Schedule H to HERC and as more fully set forth in the Domain Name Assignment attached hereto as Exhibit D.",55
6269,"HOSPITALITYINVESTORSTRUST,INC_04_07_2014-EX-10.26-FRANCHISE AGREEMENT",Change Of Control,"We will permit you or any Equity Owner named in the Addendum as of the Effective Date (or any transferee Equity Owner we subsequently approve) to engage in the Permitted Transfers set forth below if any such Permitted Transfer does not result in a change of Control of the Franchisee, the Hotel or the Hotel Site and: (a) the proposed transferee is not a Sanctioned Person or a Competitor; (b) you give us at least sixty (60) days' advance written notice of the proposed Permitted Transfer (including the identity and contact information for any proposed transferee and any other information we may require in order to review the proposed Permitted Transfer); (c) you pay to us a nonrefundable processing fee of Five Thousand Dollars ($5,000) with the Permitted Transfer request; (d) you follow our then-current procedure for processing Permitted Transfers; and (e) you execute any documents required by us for processing Permitted Transfers.",153
6907,"PHREESIA,INC_05_28_2019-EX-10.18-STRATEGIC ALLIANCE AGREEMENT",Uncapped Liability,"EXCEPT AS OTHERWISE SET FORTH IN SECTION 23.2, IN NO EVENT WILL ANY PARTY BE LIABLE UNDER THIS AGREEMENT FOR ANY LOST PROFITS OR FOR ANY CONSEQUENTIAL, INCIDENTAL, INDIRECT, EXEMPLARY, SPECIAL, OR PUNITIVE DAMAGES, REGARDLESS OF WHETHER SUCH PARTY HAS BEEN NOTIFIED OF THE POTENTIAL FOR SUCH DAMAGES, OR WHETHER SUCH DAMAGES WERE REASONABLY FORESEEABLE, OR WHETHER ANY CLAIM FOR RECOVERY IS BASED ON THEORIES OF CONTRACT, TORT, OR OTHERWISE.",70
12859,"GOOSEHEADINSURANCE,INC_04_02_2018-EX-10.6-Franchise Agreement",Covenant Not To Sue,"You (on behalf of yourself and your parent, subsidiaries and affiliates and their respective past and present members, officers, directors, members, managers, shareholders, agents and employees, in their corporate and individual capacities) and all guarantors of your obligations under this Agreement (collectively, ""Releasors"") freely and without any influence forever release and covenant not to sue us, our parent, subsidiaries and affiliates and their respective past and present officers, directors, shareholders, agents and employees, in their corporate and individual capacities (collectively ""Releasees""), with respect to any and all claims, demands, liabilities and causes of action of whatever kind or nature, whether known or unknown, vested or contingent, suspected or unsuspected (collectively, ""claims""), which any Releasor now owns or holds or may at any time have owned or held, including, without limitation, claims arising under federal, state and local laws, rules and ordinances and claims arising out of, or relating to this Agreement and all other agreements between any Releasor and any Releasee, the sale of any franchise to any Releasor, the development and operation of the Goosehead Businesses and the development and operation of all other businesses operated by any Releasor that are franchised by any Releasee.",196
2807,AimmuneTherapeuticsInc_20200205_8-K_EX-10.3_11967170_EX-10.3_Development Agreement,Joint Ip Ownership,"All Joint Inventions shall be jointly owned by the Parties, and Patents Covering Joint Inventions shall be referred to as ""Joint Collaboration Patents"".",23
5899,ZogenixInc_20190509_10-Q_EX-10.2_11663313_EX-10.2_Distributor Agreement,Joint Ip Ownership,"In the event that either Zogenix or Distributor intends to file a patent application containing a Joint Invention, such Party shall promptly notify the other Party of such intention and shall provide a draft of any such patent application to such other Party [REDACTED] before filing such patent application with any patent office and the Parties shall negotiate in good faith concerning the terms and conditions of a joint patent agreement.",71
12160,ASIANDRAGONGROUPINC_08_11_2005-EX-10.5-Reseller Agreement,Notice Period To Terminate Renewal,"Thereafter, this agreement will renew automatically from year to year unless cancelled in writing by either Party giving the other written notice of such cancellation a minimum of 60 days before the end of the then current term.",38
9347,"IOVANCEBIOTHERAPEUTICS,INC_08_03_2017-EX-10.1-STRATEGIC ALLIANCE AGREEMENT",Ip Ownership Assignment,"However, to the extent that any Work may not, by operation of any Laws, be a work made for hire, MD Anderson hereby assigns, transfers and conveys to LBIO all of MD Anderson's worldwide right, title and interest in and to such Work, including all Intellectual Property Rights therein and relating thereto, subject to MD Anderson's right to use such Work for internal research, academic, and non-commercial patient care purposes prior to publication or public disclosure.",76
1328,SouthernStarEnergyInc_20051202_SB-2A_EX-9_801890_EX-9_Affiliate Agreement,Termination For Convenience,"Either party may cancel this Agreement at any time, with or without supplying a reason, through written notification or by making suitable settings in the respective Control Panel.",28
3353,DigitalCinemaDestinationsCorp_20111220_S-1_EX-10.10_7346719_EX-10.10_Affiliate Agreement,Volume Restriction,Strategic Programs may not be made on an exclusive basis. No more than one Strategic Program may be run in any  Theatre at any time.,25
7159,RevolutionMedicinesInc_20200117_S-1_EX-10.1_11948417_EX-10.1_Development Agreement,Non-Transferable License,"Except as part of a transaction permitted under this Section 15.2, in no event shall RevMed assign or transfer, or agree to assign or transfer to any Third Party, any or all of the RevMed Licensed Patents without the consent of Sanofi, not be unreasonably withheld or conditioned.",48
1947,RareElementResourcesLtd_20171019_SC 13D_EX-99.4_10897534_EX-99.4_Intellectual Property Agreement,Irrevocable Or Perpetual License,"Investor hereby agrees to grant to Company a non-exclusive, irrevocable, royalty-free license under any Joint Improvement and any patent claiming such Joint Improvement solely for use in rare earth mineral processing and rare earth separation.",35
12424,XYBERNAUTCORP_07_12_2002-EX-4-SPONSORSHIP AGREEMENT,Non-Transferable License,"XC does hereby  grant AJR a limited and  non-transferable  license and  non-exclusive  right to use XC's logo and  trademarks and service marks set forth on Schedule A attached hereto (the ""Licensed  Materials"")  during the Term of this Agreement.",38
2330,AzulSa_20170303_F-1A_EX-10.3_9943903_EX-10.3_Maintenance Agreement1,Notice Period To Terminate Renewal,"Upon expiry of the Initial Term, this Agreement [REDACTED DURATION] unless a Notice of non-renewal is given by either Party to the other Party [REDACTED DURATION] prior to the expiry of the Initial Term or the end of a renewal period, if any.",41
1063,ENERGOUSCORP_03_16_2017-EX-10.24-STRATEGIC ALLIANCE AGREEMENT,Non-Transferable License,"DIALOG may sublicense the foregoing license rights to Manufacturing Subcontractors solely to the extent necessary and appropriate for them to manufacture, assemble, test and provide support for the Products.",29
12244,LiquidmetalTechnologiesInc_20200205_8-K_EX-10.1_11968198_EX-10.1_Development Agreement,Notice Period To Terminate Renewal,Either Party may terminate this Agreement for any reason upon providing 180 days prior written notice to the other Party prior to the expiration of the then-current term or unless sooner terminated in accordance with the terms of this Agreement.,40
6893,"PHREESIA,INC_05_28_2019-EX-10.18-STRATEGIC ALLIANCE AGREEMENT",Irrevocable Or Perpetual License,"Subject to the terms and conditions of this Agreement, the Company hereby grants to Allscripts and its Affiliates a non- exclusive, royalty-free, irrevocable [REDACTED] non-transferable (except in accordance with Section 28.4), sublicensable (through multiple levels of sublicensees), fully paid-up right and license under all of the Company's Intellectual Property to, throughout the Territory, access, use, reproduce, perform, display, modify, create derivative works of, transmit, demonstrate, test, operate, port, configure, distribute, and make available the Installed Software and Subscription Software Services",80
12628,PharmagenInc_20120803_8-KA_EX-10.1_7693204_EX-10.1_Endorsement Agreement,Volume Restriction,In the event the Production Session exceeds eight (8) hours in duration HDS and  Celebrity will negotiate in good faith additional compensation to Celebrity for time in excess of eight (8)  hours.,32
9023,FIBROGENINC_10_01_2014-EX-10.11-COLLABORATION AGREEMENT,Competitive Restriction Exception,"Subject to Section 8.3.5 hereof, nothing herein is intended to preclude FG from granting rights to supply or supplying (a) any Lead Compound outside of the Astellas Territory to any third party for use within or outside the Field, or (b) any compound Controlled by FG within the Astellas Territory except for a Lead Compound for the duration of its designation in compliance with the terms and conditions of this Agreement.",71
11156,Monsanto Company - SECOND A_R EXCLUSIVE AGENCY AND MARKETING AGREEMENT ,Competitive Restriction Exception,"Notwithstanding the foregoing provisions of this Section 6.13(c), the Agent shall have the right to market and make sales of Roundup Products labeled for Lawn and Garden Use to any business that markets and makes sales to Lawn and Garden Channels in Mexico regardless of whether that business also makes sales to the Ag Market in Mexico, and such sales shall not constitute a violation of Section 6.13(c) of this Section 6.13(c).",72
3736,FUSIONPHARMACEUTICALSINC_06_05_2020-EX-10.17-Supply Agreement - FUSION,Warranty Duration,"CPDC hereby provides a limited product warranty, and accordingly does warrant for each Batch, that the Product shipped will (i) conform with the Specifications, (ii) be manufactured, tested, processed, packed and prepared for shipment in accordance with cGMPs, and (iii) be free from defects in material and workmanship for the period from the date of manufacture to the expiry date set out on each Unit of Product packed and prepared for shipment.",72
12516,ArmstrongFlooringInc_20190107_8-K_EX-10.2_11471795_EX-10.2_Intellectual Property Agreement,Affiliate License-Licensee,"Arizona may sublicense the licenses granted herein to its Affiliates and Third Parties in the ordinary course of business in support of its and its Affiliates' business, but not for the independent use of Third Parties, and the Company may sublicense the licenses granted herein to Third Parties, its Subsidiaries, AWP, controlled Affiliates, or any holding company that is a direct or indirect parent of the Company in the ordinary course of business in support of its and its Subsidiaries' or controlled Affiliates' business, but not for the independent use of Third Parties (each such Affiliate, Third Party, AWP or Subsidiary, a ""Sublicensee"").",103
3225,ANIXABIOSCIENCESINC_06_09_2020-EX-10.1-COLLABORATION AGREEMENT,Ip Ownership Assignment,"OntoChem will own, and Anixa hereby assigns to OntoChem, all right, title and interest in and to all Inventions directed to (a) any methods of generating or screening compound libraries and (b) the Rejected Hit Compounds (including the composition, use or manufacture thereof), in the case of this clause (b), effective as of the Selection Deadline (collectively (clauses (a) and (b)), ""OntoChem Inventions"").",63
8851,"IPAYMENT,INC_05_14_2007-EX-10.1-SPONSORSHIP AGREEMENT",Change Of Control,"In addition, ISO shall provide written notice to SERVICERS within three (3) Business Days of any Change of Control of ISO.",21
9701,"DUOSTECHNOLOGIESGROUP,INC_04_21_2009-EX-10.1-STRATEGIC ALLIANCE AGREEMENT",Covenant Not To Sue,"Either Party may terminate this Agreement upon ten Business Day's Notice to  the other Party in the event the other Party contests or challenges to a material degree any of the other Party's Intellectual Property rights referred  to in Sections 5.1, and 5.3, respectively.",44
11657,DYNTEKINC_07_30_1999-EX-10-ONLINE HOSTING AGREEMENT,Ip Ownership Assignment,"To the extent, if any, that ownership of the Hose Materials does not automatically vest in Tadeo by virtue of this Agreement or otherwise, Diplomat hereby transfers and assigns to Tadeo all rights, title and interest which Diplomat may have in and to the Host Materials.",46
7377,Microgenics Corporation - Collaborative Development and Commercialization Agreement,Joint Ip Ownership,The Party seeking to enforce such infringement claims [REDACTED] of any suit brought by it claiming infringement of any Joint Patent. T,22
10658,ADAPTIMMUNETHERAPEUTICSPLC_04_06_2017-EX-10.11-STRATEGIC ALLIANCE AGREEMENT,Joint Ip Ownership,"The Parties will reasonably cooperate with each other with respect to matters concerning jointly-owned Inventions to the extent reasonably necessary for filing, prosecuting, maintaining, defending or enforcing any such patents, registrations and other forms of intellectual property protection.",38
5842,RaeSystemsInc_20001114_10-Q_EX-10.57_2631790_EX-10.57_Co-Branding Agreement,Termination For Convenience,SpinRecords.com may terminate  this  Agreement  for no reason or for any reason upon sixty (60) days prior  written  notice  to  NETTAXI.,21
11700,StampscomInc_20001114_10-Q_EX-10.47_2631630_EX-10.47_Co-Branding Agreement,Competitive Restriction Exception,"failure which is directly caused by an event of force majeure (as set forth      in Section 18(e)  [Force Majeure] or by the failure of the Service to operate in accordance      with the Specifications or by the Company's breach of any of its      obligations hereunder), or (B) MBE ceases to own at least [REDACTED]* shares of",55
9489,"FIDELITYNATIONALINFORMATIONSERVICES,INC_08_05_2009-EX-10.3-INTELLECTUAL PROPERTY AGREEMENT",Affiliate License-Licensor,"Without limiting the foregoing, Equifax hereby grants, and will cause the other members of the Equifax Group to grant, to Certegy a fully paid, non- exclusive, perpetual, worldwide, transferable license to use, modify, improve, create Derivative Works from, and sublicense, the Utility Software Programs (in both object and source code format) identified on Exhibit L as being owned by Equifax or a member of the Equifax Group for any and all fields of use and to any and all Persons.",80
806,PfHospitalityGroupInc_20150923_10-12G_EX-10.1_9266710_EX-10.1_Franchise Agreement1,Liquidated Damages,"Nevertheless, the parties agree that the lump-sum payment provided under Section 16.4 [Liquidated Damages] above is reasonable in light of the damages for premature termination that may reasonably be expected to occur in such event.",35
11179,Monsanto Company - SECOND A_R EXCLUSIVE AGENCY AND MARKETING AGREEMENT ,Change Of Control,"In addition, notwithstanding the foregoing, Monsanto, or a subsequent successor, may assign the licenses for the Additional Roundup Products Trademarks upon a Change of Control with respect to Monsanto or a Roundup Sale, provided that Monsanto has provided the Agent with prior written notice of, and has obtained the Agent's prior written consent to, such assignment, which consent shall not be unreasonably withheld.",63
5503,BUFFALOWILDWINGSINC_06_05_1998-EX-10.3-FRANCHISE AGREEMENT,Covenant Not To Sue,"You will not, at any time during the term of this Agreement or after its termination or expiration, contest the validity or ownership of any of the Marks or assist any other person in contesting the validity or ownership of the Marks.",42
10302,CybergyHoldingsInc_20140520_10-Q_EX-10.27_8605784_EX-10.27_Affiliate Agreement,Renewal Term,This agreement shall begin upon the date of its execution by MA and acceptance in writing by Company and shall remain in effect until the end of the current calendar year and shall be automatically renewed for successive one (1) year periods unless otherwise terminated according to the cancellation or termination provisions contained in paragraph 18 of this Agreement.,59
10942,PROFOUNDMEDICALCORP_08_29_2019-EX-4.5-SUPPLY AGREEMENT,Warranty Duration,"In respect of failure to meet the Specifications, if Products do not comply with the warranties set forth in clause 7.1, Customer may then, after having consulted Philips as to the most appropriate remedy, elect reasonably to have Products: i. returned to Philips for repair or replacement; ii. repaired or replaced by Philips in the field; or iii. repaired or replaced by Customer in the field, including Products in distributor inventory and Customer's installed base; or",76
9734,"ADIANUTRITION,INC_04_01_2005-EX-10.D2-RESELLER AGREEMENT",Non-Transferable License,"Subject to the terms and conditions of this Agreement, PivX hereby grants to Detto a non-transferable, exclusive license to distribute PivX's Qwik-Fix Pro and any documentation supporting Qwik-Fix Pro provided from time to time by PivX (the ""Documentation"") within North America, solely to third parties to whom Detto licenses Qwik-Fix Pro (""Third Parties""), and as governed by the terms set forth in Exhibit A (PivX/Detto Reseller Agreement Addendum). PivX also hereby grants to Detto a non-transferable, non-exclusive license to distribute PivX's Qwik-Fix Pro and the Documentation outside of North America, solely to Third Parties and as governed by the terms in Exhibit A. Detto shall have no right to reproduce Qwik-Fix Pro or any part thereof.",116
11049,TheglobeComInc_19990503_S-1A_EX-10.20_5416126_EX-10.20_Co-Branding Agreement,Most Favored Nation,"All Users shall be treated at least as favorable in all respects (including without limitation with respect to pricing, quality of service, and customer support responsiveness) as Boxlot treats users of the Boxlot Site.",34
840,CORIOINC_07_20_2000-EX-10.5-LICENSE AND HOSTING AGREEMENT,Joint Ip Ownership,"Ownership of intellectual         property rights to any enhancements, modifications or derivative works         to the Software itself which may be developed jointly by the parties or         solely by Corio shall be negotiated by the parties prior to the start of         any such development work.",43
12523,ArmstrongFlooringInc_20190107_8-K_EX-10.2_11471795_EX-10.2_Intellectual Property Agreement,Irrevocable Or Perpetual License,"Subject to the terms and conditions of this Agreement, the Company hereby grants to Seller a perpetual, non- exclusive, royalty-free license in, to and under the Company Licensed Know-How for use in the Arizona Field throughout the world.",38
2638,TodosMedicalLtd_20190328_20-F_EX-4.10_11587157_EX-4.10_Marketing Agreement_ Reseller Agreement,Volume Restriction,"Todos shall ship ordered Products to the Reseller within ninety (90) days of Todos's acceptance of the applicable purchase order DAP Reseller's warehouse (Incoterms 2010), provided that Reseller's order for the Products does not deviate from the applicable Forecast by more than ten percent (10%).",45
1242,AlliedEsportsEntertainmentInc_20190815_8-K_EX-10.19_11788293_EX-10.19_Content License Agreement,Irrevocable Or Perpetual License,"Notwithstanding the foregoing, for each end user that previously downloaded a Zynga game that includes WPT's Licensed Property, and stored such Zynga game within such end user's device, WPT grants a license and right to continue to use, activate, operate, perform, store, use and display that game on the end user's device in perpetuity at no additional charge; provided, however, that Zynga shall use best efforts to offer end users updates to its games which no longer include WPT's Licensed Property after the Term.",84
10043,CHEETAHMOBILEINC_04_22_2014-EX-10.43-Cooperation Agreement,Renewal Term,"One month prior to the expiry of the Cooperation Term, the parties may further negotiate the cooperation forms, if fails, this Agreement will be terminated upon expiry.",27
9512,"FIDELITYNATIONALINFORMATIONSERVICES,INC_08_05_2009-EX-10.3-INTELLECTUAL PROPERTY AGREEMENT",Irrevocable Or Perpetual License,"As of the Closing Date, Equifax and Certegy                           shall each have the perpetual, fully paid, worldwide                           right and license to make, use, sell, copy,                           distribute, import, develop Derivative Works or                           enhancements of, and publicly perform and display, for                           any purpose, the entire APPLY software product (to the                           extent the licensee does not already own the same), in                           both source and object code format, and the                           documentation thereof without any obligation                           (including any obligation to account or pay royalties)                           or liability to the other owner.",84
12861,"GOOSEHEADINSURANCE,INC_04_02_2018-EX-10.6-Franchise Agreement",Third Party Beneficiary,"Franchisor, along with its successors and assigns, is an intended third party beneficiary of the provisions of this Addendum.",19
90,CENTRACKINTERNATIONALINC_10_29_1999-EX-10.3-WEB SITE HOSTING AGREEMENT,Renewal Term,This Agreement shall automatically be renewed for one (1) or more one (1) month periods unless either the Customer or i-on gives notice to the other party of its intention not to renew the,34
5703,"KUBIENT,INC_07_02_2020-EX-10.14-MASTER SERVICES AGREEMENT_Part1",Termination For Convenience,Either Party may terminate this Agreement for any reason following the Initial Term upon ninety (90) days written notice to the other Party.,23
4320,MRSFIELDSORIGINALCOOKIESINC_01_29_1998-EX-10-FRANCHISE AGREEMENT,Irrevocable Or Perpetual License,"Franchisee  agrees and grants to Pretzel Time and its Affiliates a perpetual and worldwide  right to use and  authorize  other  Pretzel  Time Units or other food service businesses  operated by Pretzel Time or its Affiliates,  franchisees and designees  to  use  such  ideas,  recipes,  formulas,   concepts,  methods,  and techniques  relating to the development  and/or  operation of a dessert or snack food business.",61
10695,ENTRUSTINC_07_24_1998-EX-10.5-STRATEGIC ALLIANCE AGREEMENT,Most Favored Nation,"During the life of the Reseller Agreement,              -----------------------                                             it is the intention of ETI that the terms of the Reseller Agreement shall be no less favourable to Nortel than the terms in effect with any of Entrust's resellers of Entrust Products at the time the Reseller Agreement is executed.",49
13490,VertexEnergyInc_20200113_8-K_EX-10.1_11943624_EX-10.1_Marketing Agreement,Notice Period To Terminate Renewal,"This JSMA will be terminated as of the end of the Term or any Renewal Term, by either Party giving written notice of non-renewal to the other Party no less than 120 prior to the applicable expiry date (the ""Termination Period"").",41
5971,LeadersonlineInc_20000427_S-1A_EX-10.8_4991089_EX-10.8_Co-Branding Agreement,Non-Transferable License,"VerticalNet hereby grants LeadersOnline a non-exclusive, nontransferable, royalty-free right and license for the Term of this Agreement to utilize a VerticalNet Mark in a form approved by VerticalNet for the design and display of  the VerticalNet Branded Link.",38
6959,"Array BioPharma Inc. - LICENSE, DEVELOPMENT AND COMMERCIALIZATION AGREEMENT",Affiliate License-Licensor,"If after the Effective Date, Array retains a Third Party Partner for the Product in one or more countries in the Array Territory, Array shall use Diligent Efforts to gain such Third Party Partner's consent to allow Array to (i) share with Ono under Section 4.7 (Exchange of Data and Know-How) the clinical data and know-how generated by such Third Party Partner, (ii) extend to Ono under Section 4.8 (Rights of Reference and Access to Data) a right to reference the Regulatory Filings of such Third Party Partner with respect to Products, and (iii) extend to Ono a license under improvements made by such Third Party Partner, in each case: (A) to the extent that such data, know-how, rights of reference and improvements are necessary or reasonably useful for Ono's Development, preparation of MAAs and filing of MAAs with respect to Products in the Ono Territory or Commercialization of the Product in the Ono Territory and (B) without charge, however it is understood that a failure of Array to obtain such rights shall not be deemed a breach of this Section 2.4.",182
9702,"DUOSTECHNOLOGIESGROUP,INC_04_21_2009-EX-10.1-STRATEGIC ALLIANCE AGREEMENT",Covenant Not To Sue,Rubicon shall not contest ownership by ISA of any of the foregoing.,12
3103,ScansourceInc_20190822_10-K_EX-10.38_11793958_EX-10.38_Distributor Agreement2,Warranty Duration,"Cisco warrants that commencing from the date of shipment to Customer (but in case of resale by an authorized Cisco reseller, commencing not more than ninety (90) days after original shipment by Cisco), and continuing for a period of the longer of (a) ninety (90) days or (b) the software warranty period (if any) set forth in the warranty card accompanying the Product (if any): (a) the media on which the Software is furnished will be free of defects in materials and workmanship under normal use; and (b) the Software substantially conforms to its published specifications.",96
2634,TodosMedicalLtd_20190328_20-F_EX-4.10_11587157_EX-4.10_Marketing Agreement_ Reseller Agreement,Competitive Restriction Exception,"If the Reseller sells less than 50% of any year's Annual Milestone, Todos, in its sole discretion, may either (a) cancel the Reseller's exclusivity, and market, distribute, and sell the Products in the Territory directly or indirectly through other distributors and resellers, while leaving the Reseller with a non-exclusive right to distribute and sell the Products for the remainder of the term, or (b) terminate the Agreement upon one hundred eighty (180) days prior written notice, provided that the Reseller does not cure its failure to achieve 50% of the applicable year's Annual Milestone within the 180-day notice period.",99
8406,BOLIVARMININGCORP_05_23_2003-EX-2.1-VISP WEB SITE BUILDING AND HOSTING AGREEMENT,No-Solicit Of Customers,"KCI pledges that it will not circumvent the relationships among venders, providers and clients developed by Provider either directly or indirectly, during the contract period and for a period of up to 2 (two) years following termination of this contract",40
2396,NEONSYSTEMSINC_03_01_1999-EX-10.5-DISTRIBUTOR AGREEMENT_Amendment,Renewal Term,"Upon the expiration           of such term, this Agreement will renew automatically for           successive terms of one (1) year each unless either party to           this Agreement delivers written notice of termination to the           other party to this Agreement at least sixty (60) days prior           to the end of the original or any renewal term.",53
11093,EmbarkComInc_19991008_S-1A_EX-10.10_6487661_EX-10.10_Co-Branding Agreement,Non-Transferable License,"Subject to Section 2.4  [APPROVAL OF TRADEMARK USAGE], Snap hereby grants Sponsor a non-exclusive, nontransferable, royalty-free, worldwide license to (a) use, reproduce, publish, perform and display the Snap Marks and Snap Brand Features on the Sponsor Web Site in connection with the logo link contemplated by Section 2.l, and in connection with its promotional and marketing activities contemplated by Section 2.5  [PROMOTION OF SNAP SERVICES] and (b) use, reproduce, publish, perform and display the Snap Content on the Sponsor Web Site or other Sponsor properties as mutually agreed by the parties.",91
5448,BUFFALOWILDWINGSINC_06_05_1998-EX-10.3-FRANCHISE AGREEMENT,Competitive Restriction Exception,We shall have no obligation to enforce similar covenants against any other System franchisee.,14
6482,BerkshireHillsBancorpInc_20120809_10-Q_EX-10.16_7708169_EX-10.16_Endorsement Agreement,Volume Restriction,"Unless otherwise agreed to in advance, no appearance shall exceed a total of two (2) hours in duration.",18
932,SENMIAOTECHNOLOGYLTD_02_19_2019-EX-10.5-Collaboration Agreement,Most Favored Nation,Party B guarantees that the Driver User will enjoy the most favorable treatment in accordance with the terms and conditions stipulated in This Agreement during the Period of Cooperation.,29
11324,ElPolloLocoHoldingsInc_20200306_10-K_EX-10.16_12041700_EX-10.16_Development Agreement,Change Of Control,Franchisor reserves the right to approve or disapprove any Transfer as its sole and absolute right.,16
593,Freecook_20180605_S-1_EX-10.3_11233807_EX-10.3_Hosting Agreement,Termination For Convenience,Company at its sole discretion may at any time alter or cease providing the Customer Service which it has agreed to provide to Client relating to Client Website pursuant to this Agreement without any liability to Company.,37
10397,PANDIONTHERAPEUTICSHOLDCOLLC_05_22_2020-EX-10.17-CONSULTING AGREEMENT,Irrevocable Or Perpetual License,"The Consultant agrees that if, in the course of performing the Services, the Consultant incorporates into any Invention developed under this Agreement any preexisting invention, improvement, development, concept, discovery or other proprietary information owned by the Consultant or in which the Consultant has an interest (""Prior Inventions""), (i) the Consultant will inform the Company, in writing before incorporating such Prior Inventions into any Invention, and (ii) the Company is hereby granted a nonexclusive, royalty-free, perpetual, irrevocable, transferable worldwide license with the right to grant and authorize sublicenses, to make, have made, modify, use, import, offer for sale, sell, reproduce, distribute, modify, adapt, prepare derivative works of, display, perform, and otherwise exploit such Prior Inventions, without restriction, including, without limitation, as part of or in connection with such Invention, and to practice any method related thereto.",135
12863,"GOOSEHEADINSURANCE,INC_04_02_2018-EX-10.6-Franchise Agreement",Third Party Beneficiary,"Such covenants must be on a form that we provide, which form will, among other things, designate us as a third party beneficiary of such covenants with the independent right to enforce them.",33
1401,LegacyEducationAllianceInc_20200330_10-K_EX-10.18_12090678_EX-10.18_Development Agreement,No-Solicit Of Customers,"(2) contact, solicit, or direct any person or entity to contact or solicit, any of the customers of (or customers set forth in the Customer Data) for the purpose of providing any products or services that are the same or similar to the Products; provided, however, that T&B, in its sole and absolute discretion, shall have the right to terminate this Agreement, including all rights and licenses granted to LEA herein, if and as of the date that any monthly Royalty Payment (as defined in 9.3, below) payable to T&B does not exceed the Minimum Guaranteed Royalty for six (6) consecutive months.",102
10386,PANDIONTHERAPEUTICSHOLDCOLLC_05_22_2020-EX-10.17-CONSULTING AGREEMENT,Termination For Convenience,The Consultant may terminate the Consultation Period at any time upon thirty (30) days' written notice.,16
10980,TRICITYBANKSHARESCORP_05_15_1998-EX-10-OUTSOURCING AGREEMENT,Liquidated Damages,"If M&I terminates this Agreement following an Event of Default on the part of Customer, or if Customer terminates this Agreement in accordance with Section 11.1 above without complying with the notification requirements set forth in Section 11.1, then Customer shall pay M&I a termination fee (""Termination for Cause Fee"") in an amount equal to REDACTED of the Estimated Remaining Value, payable as set forth in Section 11.1 above.",69
1458,VerizonAbsLlc_20200123_8-K_EX-10.4_11952335_EX-10.4_Service Agreement,Third Party Beneficiary,"The Owner Trustee and the Indenture Trustee, for the benefit of the Secured Parties, will be third-party beneficiaries of this Agreement and may enforce this Agreement against the Depositor and the Servicer.",32
12285,LiquidmetalTechnologiesInc_20200205_8-K_EX-10.1_11968198_EX-10.1_Development Agreement,Warranty Duration,"Unless Liquidmetal notifies Eutectix that the Liquidmetal Product does not meet the Specifications within thirty (30) calendar days after receipt of the Liquidmetal Product, then the Liquidmetal Product shall be deemed Accepted.",32
11037,GarrettMotionInc_20181001_8-K_EX-2.4_11364532_EX-2.4_Intellectual Property Agreement,Covenant Not To Sue,"initiate any Action against any member of the Honeywell Group or its Affiliates for infringement, misappropriation or other violation of any SpinCo IP, (ii) oppose, challenge, petition to cancel, contest or threaten in any way, or assist another party in opposing, challenging, petitioning to cancel, contesting or threatening in any way, any application or registration by the Honeywell Group or its Affiliates or their respective licensees for any Honeywell IP, the use of which is consistent with the use of such Honeywell IP in connection with the Honeywell Business as of immediately prior to the Distribution Date, (iii) engage in any act, or purposefully omit to perform any act, that impairs or adversely affects the rights of Honeywell or any member of the Honeywell Group in and to any Honeywell IP or (iv) apply for any registration with respect to the Honeywell IP (including federal, state and national registrations), in each case of the foregoing clauses (i) - (iv) for a period of five (5) years after the Distribution Date, without the prior written consent of Honeywell, which consent shall not be unreasonably withheld, conditioned or delayed.",187
7331,CCAINDUSTRIESINC_04_14_2014-EX-10.1-OUTSOURCING AGREEMENT,Notice Period To Terminate Renewal,This agreement shall automatically renew for successive six (6) month periods unless written notice is provided of either party's intent not to renew at least six (6) months before the end of the then-current term.,35
6458,"THERAVANCEBIOPHARMA,INC_05_08_2020-EX-10.2-SERVICE AGREEMENT",Non-Disparagement,The Company may terminate the Executive's employment under this Agreement with immediate effect without notice and with no liability to make any further payment to the Executive (other than in respect of amounts accrued at the Termination Date) if in the reasonable opinion of the Company the Executive:,48
10596,PHLVARIABLEINSURANCECOCT_08_17_2009-EX-10.1-STRATEGIC ALLIANCE AGREEMENT,Termination For Convenience,"By any of the PHL Parties, on the one hand, or ICC, on the other, providing one hundred and twenty  (120) days prior written notice to the other Parties.",29
4251,AMBASSADOREYEWEARGROUPINC_11_17_1997-EX-10.28-ENDORSEMENT AGREEMENT,Volume Restriction,The video production sessions shall be up to two (2) consecutive days,12
6211,IDREAMSKYTECHNOLOGYLTD_07_03_2014-EX-10.39-Cooperation Agreement on Mobile Game Business,Liquidated Damages,"For the second time of the aforementioned violation, the amount of performance bond shall be additionally paid at RMB3,000 per time on the basis of the amount previous paid",29
12921,NakedBrandGroupInc_20150731_POS AM (on S-1)_EX-10.75_9196027_EX-10.75_Endorsement Agreement,Volume Restriction,"Wade shall be available to render services at such production day for a maximum of three (3) consecutive hours, not including scheduled breaks, during each such production day period; provided that, in the event an additional production day is reasonably required for the creation of marketing assets related to the Wade Product packaging, Athlete will be available to render services for up to an additional three (3) hours in either the first Contract Year or the second Contract Year but not both.",82
7773,DIVERSINETCORP_03_01_2012-EX-4-RESELLER AGREEMENT,Source Code Escrow,"Diversinet shall, at least annually, deposit the source code in the escrow account. Costs associated with the  escrow agreement shall be borne by Reseller.",24
5164,"BABCOCK_WILCOXENTERPRISES,INC_08_04_2015-EX-10.17-INTELLECTUAL PROPERTY AGREEMENT between THE BABCOCK _ WILCOX COMPANY and BABCOCK _ WILCOX ENTERPRISES, INC.",Affiliate License-Licensor,"RemainCo, for itself and as representative of all other members of the RemainCo Group, hereby grants to SpinCo (x) a perpetual, irrevocable, exclusive, royalty-free, worldwide right and license with the right to grant sublicenses (solely as set forth in Section 5.6) to use the RemainCo Know-How currently or previously used in connection with the SpinCo Business or otherwise in the possession of SpinCo or any member of the SpinCo Group as of the Distribution Date (the ""Licensed RemainCo Know-How""), for the continued operation of the SpinCo Business and any future extensions of the SpinCo Business in the SpinCo Core Field and (y) a perpetual, irrevocable, non-exclusive, royalty-free, worldwide right and license with the right to grant sublicenses (solely as set forth in Section 5.6) to use the Licensed RemainCo Know-How for the continued operation of the SpinCo Business and any future extensions of the SpinCo Business in any field other than the RemainCo Core Field or the SpinCo Core Field; provided, however, the foregoing licenses shall not extend to (i) RemainCo Know-How licensed by RemainCo or any other member of the RemainCo Group if and to the extent the licensing of same to SpinCo would constitute a breach of an agreement with any Third Party executed prior to the Effective Date or result in any expense to RemainCo or any member of the RemainCo Group for payments to such Third Party or (ii) any intellectual property not owned by one or more members of the RemainCo Group, or as to which no member of the RemainCo Group has the right to grant sublicenses, as of the Effective Date.",268
5315,"ASHWORTHINC_01_29_1999-EX-10.(D)-PROMOTION AGREEMENT AND NANTZ COMMUNICATIONS, INC.",Most Favored Nation,The Company acknowledges that Nantz Communications' and      Nantz's obligations to CBS or any other television station or network with      which Nantz Communications or Nantz has a contract or arrangement shall      take precedence over any other commitments of Nantz Communications or Nantz      under this Agreement.,44
8720,GAINSCOINC_01_21_2010-EX-10.41-SPONSORSHIP AGREEMENT,Non-Disparagement,(iii)  disparages the products or services of the Sponsor,9
6292,"HOSPITALITYINVESTORSTRUST,INC_04_07_2014-EX-10.26-FRANCHISE AGREEMENT",Covenant Not To Sue,"With the exception of claims related to representations contained in the franchise disclosure document for the Brand, you, on your own behalf and on behalf of, as applicable, your officers, directors, managers, employees, heirs, administrators, executors, agents and representatives and their respective successors and assigns hereby release, remise, acquit and forever discharge us and the Entities and our and their respective officers, directors, employees, managers, agents, representatives and their respective successors and assigns from any and all actions, claims, causes of action, suits, rights, debts, liabilities, accounts, agreements, covenants, contracts, promises, warranties, judgments, executions, demands, damages, costs and expenses, whether known or unknown at this time, of any kind or nature, absolute or contingent, existing at law or in equity, on account of any matter, cause or thing whatsoever that has happened, developed or occurred relating to this Agreement or the relationship between you and us.",146
10411,FLOTEKINDUSTRIESINCCN_05_09_2019-EX-10.1-SUPPLY AGREEMENT,Volume Restriction,"FCC shall be obligated to accept all such purchase orders unless the amount ordered for a Year exceeds the Maximum Quantity, or orders for a particular quarter exceed [REDACTED AMOUNT] pounds or exceed the Flotek forecast for that quarter by more than 25%, provided, however, that, in such event, FCC shall communicate Flotek of the time period that will be required to satisfy such order assuming FCC endeavors to satisfy such order as soon as practicable, and Flotek shall inform FCC within ten (10) days of such communication whether it will order such Terpene Product pursuant to the revised delivery terms.",100
2053,BICYCLETHERAPEUTICSPLC_03_10_2020-EX-10.11-SERVICE AGREEMENT,Termination For Convenience,terminate your employment forthwith and to make a payment to you in lieu of salary and the benefits set out in paragraph 5 of this Agreement for all or any unexpired part of the notice period.,36
8118,HOLIDAYRVSUPERSTORESINC_04_15_2002-EX-10.13-ENDORSEMENT AGREEMENT,Affiliate License-Licensee,"AGI hereby grants a non-exclusive license (the ""License"") to the Company and its operating subsidiaries now or hereafter existing to use the Good Sam name and logo, including trademarks, trade names, or service marks as designated by AGI (the ""Trademarks""), in connection with the sale of such new and used vehicles by the Company that have satisfied such criteria and standards as are established from time to time by AGI (the ""Approved Use"").",73
12521,ArmstrongFlooringInc_20190107_8-K_EX-10.2_11471795_EX-10.2_Intellectual Property Agreement,Irrevocable Or Perpetual License,"Subject to the terms and conditions of this Agreement, the Company hereby grants to Seller a perpetual, non-exclusive, royalty-free license in, to and under the Company Licensed Patents for use in the Arizona Field throughout the world.",37
4100,"NETGEAR,INC_04_21_2003-EX-10.16-DISTRIBUTOR AGREEMENT",Termination For Convenience,"This Agreement may be canceled at any time without cause, by either party upon ninety (90) days written notice to the other party.",23
11584,SPHERE3DCORP_06_24_2020-EX-10.12-CONSULTING AGREEMENT,Notice Period To Terminate Renewal,In the case that the company would not like to extend the terms of agreement for an additional month. The company must notify the consultant within 5 days of the conclusion of the 12 month term.,36
9871,"PAXMEDICA,INC_07_02_2020-EX-10.12-Master Service Agreement",Uncapped Liability,"Notwithstanding any other provision of this Agreement, each party's total liability in respect of damages under this Agreement, any regulation or common law shall be limited to the sum of all amounts received from Client in terms of this Agreement; provided, however, that this limitation shall not apply with respect to any claims arising out of or relating to clause 6 (Inventions and Proprietary Information), indemnification obligations or damages arising from a party's gross negligence or willful misconduct.",78
9110,"ARMSTRONGFLOORING,INC_01_07_2019-EX-10.2-INTELLECTUAL PROPERTY AGREEMENT",Non-Disparagement,The Company shall not tarnish or bring into disrepute the reputation of or goodwill associated with the Seller Licensed Trademarks or Arizona.,22
7559,BravatekSolutionsInc_20170418_8-K_EX-10.1_10205739_EX-10.1_Reseller Agreement,Renewal Term,Contract is renewable for 1 year extension by amendment to this agreement.,12
3820,SLINGERBAGINC_05_27_2020-EX-10.7-CONSULTING AGREEMENT,Termination For Convenience,The Consultant may voluntarily terminate the Consultant's engagement with the Company at any time by giving the Company 120 days prior written Notice of the termination.,26
7262,"LEGACYTECHNOLOGYHOLDINGS,INC_12_09_2005-EX-10.2-DISTRIBUTOR AGREEMENT",Notice Period To Terminate Renewal,The  term of this  Agreement  shall  be two (2)  years  from the          Effective  Date with  automatic  annual  renewals  thereafter  provided          either  party does not provide  sixty (60) days  notice of  termination          prior to the renewal date or the Agreement is not otherwise  terminated          as set forth in Section 8.,49
4991,TomOnlineInc_20060501_20-F_EX-4.46_749700_EX-4.46_Co-Branding Agreement,Renewal Term,"This Agreement shall automatically continue following the Initial Term, for an additional period of three (3) years, unless a party to this Agreement provides written notice of termination to the other parties at least sixty (60) days prior to the expiration of the Initial Term or this Agreement (""Extended Term"" and, with the Initial Term, ""Term"").",56
8844,"IPAYMENT,INC_05_14_2007-EX-10.1-SPONSORSHIP AGREEMENT",Renewal Term,"Thereafter, this Agreement shall automatically continue in effect until either party gives the other at least six (6) months prior written notice of termination.",24
5913,ZogenixInc_20190509_10-Q_EX-10.2_11663313_EX-10.2_Distributor Agreement,Affiliate License-Licensee,"Distributor hereby grants Zogenix an irrevocable, perpetual, royalty-free, fully paid-up, exclusive license with the right to grant sublicenses to use such Data solely generated and co-owned by Distributor outside of the Territory and a co-exclusive license in the Territory upon expiration or termination of the Agreement.",46
10486,KitovPharmaLtd_20190326_20-F_EX-4.15_11584449_EX-4.15_Manufacturing Agreement,Renewal Term,"Following the Initial Term, the Agreement shall automatically be renewed for additional periods of **** (each, a ""Renewal Term,"" and, together with the Initial Term, the ""Term"")), unless a Party provides written notification of non-renewal to the other Party at least **** of the Initial Term or a Renewal Term.",50
324,"FTENETWORKS,INC_02_18_2016-EX-99.4-STRATEGIC ALLIANCE AGREEMENT",Notice Period To Terminate Renewal,"After the Initial Term, this Agreement shall continue on a month to month basis until terminated by either party upon thirty (30) days prior written notice to the other setting forth the effective date of such termination.",37
3969,ScansourceInc_20190822_10-K_EX-10.38_11793958_EX-10.38_Distributor Agreement1,Affiliate License-Licensee,An entity may transfer its right to use a certain piece of Software to its Affiliate.,16
9391,NEONSYSTEMSINC_03_01_1999-EX-10.5-DISTRIBUTOR AGREEMENT_New,Warranty Duration,If such error or discrepancy is not resolved within thirty (30) days after Licensee's,14
4731,PhasebioPharmaceuticalsInc_20200330_10-K_EX-10.21_12086810_EX-10.21_Development Agreement,No-Solicit Of Employees,"During the Term and for a period of [REDACTED] thereafter, neither Party shall solicit an employee of the other Party who is or has been involved in the performance or oversight of any of the development activities hereunder to terminate his or her employment and accept employment or work as a consultant with the soliciting Party.",56
5018,TomOnlineInc_20060501_20-F_EX-4.46_749700_EX-4.46_Co-Branding Agreement,Affiliate License-Licensee,"Notwithstanding the foregoing, upon the prior written approval of Online BVI, which approval may be withheld in its sole discretion, the Company shall be permitted to sublicense its rights hereunder to a wholly-owned Subsidiary of the Company or a majority-owned Subsidiary of Tom Holding, for the same purpose and under the same terms and conditions as the license set forth herein.",61
12163,ASIANDRAGONGROUPINC_08_11_2005-EX-10.5-Reseller Agreement,Unlimited/All-You-Can-Eat-License,"Table 1

  Business Partner Pricing

VoIP Services One-Time Fee Monthly Service Fee

VoIP Connectivity (per port charge)

Includes: Unlimited VoIP calls, VoIP Caller ID, Call waiting, Basic voicemail

$9.95 $5.95

VoIP Connectivity - Commpanion Galaxy Telecom Brand

With i-box subscription

Includes: Unlimited VoIP calls, VoIP Caller ID, Call waiting, Basic voicemail, 3-way Calling, Call forwarding, Do not disturb, Call hold, Auto answer, Call ignore, Call ""go to voicemail"", Redial, Mute

$19.95 $1.95

VoIP Connectivity - i-box Commpanion Galaxy Telecom Brand

Stand alone subscription

Includes: Unlimited VoIP calls, VoIP Caller ID, Call waiting, Basic voicemail, 3-way Calling, Call forwarding, Do not disturb, Call hold, Auto answer, Call ignore, Call ""go to voicemail"", Redial, Mute

$19.95 $5.95

VoIP",116
2682,INKTOMICORP_06_08_1998-EX-10.14-SOFTWARE HOSTING AGREEMENT,Source Code Escrow,"Inktomi will direct the Escrow Agent to release to Microsoft all Confidential Materials held by the Escrow Agent, subject to Microsoft's agreement to use such Confidential Materials only in connection with its licensed rights under clause (iv) above;",38
6367,MPLXLP_06_17_2015-EX-10.1-TRANSPORTATION SERVICES AGREEMENT,Liquidated Damages,"The Parties agree that the Construction Cost Reimbursement shall be deemed liquidated damages and that such amount shall not be deemed a penalty, but rather represents a reasonable amount of liquidated damages in light of the anticipated or actual harm caused by Shipper's termination of this Agreement as stated, the difficulties of proof of loss, and the inconvenience or non- feasibility of otherwise obtaining an adequate remedy, and that the payment of such amount shall be MPL's sole and exclusive remedy for such termination by Shipper.",86
4847,EdietsComInc_20001030_10QSB_EX-10.4_2606646_EX-10.4_Co-Branding Agreement,Notice Period To Terminate Renewal,"This agreement shall automatically renew for additional successive terms of twelve (12) months each at the end of the Initial Term (""Renewal Terms""), unless either party notifies the other in writing at least sixty (60) days prior to the end of the Initial Term.",44
2272,BIOCEPTINC_08_19_2013-EX-10-COLLABORATION AGREEMENT,Covenant Not To Sue,"Without limiting the generality of the foregoing, Biocept owns, and Life Technologies acknowledges Biocept's ownership of, (i) the Assay and the Selector technology, and (ii) all Intellectual Property Rights in the Assay and the Selector technology, and Life Technologies agrees that it shall not do or suffer to be done any act or thing or undertake any action anywhere that in any manner might infringe, or impair the validity, scope, or title of Biocept in the Assay, the Selector technology or Intellectual Property Rights owned by Biocept.",87
13032,ParatekPharmaceuticalsInc_20170505_10-KA_EX-10.29_10323872_EX-10.29_Outsourcing Agreement,Warranty Duration,"Customer or its designees shall, within a period of [* * *] after the date of physical receipt of any shipment of Product from Supplier, inspect the Product for any shortages or any defects or deviations of the Product",39
5174,"BABCOCK_WILCOXENTERPRISES,INC_08_04_2015-EX-10.17-INTELLECTUAL PROPERTY AGREEMENT between THE BABCOCK _ WILCOX COMPANY and BABCOCK _ WILCOX ENTERPRISES, INC.",Irrevocable Or Perpetual License,"SpinCo, for itself and as representative of all other members of the SpinCo Group, hereby grants to RemainCo (x) a perpetual, irrevocable, exclusive, royalty-free, worldwide right and license with the right to grant sublicenses (solely as set forth in Section 5.6) to use the SpinCo Know- How currently or previously used in connection with the RemainCo Business or otherwise in the possession of RemainCo or any member of the RemainCo Group as of Distribution Date (the ""Licensed SpinCo Know-How""), for the continued operation of the RemainCo Business and any future extensions of the RemainCo Business in the RemainCo Core Field and (y) a perpetual, irrevocable, non-exclusive, royalty-free, worldwide right and license with the right to grant sublicenses (solely as set forth in Section 5.6) to use the Licensed SpinCo Know-How for the continued operation of the RemainCo Business and any future extensions of the RemainCo Business in any field other than the RemainCo Core Field or the SpinCo Core Field; provided, however, the foregoing licenses shall not extend to (i) SpinCo Know-How",172
10181,"VISIUMTECHNOLOGIES,INC_10_20_2004-EX-10.20-DISTRIBUTOR AGREEMENT",Warranty Duration,"WLI will provide a one year limited warranty      for its hardware products as per the terms and conditions described in      ""Attachment B"".",22
11528,"BERKELEYLIGHTS,INC_06_26_2020-EX-10.12-COLLABORATION AGREEMENT",Affiliate License-Licensee,"Ginkgo may grant sublicenses of the license granted to Ginkgo under Section 9.1.1 (Scope of Grants) and Section 9.1.2 (License Grant to Exploit [REDACTED]) with the prior written consent of BLI[REDACTED]; provided that such prior written consent of BLI shall not be needed for any sublicense granted by Ginkgo to (a) a Permitted Subcontractor of Ginkgo under Section 2.7 (Subcontracting) to the extent such sublicense relates to the subcontracted activities, (b) any wholly-owned subsidiary of Ginkgo existing as of the Effective Date or (c) any other Person, including other Affiliates and any Third Party, under Section 9.1.2 (License Grant to Exploit [REDACTED]) so long as, in the case of this clause (c), the sublicense [REDACTED].",115
7735,CoherusBiosciencesInc_20200227_10-K_EX-10.29_12021376_EX-10.29_Development Agreement,Covenant Not To Sue,"Bioeq may terminate this Agreement immediately upon written notice to Licensee, if Licensee or any of its Affiliates or sublicensees directly or indirectly challenge the validity or enforceability of, or oppose any extension of or the grant of a supplementary protection certificate with respect to, any Licensed Patent in any legal, court, administrative or other governmental proceeding.",57
13319,PlayboyEnterprisesInc_20090220_10-QA_EX-10.2_4091580_EX-10.2_Content License Agreement_ Marketing Agreement_ Sales-Purchase Agreement1,Volume Restriction,"At Client's cost for materials (but excluding costs for labor or other EFS  charges), EFS agrees to include up to two (2) inserts per month in each of the Catalogs and up to two (2) onserts per month in all  outgoing Merchandise packaging, promoting Client products and services and/or those of Client's affiliates, Licensees or  sponsors.",56
10088,NEOMEDIATECHNOLOGIESINC_12_15_2005-EX-16.1-DISTRIBUTOR AGREEMENT,Renewal Term,"In the event that there is no written notice issued by either party to          show the intention to renew this Agreement in the said thirty(30) days          before the expiry of the current Term of the Agreement, the Agreement          shall terminate at the end of the said thirty(30) days.",48
6209,IDREAMSKYTECHNOLOGYLTD_07_03_2014-EX-10.39-Cooperation Agreement on Mobile Game Business,Liquidated Damages,"If Party A discovers that Party B has violated the Integrity Agreement attached hereto by bribing Party A's working personnel, Party A may elect to impose a penalty of RMB10,000 to 100,000, suspend cooperation for 1-3 years or terminate the cooperation depending on the seriousness of the violation and the consequences thus brought about, and any loss thus incurred to Party A shall be borne by Party B",68
9431,TELKOMSALTD_01_30_2003-EX-10-LICENCE AND MAINTENANCE AGREEMENT,Source Code Escrow,"TELKOM shall not have the right to access the Source Code if SAP AG or a   SAP AG affiliate agrees to assume, carries out and continues to carry out,   SAP Africa's maintenance obligations under this AGREEMENT, pursuant to   the terms and conditions hereof.",43
4249,AMBASSADOREYEWEARGROUPINC_11_17_1997-EX-10.28-ENDORSEMENT AGREEMENT,Volume Restriction,"in duration, each day to consist of no more than eight (8) working hours.",14
3302,HarpoonTherapeuticsInc_20200312_10-K_EX-10.18_12051356_EX-10.18_Development Agreement,Affiliate License-Licensor,"Upon the Effective Date, AbbVie hereby grants to Harpoon a non-exclusive, royalty-free license, without the right to grant sublicenses (other than to permitted subcontractors of Harpoon in accordance with Section 3.7), under the AbbVie Patents, AbbVie Know-How, and AbbVie's interests in the Joint Patents and the Joint Know-How, to Develop and Manufacture the Licensed Compounds or Licensed Products in the Territory solely to the extent necessary for Harpoon to perform its obligations as set forth in, and subject to, the Initial Development Plan.",83
12794,"GOOSEHEADINSURANCE,INC_04_02_2018-EX-10.6-Franchise Agreement",No-Solicit Of Customers,"(i) Solicit, divert or attempt to solicit or divert any business or customer of the Franchised Business or of any Franchised Business using the System to a Competitive Business, by direct or indirect inducement or otherwise, or do or perform, directly or indirectly, any other act injurious or prejudicial to the goodwill associated with Franchisor's Proprietary Marks and the System.",60
12519,ArmstrongFlooringInc_20190107_8-K_EX-10.2_11471795_EX-10.2_Intellectual Property Agreement,Irrevocable Or Perpetual License,"Subject to the terms and conditions of this Agreement, the Company hereby grants to Seller a perpetual, non- exclusive, royalty-free license in, to and under the Company Licensed Copyrights for use in the Arizona Field throughout the world.",38
11512,"BERKELEYLIGHTS,INC_06_26_2020-EX-10.12-COLLABORATION AGREEMENT",Volume Restriction,"[REDACTED AMOUNT] shall designate up to [REDACTED AMOUNT] ([REDACTED AMOUNT]) BLI employees or personnel as key persons (individually, a ""Key Person"" and collectively, ""Key Persons"").",22
10862,RemarkHoldingsInc_20081114_10-Q_EX-10.24_2895649_EX-10.24_Content License Agreement,Affiliate License-Licensee,All rights granted to HSWI under this Agreement may be exercised by or through HSWI and/or its Affiliates.,18
7376,Microgenics Corporation - Collaborative Development and Commercialization Agreement,Joint Ip Ownership,The Parties shall mutually determine whether to take action to obtain a discontinuance of infringement or bring suit against a Third Party infringer of any Joint Patents within [REDACTED] ([REDACTED]) days from the date of notice; provided that neither,39
6282,"HOSPITALITYINVESTORSTRUST,INC_04_07_2014-EX-10.26-FRANCHISE AGREEMENT",Liquidated Damages,"You will pay us Liquidated Damages in the amount of Five Thousand Dollars ($5,000) per day if you open the Hotel before the Opening Date to compensate us for the damage caused by such breach.",35
3475,ACCURAYINC_09_01_2010-EX-10.31-DISTRIBUTOR AGREEMENT,Warranty Duration,"Accuray will provide a warranty to each Customer that the Products will be free from material defects and  perform substantially in accordance with the written Specifications provided by Accuray as reflected in the regulatory  clearance at the time of sale for a period of one (1) year following Installation of the Products at Customer's facility, but not  to exceed eighteen (18) months following shipment of such Products to Distributor (""Warranty Period"").",71
1363,ConformisInc_20191101_10-Q_EX-10.6_11861402_EX-10.6_Development Agreement,Affiliate License-Licensee,"Except as specifically provided in the Distribution Agreement, Conformis shall be prohibited from   developing or assisting another in developing, or causing another to develop, Patient-Specific Instrumentation for Off-The-Shelf   Knee Implants for any Third Party in the field of orthopedics until January 1, 2032 (or earlier, to the extent set forth in Section   2.3.3.4 or Section 2.3.5 of the Distribution Agreement), with the exception that Conformis (including any entity involved in a   Change of Control of Conformis, any such entity an ""Acquirer""), may develop Patient-Specific Instrumentation for any Off-The-   Shelf Implants of Conformis, an Acquirer or any of their Affiliates.",99
5637,LinkPlusCorp_20050802_8-K_EX-10_3240252_EX-10_Affiliate Agreement,Joint Ip Ownership,"Joint ownership conveys                            to each party individually the right to use, sell,                            modify, and create derived works from said                            intellectual property, as well as the right to                            sub-license these rights to others.",32
13465,ALCOSTORESINC_12_14_2005-EX-10.26-AGENCY AGREEMENT,Affiliate License-Licensee,"with respect to any documentation, technical or confidential business information and/or software relating to the Equipment (collectively, ""Software""), the Purchase Order will grant Lessor a license to use the Software and will allow Lessor to grant a sublicense to the Company to use such Software pursuant to the Lease and will allow Lessor to grant a sublicense to a third party after a termination or the expiration of the Lease in the event the Company does not elect to exercise any purchase option that may be provided for in the Lease;",91
12954,IdeanomicsInc_20151124_8-K_EX-10.2_9354744_EX-10.2_Content License Agreement,Irrevocable Or Perpetual License,"Sections 2(a), 2(b), 2(c), 2(d), 3, and 11 shall survive the expiration or termination of this Agreement: (i) in perpetuity with respect to Titles for which the licenses granted in Section 2(a) are perpetual; and (ii) for the duration of the applicable license term specified in Schedule A with respect to Titles for which the license term specified in Schedule A extends beyond the expiration or termination of this Agreement.",70
7724,CoherusBiosciencesInc_20200227_10-K_EX-10.29_12021376_EX-10.29_Development Agreement,Affiliate License-Licensee,"Licensee shall be entitled to grant sublicenses under its license pursuant to Section 2.1 to Affiliates only, provided that any sublicense granted by Licensee under this Section 2.1.2 shall be made through a written agreement in the English language and shall be consistent with the terms of this Agreement.",49
4105,"NETGEAR,INC_04_21_2003-EX-10.16-DISTRIBUTOR AGREEMENT",Volume Restriction,"The total value of the returned Products shall not exceed [REDACTED AMOUNT] of the Net Shipments invoiced by NETGEAR for all Products, [REDACTED AMOUNT], during the [REDACTED AMOUNT] immediately preceding each of the above dates.",32
4121,"NETGEAR,INC_04_21_2003-EX-10.16-DISTRIBUTOR AGREEMENT",Warranty Duration,"NETGEAR warrants to end-user that each item of Hardware will be free from defects in workmanship and materials for its respective warranty period which begins on the date of purchase by the end user. Should a Product fail within this warranty period, Distributor shall replace such defective Product from Distributor's inventory and accept return of the failed Product from Distributor's customer.",61
7483,AIRTECHINTERNATIONALGROUPINC_05_08_2000-EX-10.4-FRANCHISE AGREEMENT,No-Solicit Of Employees,"You covenant and agree that during the term of this Agreement, and subject to the post-termination provisions contained herein, You shall not, except as otherwise approved in writing by AIRSOPURE, either directly or indirectly:",34
9461,"FIDELITYNATIONALINFORMATIONSERVICES,INC_08_05_2009-EX-10.3-INTELLECTUAL PROPERTY AGREEMENT",Joint Ip Ownership,"limitation, all patents, patent rights and copyrights                           related thereto, shall be and at all times will remain                           jointly owned by Equifax and Certegy.",23
11618,ENTERPRISEPRODUCTSPARTNERSLP_07_08_1998-EX-10.3-TRANSPORTATION CONTRACT,Volume Restriction,"Except as otherwise provided, shipments moving at Carrier's distance     commodity rates may be stopped in transit at not more than two points     enroute between original point of origin and final point of destination to     complete loading or to partially unload or both.",42
5184,"BABCOCK_WILCOXENTERPRISES,INC_08_04_2015-EX-10.17-INTELLECTUAL PROPERTY AGREEMENT between THE BABCOCK _ WILCOX COMPANY and BABCOCK _ WILCOX ENTERPRISES, INC.",Covenant Not To Sue,"RemainCo agrees not to, and shall not permit any member of the RemainCo Group to, oppose, petition to cancel, or otherwise challenge or object to the use of or any current application and/or subsequent application for registration by SpinCo or any member of the SpinCo Group of any SpinCo House Marks, as long as such use and/or registration does not make use of the RemainCo House Marks and further agrees to take such actions as may be reasonably requested by SpinCo and execute or cause to be executed by the appropriate members of the RemainCo Group such other agreements, instruments and other documents, including coexistence agreements and letters of consent, as may be reasonably requested by SpinCo to facilitate the registration and continued prosecution of SpinCo House Marks (e.g., in the event that any RemainCo House Mark is cited against an application for a SpinCo House Mark).",147
10968,TRICITYBANKSHARESCORP_05_15_1998-EX-10-OUTSOURCING AGREEMENT,Source Code Escrow,M&I agrees that Customer shall have the right to obtain a copy of the source code for the IBS Software pursuant to the terms and conditions of this Article 23.,30
3383,DigitalCinemaDestinationsCorp_20111220_S-1_EX-10.10_7346719_EX-10.10_Affiliate Agreement,Covenant Not To Sue,"NCM shall not engage in any conduct  which may place Network Affiliate or any Network Affiliate Mark in a negative light or context, and shall not represent that it owns or has any  interest in any Network Affiliate Mark other than as expressly granted herein, nor shall it contest or assist others in contesting the title or any  rights of Network Affiliate (or any other owner) in and to any Network Affiliate Mark.",73
12881,"OPTIMIZEDTRANSPORTATIONMANAGEMENT,INC_07_26_2000-EX-6.6-DISTRIBUTOR AGREEMENT",Warranty Duration,"ITS  Products  are  warranted  free from  defects of material or      workmanship  for 3 years after  shipment from the  manufacturer.  Equipment      purchased from ITS, which becomes defective within that time period will be      repaired by ITS at its  headquarters  in San  Antonio,  Texas at no cost to      COMWARE  beyond cost of shipping  the  equipment  to ITS.",55
12139,BLUEFLYINC_03_27_2002-EX-10.27-e-business Hosting Agreement,Irrevocable Or Perpetual License,"IBM grants Customer an irrevocable, nonexclusive, worldwide,       paid-up license to use, execute, reproduce, display, perform, and       distribute, within Customer's Enterprise only, copies of Type II       Materials.",26
9197,SoupmanInc_20150814_8-K_EX-10.1_9230148_EX-10.1_Franchise Agreement1,No-Solicit Of Customers,"In consideration for such training, trade secrets and confidential information, you and your principals agree that during the term of this Agreement, and for a continuous uninterrupted period commencing upon expiration or termination of this Agreement, regardless of the cause for termination, and continuing for a period of three (3) years thereafter, neither you nor your principals shall, directly or indirectly, for themselves, or through, on behalf of, or in conjunction with any person, persons, partnership, limited liability company or corporation:   7.1.1 Divert or attempt to divert any business or customer of the Franchised Business or any Unit Franchisee anywhere, by direct or indirect inducement or otherwise, or do or perform, directly or indirectly, any other act injurious or prejudicial to the goodwill associated with our Proprietary Marks or the System.",131
4514,PapaJohnsInternationalInc_20190617_8-K_EX-10.1_11707365_EX-10.1_Endorsement Agreement,Competitive Restriction Exception,"Subject to the terms contained herein, PAPA JOHN'S and ABG agree and acknowledge that during the Term of this Agreement and for one (1) year thereafter, ABG shall be prohibited from granting any rights for CELEBRITY identical or similar to the rights granted to PAPA JOHN'S hereunder to any entity other than PAPA JOHN'S for the purpose of directly promoting, advertising, making an appearance on behalf of, or endorsing Competitive Products; provided, however, that in the event this Agreement is terminated pursuant to Section 7.B. of this Agreement, the prohibition referenced above shall be for a period of six (6) months, except that the prohibition shall referenced above shall not apply (or shall immediately cease to apply, as applicable) in the event of any one or more of the following: (i) the Agreement is terminated due to PAPA JOHN'S failure to pay to ABG any monies under this Agreement, as set forth herein, (ii) the Agreement is terminated due to PAPA JOHN'S failure to grant, issue, or cause to vest any of the RSUs (as hereinafter defined) under this Agreement, as set forth herein, (iii) PAPA JOHN'S failure to pay to ABG any monies under Section 7.D.a. or Section 7.D.b. of this Agreement, as set forth herein, or (iv) PAPA JOHN'S failure to grant, issue, or cause to vest any of the RSUs under Section 7.E.a. or Section 7.E.b. of this Agreement, as set forth herein.",236
9917,StaarSurgicalCompany_20180801_10-Q_EX-10.37_11289449_EX-10.37_Distributor Agreement,Warranty Duration,STAAR shall pay for the return or replacement shipment to Distributor of Products repaired or replaced under the Warranty.,19
1513,WPPPLC_04_30_2020-EX-4.28-SERVICE AGREEMENT,Competitive Restriction Exception,"(a) as holder or beneficial owner (for investment purposes only) of any class of securities in a company if those securities are listed or dealt in on a Recognised Investment Exchange and the Executive (together with his spouse, children, parents and parents' issue) neither holds nor is beneficially interested in more than 1% of the securities of that class; or (b) with the consent in writing of the Company, which may be given subject to any terms which the Company requires.",81
832,CORIOINC_07_20_2000-EX-10.5-LICENSE AND HOSTING AGREEMENT,Notice Period To Terminate Renewal,"Thereafter, this Agreement shall automatically renew for         subsequent one (1) year periods unless either party provides the other         party with written notification at least thirty (30) days prior to the         expiration of the initial five (5) year term or any one (1) year renewal         thereof of its intention to terminate this Agreement.",52
6895,"PHREESIA,INC_05_28_2019-EX-10.18-STRATEGIC ALLIANCE AGREEMENT",Irrevocable Or Perpetual License,"Subject to the terms and conditions of this Agreement, the Company hereby grants to Allscripts a non-exclusive, royalty-free, irrevocable , non-transferable (except in accordance with Section 28.4), sublicensable (through multiple levels of sublicensees), fully paid-up right and license under all of the Company's Intellectual Property to access, use, reproduce, perform, display, transmit, demonstrate, test, operate, port, configure, distribute, and make derivative works of the Documentation, Company Marketing Materials and Allscripts Marketing Materials, in whole or in part, throughout the Territory, for any purpose consistent with Section 8.1, [REDACTED].",88
1081,ENERGOUSCORP_03_16_2017-EX-10.24-STRATEGIC ALLIANCE AGREEMENT,Uncapped Liability,"EXCEPT IN THE CASE OF (a) ANY BREACH OF SECTION 10 (CONFIDENTIALITY), (b) THE PARTIES' OBLIGATIONS UNDER SECTION 12 (INDEMNIFICATION), (c) A PARTY'S GROSS NEGLIGENCE OR WILLFUL MISCONDUCT, OR (d) LIABILITY ARISING FROM EPIDEMIC DEFECTS (WHICH WILL BE SUBJECT TO THE LIMITATION SET FORTH IN SECTION 11.2(d)), IN NO EVENT WILL EITHER PARTY BE LIABLE UNDER THIS AGREEMENT, REGARDLESS OF THE FORM OF ANY CLAIM OR ACTION (WHETHER IN CONTRACT, NEGLIGENCE, STRICT LIABILITY OR OTHERWISE), FOR ANY (i) INDIRECT, PUNITIVE, INCIDENTAL, RELIANCE, SPECIAL, EXEMPLARY OR CONSEQUENTIAL DAMAGES, INCLUDING, BUT NOT LIMITED TO, LOSS OF BUSINESS, REVENUES, PROFITS OR GOODWILL, OR (ii) AGGREGATE DAMAGES IN EXCESS OF [REDACTED].",107
3351,DigitalCinemaDestinationsCorp_20111220_S-1_EX-10.10_7346719_EX-10.10_Affiliate Agreement,Volume Restriction,"The Digital Content Service will feature (i) up to two (2) minutes for Theatre Advertising (the ""Branded Slots"")  in each Play List. Each Branded Slot may only exhibit Theatre Advertising. NCM is required to include no less than forty-five (45) seconds of  Branded Slots within the final fifteen (15) minutes of the Play List, fifteen (15) seconds of which shall be included within the final eleven (11)  minutes of the Play List; provided, that NCM may begin these Branded Slots up to one minute earlier when NCM expands the amount of  advertising units that follow these Branded Slots through the sale of additional advertising to third parties.",107
3541,AIRSPANNETWORKSINC_04_11_2000-EX-10.5-Distributor Agreement,Covenant Not To Sue,"Distributor admits Airspan's exclusive ownership of the name ""Airspan Networks Incorporated"", ""Airspan Communications Ltd."", ""ANI"", ""ACL"", and any abbreviations or derivations thereof and all of Airspan's Trademarks (whether registered or not).",31
8226,CHAPARRALRESOURCESINC_03_30_2000-EX-10.66-TRANSPORTATION CONTRACT,Volume Restriction,The Company shall have a right to deliver Commodity to the Buyer with a      permissible +/-5% deviation from the number of batches of Commodit,24
1361,ConformisInc_20191101_10-Q_EX-10.6_11861402_EX-10.6_Development Agreement,Joint Ip Ownership,"All right, title and interest in and to the Improved Conformis Background IP and KIB Product IP (""Joint IP"") shall be   owned jointly by the Parties.",26
4293,MRSFIELDSORIGINALCOOKIESINC_01_29_1998-EX-10-FRANCHISE AGREEMENT,No-Solicit Of Employees,"Neither  Franchisee  nor any of its Owners shall divert or attempt to divert any business or any customers of any Pretzel Time Unit to any  Competitive  Business or employ or seek to employ any  person who is  employed  by Pretzel  Time,  its Affiliates  or a franchisee  of Pretzel Time nor induce or attempt to induce any such person to leave said  employment  without the prior written consent of such person's employer.",71
6288,"HOSPITALITYINVESTORSTRUST,INC_04_07_2014-EX-10.26-FRANCHISE AGREEMENT",Liquidated Damages,"If termination occurs after you begin the Hotel Work but before the Opening Date, you will pay us Liquidated Damages in an amount equal to $3,600 multiplied by the number of approved Guest Rooms at the Hotel, unless your failure to complete the Hotel Work was the result of Force Majeure.",51
5175,"BABCOCK_WILCOXENTERPRISES,INC_08_04_2015-EX-10.17-INTELLECTUAL PROPERTY AGREEMENT between THE BABCOCK _ WILCOX COMPANY and BABCOCK _ WILCOX ENTERPRISES, INC.",Irrevocable Or Perpetual License,"of the SpinCo Group, hereby grants to RemainCo (x) a perpetual, irrevocable, exclusive, royalty-free, worldwide right and license to use the Foundational Software, including any Intellectual Property embodied therein, for the continued operation of the RemainCo Business and any future extensions of the RemainCo Business in the RemainCo Core Field and (y) a perpetual, irrevocable, non-exclusive, royalty-free, worldwide right and license to use the Foundational Software, including any Intellectual Property embodied therein, for the continued operation of the RemainCo Business and any future extensions of the RemainCo Business in any field other than the SpinCo Core Field or the RemainCo Core Field. The foregoing licenses includes the right to reproduce, prepare derivative works, distribute, perform and otherwise exploit such Foundational Software and to use the Foundational Software to design, develop, manufacture, have manufactured, sell and support products and services.",139
5063,"CERES,INC_01_25_2012-EX-10.20-Collaboration Agreement",Competitive Restriction Exception,"IGER will have the right to make available germplasm of CERTAIN MISCANTHUS ACCESSIONS to third parties for  research purposes (including breeding), subject to the terms and conditions under which IGER holds such accessions.",33
13718,MERITLIFEINSURANCECO_06_19_2020-EX-10.(XIV)-MASTER SERVICES AGREEMENT,Uncapped Liability,"EXCEPT WITH RESPECT TO CONTRACTOR'S OBLIGATIONS PURSUANT TO PARAGRAPH 9 HEREOF, CONTRACTOR'S MAXIMUM LIABILITY TO COMPANY ARISING FOR ANY REASON RELATING TO CONTRACTOR'S PERFORMANCE OF SERVICES UNDER A STATEMENT OF WORK SHALL BE LIMITED TO THE AMOUNT OF FEES PAID TO CONTRACTOR FOR THE PERFORMANCE OF SUCH SERVICES.",48
10791,SimplicityEsportsGamingCompany_20181130_8-K_EX-10.1_11444071_EX-10.1_Franchise Agreement,Non-Disparagement,"Franchisee shall not do anything or suffer anything to be done which may adversely affect any rights of Franchisor in and to any Franchisor Property, or any registrations thereof or which, directly or indirectly, may",35
7186,RevolutionMedicinesInc_20200117_S-1_EX-10.1_11948417_EX-10.1_Development Agreement,Uncapped Liability,"NOTHING IN THIS SECTION 14.5 IS INTENDED TO OR SHALL LIMIT OR RESTRICT THE INDEMNIFICATION RIGHTS OR OBLIGATIONS OF ANY PARTY UNDER SECTION 14.1 OR SECTION 14.2, OR DAMAGES AVAILABLE FOR A PARTY'S BREACH OF ITS OBLIGATIONS RELATING TO CONFIDENTIALITY UNDER ARTICLE XI OR INTELLECTUAL PROPERTY UNDER ARTICLE X.",49
2074,FreezeTagInc_20180411_8-K_EX-10.1_11139603_EX-10.1_Sponsorship Agreement,Volume Restriction,"The Association will also share/retweet up to three (3) social media posts on Facebook, Twitter and Instagram-one before National Get Fit Don't Sit Day, one on May 2 and one after the campaign.",33
3466,ACCURAYINC_09_01_2010-EX-10.31-DISTRIBUTOR AGREEMENT,Uncapped Liability,"WITHOUT AFFECTING STRICT PRODUCT LIABILITY UNDER MANDATORY APPLICABLE LAW,  SECTION 10, OR THE RESPECTIVE OBLIGATIONS OF THE PARTIES UNDER THE CONFIDENTIAILITY AGREEMENT AND  EXCEPT FOR BREACHES ASSOCIATED WITH THE UNAUTHORIZED USE OF INTELLECTUAL PROPERTY, IN NO EVENT  SHALL EITHER PARTY BE LIABLE TO THE OTHER PARTY FOR SPECIAL, INCIDENTAL, CONSEQUENTIAL, PUNITIVE OR  TORT DAMAGES, INCLUDING WITHOUT LIMITATION, ANY DAMAGES RESULTING FROM LOSS OF USE, LOSS OF DATA,  LOSS OF PROFITS OR LOSS OF BUSINESS ARISING OUT OF OR IN CONNECTION WITH THE MATTERS CONTEMPLATED  BY THIS AGREEMENT, WHETHER OR NOT A PARTY HAS BEEN ADVISED OF THE POSSIBILITY OF SUCH DAMAGES.",101
13245,PhotronicsInc_20171219_10-QA_EX-10.28_10982650_EX-10.28_Outsourcing Agreement,Warranty Duration,"""Warranty Period"" means a period of [REDACTED DURATION]from the relevant Supplier's shipment of the Product.",14
4878,EdietsComInc_20001030_10QSB_EX-10.4_2606646_EX-10.4_Co-Branding Agreement,Uncapped Liability,THE LIMITATIONS ON LIABILITY FOR DAMAGES SET FORTH IN THIS AGREEMENT SHALL BE INAPPLICABLE TO EACH PARTY'S CONTRACTUAL OBLIGATION TO INDEMNIFY THE OTHER PARTY AS SET FORTH IN SECTIONS 2.6 AND 13.,32
4337,MRSFIELDSORIGINALCOOKIESINC_01_29_1998-EX-10-FRANCHISE AGREEMENT,Covenant Not To Sue,The  occurrence of any one of the following  events shall  constitute a default under this Agreement  requiring a 30 day notice period of termination by Pretzel Time to Franchisee:,29
862,CORIOINC_07_20_2000-EX-10.5-LICENSE AND HOSTING AGREEMENT,Source Code Escrow,"Corio shall notify Commerce One in writing if it believes that         one of the following events (the ""RELEASE CONDITIONS"") has occurred and         that it intends to seek release of the Source Code from the escrow         account: (i) Commerce One's dissolution or ceasing to do business in the         normal course, or (ii) Commerce One's repeated and material breach of         its support and maintenance obligations under Section 5 of this         Agreement and such breach is not cured within sixty (60) days of receipt         of written notice thereof from Corio. If Commerce One notifies Corio in         writing that it disputes whether any such event has occurred, officers         of each of the parties shall negotiate for a period of ten (10) business         days to attempt to resolve the dispute. At the end of such ten (10)         business day period, if the parties have not resolved the dispute, the         matter shall be referred to arbitration in the manner provided in         Section 14.3 of this Agreement.",160
8370,EhaveInc_20190515_20-F_EX-4.44_11678816_EX-4.44_License Agreement_ Reseller Agreement,Source Code Escrow,"The parties acknowledge and agree that a ""Release Condition"" for purposes of the Escrow Agreement shall be deemed to mean any one or more of the following listed events (in addition to any other event specified as a release condition under the Escrow Agreement): (i) Ehave makes a general assignment for the benefit of creditors; (ii) Ehave voluntarily institutes any bankruptcy, insolvency, reorganization, moratorium, arrangement, readjustment or debt, dissolution, liquidation or similar proceeding relating to it under the laws of any jurisdiction, or any such proceeding is instituted against Ehave and is not dismissed within sixty (60) Business Days; or any judgment, writ, warrant or attachment or execution of similar process is issued or levied against a substantial part of Ehave's property and remains unsatisfied for sixty (60) Business Days; or Ehave applies for or consents to the appointment of any receiver, trustee or similar officer for it or for all or any substantial part of its property; or such receiver, trustee or similar officer is appointed without the consent of Ehave; (iii) Ehave consents to the filing of a petition of bankruptcy against it; (iv) a petition of bankruptcy is filed against Ehave which is not discharged within sixty (60) days; (v) Ehave becomes or is adjudicated by a court of competent jurisdiction as being bankrupt or insolvent or admits in writing its inability to pay its debts as they mature; Ehave ceases doing business as a going concern; (vi) Ehave undergoes a change of control or is a party to a merger or amalgamation; (vii) Ehave takes steps to dissolve, liquidate, wind up or otherwise terminate its existence; (viii) Ehave has terminated its provision of or ceased to provide the Ehave Companion Solution or support services for a continuing period of fifteen (15) Business Days or more, except pursuant to the termination of this Agreement by Ehave in accordance with its rights contained hrein.",316
6822,QuantumGroupIncFl_20090120_8-K_EX-99.2_3672910_EX-99.2_Hosting Agreement,Affiliate License-Licensee,"Customer hereby grants to IBM, its Affiliates and Subcontractors all rights and licenses to, or agrees to promptly obtain and keep in effect Required Consents for all Customer Components, necessary for IBM to perform all of its obligations as set forth in this Agreement.",44
4123,"NETGEAR,INC_04_21_2003-EX-10.16-DISTRIBUTOR AGREEMENT",Warranty Duration,End-users' exclusive remedy is to receive replacement Product from reseller and NETGEAR's sole obligation and liability under this warranty is to issue an off-setting credit to reseller for Product returned by reseller on behalf of its end-user because of defects in workmanship or material.,44
12840,"GOOSEHEADINSURANCE,INC_04_02_2018-EX-10.6-Franchise Agreement",Liquidated Damages,"If we terminate this Agreement based on your default, or if you abandon or otherwise cease to operate the Franchised Business, in addition to all other amounts due to us under this Agreement, you agree to pay to us, as liquidated damages, an amount calculated as follows: (a) the average of your monthly Royalty Fees that are due under this Agreement for the twelve (12) months immediately before your abandonment or our delivery of the notice of default (or, if you have been operating for less than 12 months, the average of your monthly Royalty Fees for the number of months you have operated the Franchised Business); (b) multiplied by the lesser of 36 or the number of months remaining in the then-current term of this Agreement under Section 2.",130
11464,SEASPINEHOLDINGSCORP_10_10_2018-EX-10.1-SUPPLY AGREEMENT,Uncapped Liability,"NOTWITHSTANDING THE FOREGOING, NOTHING IN THIS SECTION IS INTENDED TO LIMIT OR RESTRICT THE DAMAGES AVAILABLE FOR BREACHES OF SECTION 3.1 (GRANT OF RIGHTS), SECTION 5 (CONFIDENTIALITY PROVISIONS), OR SECTIONS 8.1 AND 8.2 (OWNERSHIP AND LICENSE).",36
3696,GRANTIERRAENERGYINC_05_07_2012-EX-10.6-TRANSPORTATION CONTRACT,Liquidated Damages,"In case of failing to fulfill the obligations of the SENDER as a result of any actions or illegal omissions or deviations from the Contract, the  SENDER agrees to pay ECOPETROL as a penalty, an amount equivalent to ten percent (10%) of the final value of the Contract.",48
12140,BLUEFLYINC_03_27_2002-EX-10.27-e-business Hosting Agreement,Uncapped Liability,"In no event will either party be liable to the other for special,       incidental, or indirect damages or for any consequential damages       (including lost profits or savings), even if they are informed of the       possibility; provided that this Section 10 does not apply to Customer's       failure to pay any amounts owing to IBM under this Agreement (including       amounts owing for Services that would have been rendered but for       Customer's breach of this Agreement).",73
13776,KINGPHARMACEUTICALSINC_08_09_2006-EX-10.1-PROMOTION AGREEMENT,Affiliate License-Licensee,"During the Term, subject to the terms and conditions of this Agreement, Depomed hereby grants to King and its Affiliates and King and its Affiliates hereby accept a co-exclusive right to Promote the Product under the Depomed Trademarks in the Territory together with Depomed and its Affiliates only, on the terms and subject to the conditions set forth herein.",59
669,ZEBRATECHNOLOGIESCORP_04_16_2014-EX-10.1-INTELLECTUAL PROPERTY AGREEMENT,Irrevocable Or Perpetual License,"distributed, offered for sale, sold, resold, supported, otherwise under development, or provided, as of the applicable Closing Date, by the Seller Entities in connection with the Business and to practice any methods, processes, and procedures in connection therewith, and in each case of clauses (A) and (B), including with respect to all Derivative Works and natural evolutions thereof; and

(ii) to make, have made, use, sell, offer for sale, import, and otherwise dispose of Smart Sensing Network Equipment.",78
9432,TELKOMSALTD_01_30_2003-EX-10-LICENCE AND MAINTENANCE AGREEMENT,Source Code Escrow,"The Escrow Agreement provides that the Escrow Agent shall,   under certain circumstances, release the Source Code and related   DOCUMENTATION to TELKOM.",21
5930,ZogenixInc_20190509_10-Q_EX-10.2_11663313_EX-10.2_Distributor Agreement,Uncapped Liability,"NEITHER PARTY SHALL BE ENTITLED TO RECOVER FROM THE OTHER PARTY ANY SPECIAL, INCIDENTAL, CONSEQUENTIAL OR PUNITIVE DAMAGES IN CONNECTION WITH THIS AGREEMENT; provided however, that this Section 10.5 shall not be construed to limit (a) either Party's right to special, incidental or consequential damages for the other Party's breach of Article 8 or (b) either Party's indemnification rights or obligations under Article 11.",64
11402,BIOAMBERINC_04_10_2013-EX-10.34-DEVELOPMENT AGREEMENT (1),Unlimited/All-You-Can-Eat-License,"Bioamber hereby grants Cargill, and Cargill hereby accepts, an exclusive, worldwide, royalty-free license with an unlimited right to  sublicense under and to Bioamber Improvements for use outside the Field during the term of this Development Agreement. Such  use shall be for research purposes only.",44
13023,ParatekPharmaceuticalsInc_20170505_10-KA_EX-10.29_10323872_EX-10.29_Outsourcing Agreement,Uncapped Liability,"EXCEPT AS SET FORTH BELOW IN THIS SECTION 13.4(b), WITH RESPECT [* * *], IN NO EVENT SHALL A PARTY'S LIABILITY BE GREATER THAN, PER CLAIM OR SERIES OF CLAIMS ARISING FROM THE SAME CAUSE OF ACTION, [* * *].",40
8044,BloomEnergyCorp_20180321_DRSA (on S-1)_EX-10_11240356_EX-10_Maintenance Agreement,Uncapped Liability,"provided that such limitation of liability shall not apply to any liability that is the result of (i) gross negligence, fraud or willful misconduct of a Party, (ii) a Third Party Claim, (iii) the failure to pay the Service Fees (which amount shall not be included in calculating Owner's Maximum Liability), (iv) a claim of Owner against BE or Operator in the event of any breach, default or misrepresentation of any representation and warranty or covenant set forth in Section 8.2(e) or (v) a claim of Owner against BE or Operator under Section 2.8.",94
10474,BizzingoInc_20120322_8-K_EX-10.17_7504499_EX-10.17_Endorsement Agreement,Unlimited/All-You-Can-Eat-License,"Subject to the terms and conditions set forth herein, Theismann hereby grants to Bizzingo and its affiliates the unlimited  right and privilege during the Term (as defined herein) and within the Territory to use the Property (as defined herein) in connection with the  advertisement, promotion, and sale of the Network in the Territory whether through film, television, radio, print and Internet media, including the right to use  the Property in or on the Network. I",75
8516,VITAMINSHOPPECOMINC_09_13_1999-EX-10.26-SPONSORSHIP AGREEMENT,Uncapped Liability,"EXCEPT UNDER SECTIONS 13(a) AND 13(b), THE LIABILITY OF EITHER                  PARTY FOR DAMAGES OR ALLEGED DAMAGES HEREUNDER, WHETHER IN                  CONTRACT, TORT OR ANY OTHER LEGAL THEORY, IS LIMITED TO, AND                  WILL NOT EXCEED, THE AMOUNTS TO BE PAID BY CLIENT TO EXCITE                  HEREUNDER.",43
9071,"KNOWLABS,INC_08_15_2005-EX-10-INTELLECTUAL PROPERTY AGREEMENT",Affiliate License-Licensee,"Turpin  acknowledges  and agrees that Turpin's      employment  with the Company may be succeeded by employment  with a Company      Affiliate,  in which case the terms of this  Agreement  shall  continue  in      effect with respect to such employment until an agreement  relating to this      subject matter is signed between Turpin and the Company Affiliate.",52
13056,JOINTCORP_09_19_2014-EX-10.15-FRANCHISE AGREEMENT,Competitive Restriction Exception,The ownership of one percent (1%) or less of a publicly traded company will not be deemed to be prohibited by this Paragraph,23
2630,TodosMedicalLtd_20190328_20-F_EX-4.10_11587157_EX-4.10_Marketing Agreement_ Reseller Agreement,Notice Period To Terminate Renewal,"Thereafter, at the end of each renewal term, the Agreement shall renew for an additional two (2) years unless one party provides the other party with prior written notice of non-renewal at least sixty (60) days prior to the expiration of the then-current term.",44
7846,KALLOINC_11_03_2011-EX-10.1-STRATEGIC ALLIANCE AGREEMENT,No-Solicit Of Customers,Kallo shall not allow another Agent to solicit the existing Agents book of business  unless it is understood by all parties the end user client desires the transfer.,28
3988,ScansourceInc_20190822_10-K_EX-10.38_11793958_EX-10.38_Distributor Agreement1,Warranty Duration,"During the Cisco warranty period, DISTRIBUTOR may return failed Product to Cisco for replacement.",14
7381,Microgenics Corporation - Collaborative Development and Commercialization Agreement,Joint Ip Ownership,"For all other inventions and discoveries, whether or not patentable, made by the Parties as part of the Research Program, whether individually or jointly, inventorship shall be determined pursuant to the inventorship principles arising under the patent laws of the United States of America, [REDACTED] (""[REDACTED] Products"").",47
8481,"ROCKYMOUNTAINCHOCOLATEFACTORY,INC_12_23_2019-EX-10.2-STRATEGIC ALLIANCE AGREEMENT",Non-Disparagement,"Neither the Farids Group nor any of its Affiliates shall in any manner, directly or indirectly, in any capacity or manner, make or cause to be made, or in any way encourage any other person to make or cause to be made, any public statement or public announcement, including in any document or report filed with or furnished to the SEC or through the press, media, analysts or other persons, that constitutes an ad hominem attack on or otherwise disparages, defames or slanders the Company or any of its Affiliates or any of their respective successors or current or former members, partners, officers, directors or employees; provided, that, the limitations set forth in this Section 8.8(b) shall not prevent the Farids Group or any of its Affiliates from (i) responding to any statement made by the Company or any of its Affiliates or representatives that was made in breach of Section 8.8(a) above or (ii) if solicited by a Third Party, making objective statements that reflect the Farids Group's or any of its Affiliates' view with respect to factual matters concerning specific acts or determinations of the Company, any of its Affiliates or any current or former representatives of the Company or any of its Affiliates occurring after the date hereof. For the avoidance of doubt, a public statement or announcement shall only be deemed to be made by the Farids Group or any of its Affiliates if such public statement or announcement is made by (X) a Farids manager, director or executive officer or an EA manager, director or executive officer (Y) an employee or representative of Farids or EA authorized to make such statement or announcement on behalf of Farids or EA, as applicable.",286
994,LOYALTYPOINTINC_11_16_2004-EX-10.2-RESELLER AGREEMENT,Volume Restriction,"In the event                   that Schoolpop exceeds either of these limits, AEIS shall                   cease fulfilling Orders from Schoolpop until such time that                   Schoolpop's inventory returns to an acceptable level based on                   the established maximums.",33
5962,LeadersonlineInc_20000427_S-1A_EX-10.8_4991089_EX-10.8_Co-Branding Agreement,Volume Restriction,"In addition, as part of the purchase commitment set forth in Section 3.1  [Purchase Commitment], VerticalNet shall provide LeadersOnline up to $*** worth of Banner placements on the Home Page of other VerticalNet Sites of LeadersOnline's choice.",37
12515,ArmstrongFlooringInc_20190107_8-K_EX-10.2_11471795_EX-10.2_Intellectual Property Agreement,Affiliate License-Licensor,"Subject to the terms and conditions of this Agreement, the Company hereby grants to Seller a perpetual, non- exclusive, royalty-free license in, to and under the Company Licensed Know-How for use in the Arizona Field throughout the world.",38
1167,NICELTD_06_26_2003-EX-4.5-OUTSOURCING AGREEMENT,Notice Period To Terminate Renewal,"Notwithstanding the aforesaid in Section 16.1. and any possible           implication to the contrary herein or as a result of the course of           conduct of the parties, Contractor shall be entitled, at its sole           discretion, to terminate this Agreement only during the Extended Term,           with or without cause, upon a prior written notice of termination to           NICE of not less than six (6) months.",63
9940,EmeraldHealthBioceuticalsInc_20200218_1-A_EX1A-6 MAT CTRCT_11987205_EX1A-6 MAT CTRCT_Development Agreement,Competitive Restriction Exception,"EHS and EHN shall have the exclusive rights in and to all ingredients, product specifications, goodwill, and all other intellectual property rights associated with any Product(s); provided, however, that EHS and EHN shall not have any rights in or to Dr. Murray's name or likeness except as expressly granted in writing herein or via electronic transmission by Dr. Murray.",59
5183,"BABCOCK_WILCOXENTERPRISES,INC_08_04_2015-EX-10.17-INTELLECTUAL PROPERTY AGREEMENT between THE BABCOCK _ WILCOX COMPANY and BABCOCK _ WILCOX ENTERPRISES, INC.",Covenant Not To Sue,"RemainCo hereby covenants not to sue SpinCo under any Licensed RemainCo Know-How and under RemainCo's right, title and interest in and to Shared Library Materials and Foundational Software, including, without limitation, all applicable Patents, Copyrights, and Know-How, for infringement or misappropriation based upon any action that occurs in connection with the continued operation of the SpinCo Business and any future extensions of the SpinCo Business in any field other than the RemainCo Core Field after the Distribution Date.",78
12148,BLUEFLYINC_03_27_2002-EX-10.27-e-business Hosting Agreement,Liquidated Damages,IBM will give       Customer a credit equal to the amount Customer paid IBM for the applicable       Materials or for use of the applicable Base Components up to a maximum of       twelve (12) months of applicable charges.,36
2005,ELECTRAMECCANICA VEHICLES CORP. - Manufacturing Agreement,Irrevocable Or Perpetual License,"Subject to the terms of this Agreement, subject to Manufacturer meeting EMV's requirements for quality, price and lead- time, EMV hereby grants Manufacturer an exclusive, non-transferable, license (without the right to sublicense) under EMV's Proprietary Rights in the Territory, during the term of this Agreement, to use the Specifications solely for the purpose of manufacturing the Products to fulfil Purchase Orders for EMV.",63
3221,ANIXABIOSCIENCESINC_06_09_2020-EX-10.1-COLLABORATION AGREEMENT,Volume Restriction,"Within one year following completion of all activities under the Research Plan (the ""Selection Deadline""), Anixa, in good faith consultation with OntoChem, will have the right to select up to two hundred (200) Hit Compounds (each, a ""Selected Hit Compound""), by providing OntoChem with written notice of such Selected Hit Compound(s) (the ""Selection Notice""), and each Selected Hit Compound, along with all Variants of such Selected Hit Compound referenced in the Selection Notice, is hereby designated as a ""Lead Scaffold"" under this Agreement.",83
2642,TodosMedicalLtd_20190328_20-F_EX-4.10_11587157_EX-4.10_Marketing Agreement_ Reseller Agreement,Affiliate License-Licensee,The Reseller shall be entitled to enter into agreements with its subsidiaries and affiliates to act as sub-distributors and/or selling agents of the Products in the Territory.,27
6022,AgapeAtpCorp_20191202_10-KA_EX-10.1_11911128_EX-10.1_Supply Agreement,Warranty Duration,"The Customer shall inspect all Products promptly upon receipt thereof and may reject any defective Product, provided that the Customer shall within seven (7) days after receipt of such alleged defective Product, notify the Manufacturer of its rejection and either: (i) request to destroy in field for credit of the value of the defective product and the associated shipping costs (with approval), or (ii) request a Return Material Authorization (""RMA"") number and within seven (7) days of receipt of the RMA number from the Manufacturer return such rejected Product to the Manufacturer.",92
10716,ENTRUSTINC_07_24_1998-EX-10.5-STRATEGIC ALLIANCE AGREEMENT,Irrevocable Or Perpetual License,"ETI, on behalf of Entrust, grants to NTL and its              ------------                                                   Affiliates (as defined in the Enterprise License) a non-exclusive, fully paid- up, worldwide, perpetual license to use an unlimited number of copies of the Entrust Products subject to the terms and conditions of an agreement to be concluded between NTL and ETI promptly after the Effective Date in substantially the form of the license set forth in Exhibit B (the ""Enterprise License"") save                                                      ------------------        as amended to comply with the provisions of this Article III.",86
10941,PROFOUNDMEDICALCORP_08_29_2019-EX-4.5-SUPPLY AGREEMENT,Warranty Duration,"Without prejudice to any other rights accruing under this Agreement or law, the warranties set forth in clause 7.1 will extend for a period of [Redacted - Commercially Sensitive - Warranty Details].",32
13059,JOINTCORP_09_19_2014-EX-10.15-FRANCHISE AGREEMENT,Non-Disparagement,"(8) you are involved in any action that is likely to adversely affect the reputation of the Company, the Franchise, and/or the goodwill associated with the Marks;",27
1128,CytodynInc_20200109_10-Q_EX-10.5_11941634_EX-10.5_License Agreement,Irrevocable Or Perpetual License,"In the event that such assignment would be unlawful, Vyera shall, and hereby does, grant to CytoDyn an exclusive, irrevocable, worldwide, sublicensable (including through multiple tiers), transferrable (without consent) royalty free license to any and all right, title and/or interest that it may have in or to an Invention.",49
3921,ENERGYXXILTD_05_08_2015-EX-10.13-Transportation AGREEMENT,Volume Restriction,Pumping equipment shall be controlled and operated so that the hourly rate at which Crude Petroleum is injected during each month shall not exceed 120% of the average hourly volume nominated and accepted for shipment during the current calendar month.,40
7379,Microgenics Corporation - Collaborative Development and Commercialization Agreement,Joint Ip Ownership,"With respect to any Patent applications and Patents claiming or covering any [REDACTED] Products, the Parties shall meet to determine in what countries, if any, Patent applications claiming such [REDACTED] Products should be filed and the appropriate filing Party (a ""Joint Patent"").",42
9496,"FIDELITYNATIONALINFORMATIONSERVICES,INC_08_05_2009-EX-10.3-INTELLECTUAL PROPERTY AGREEMENT",Affiliate License-Licensee,"Equifax hereby grants, and will cause the other members of the Equifax Group to grant, to Certegy a fully paid, non-exclusive, perpetual, worldwide, non-transferable license to use, modify, copy, improve, create Derivative Works and Certegy Enhancements from, and sublicense the Licensed Equifax Materials (excluding the Utility Software Programs) solely for use in the Certegy Business and as that business may evolve and change in the future, subject to the following:

          (i)   Certegy shall not sublicense, or otherwise disclose or                 distribute, or permit any Person to use, the Licensed Equifax                 Materials (excluding the Utility Software Programs), except in                 accordance with Section 4.1(b);

          (ii)  Certegy shall hold the Licensed Equifax Materials (excluding the                 Utility Software Programs) in strict confidence; will not remove                 or destroy any proprietary markings of the Equifax Group on or                 contained in the Licensed Equifax Materials (excluding the                 Utility",140
10326,MANAKOASERVICESCORP_11_21_2007-EX-7.5-STRATEGIC ALLIANCE AGREEMENT,No-Solicit Of Employees,"In turn, UTEK agrees that it will not directly or indirectly solicit any present employee of MKOS.",17
9554,GentechHoldingsInc_20190808_1-A_EX1A-6 MAT CTRCT_11776814_EX1A-6 MAT CTRCT_Distributor Agreement,Most Favored Nation,"Such Prices and Volume Discount Prices shall only be subject to increase once per year on each anniversary date of this Agreement, provided (i) Company provides Distributor with at least Ninety (90) days prior written notice of any such increase, and (ii) such increase does not exceed 5% of the preceding year's Prices, except for reasons of force majeure, (Chapter 10), and Volume Discount Prices nor the lowest price charged to others for the same Product.",76
9612,OFGBANCORP_03_28_2007-EX-10.23-OUTSOURCING AGREEMENT,No-Solicit Of Employees,"Neither party shall solicit the employees of the other party for employment during the Term of this Agreement, for any reason.",21
4030,CardlyticsInc_20180112_S-1_EX-10.16_11002987_EX-10.16_Maintenance Agreement1,Irrevocable Or Perpetual License,"Supplier hereby grants Bank of America a nonexclusive, worldwide, irrevocable, perpetual license to: (a) any patents related to or necessary or desirable to use the Software to the extent such patents are now held, licensed to or hereafter acquired by Supplier, for the purpose of allowing Bank of America and its Affiliates and permitted assigns to install, copy, use, execute, modify, distribute (as necessary or useful for Bank of America and its Affiliates and permitted assigns to enjoy their rights as set forth in the Agreement), make, have made, enhance, improve and alter the Software (both in Object Code and Source Code form) as necessary to conduct Bank of America business in accordance with the terms and restrictions or this Section; (b) any Copyrights now held, licensed to or hereafter acquired by Supplier in the Software for the purpose of allowing Bank of America and its Affiliates an permitted assigns to install, copy, use, execute, modify, distribute (as necessary or useful for Bank of America and its Affiliates and permitted assigns to enjoy their fights as set forth In the Agreement, produce derivative works from and",186
10696,ENTRUSTINC_07_24_1998-EX-10.5-STRATEGIC ALLIANCE AGREEMENT,Most Favored Nation,"For so long as ETI remains a Subsidiary              -----------------------                                           of NTL, it is the intention of ETI that the terms of the Source Code License  be no less favourable to Nortel than the terms then in effect with any of Entrust's source code licensees that receives substantially similar rights taking into account the relative size of the licensee and Entrust's potential benefits.",62
1482,VERICELCORP_08_06_2019-EX-10.10-SUPPLY AGREEMENT,Volume Restriction,"The Parties agree and acknowledge that, as of the Effective Date, MediWound's current Facility can fill orders from Vericel for use in the Territory up to [REDACTED AMOUNT] of Intermediate Drug Product, whether provided in that form or in the form of the equivalent amount of Finished Product within a calendar year (""Maximum Capacity"").",53
13697,XinhuaSportsEntertainmentLtd_20070221_F-1_EX-99.4_645553_EX-99.4_Content License Agreement,Unlimited/All-You-Can-Eat-License,"CEIS hereby grants XFN and its      Affiliates an exclusive license (free of all third-party liens, claims and      encumbrances) to, and to permit others to, during the Term in the      Territory:",30
3003,"BELLICUMPHARMACEUTICALS,INC_05_07_2019-EX-10.1-Supply Agreement",Affiliate License-Licensee,"Bellicum shall have the right to transfer Miltenyi Product(s) purchased hereunder, or to request from Miltenyi, by notice in writing, that Miltenyi Deliver any Miltenyi Product(s) purchased hereunder to an Affiliate of Bellicum or a Subcontractor or Licensee of Bellicum Product designated by Bellicum, solely for the purpose of the Permitted Use, subject to the payment to Miltenyi of all additional expenses (if any) incurred by Miltenyi in connection with such provision and transfer of Miltenyi Product(s) to Bellicum's designee; and provided that in each case: (i) each Subcontractor or Licensee of Bellicum to whom Miltenyi Products are transferred shall be bound in writing by limitations and obligations that are consistent with the corresponding limitations and obligations imposed on Bellicum",120
5451,BUFFALOWILDWINGSINC_06_05_1998-EX-10.3-FRANCHISE AGREEMENT,No-Solicit Of Employees,"You covenant that during the term of this Agreement, except as otherwise approved in writing by us, you will not, either directly or indirectly, for yourself, or through, on behalf of, or in conjunction with any person, persons, partnership, corporation or company:",42
6978,"Array BioPharma Inc. - LICENSE, DEVELOPMENT AND COMMERCIALIZATION AGREEMENT",Warranty Duration,"In the event that Array reasonably objects to a proposed usage of the Product Trademark(s), it shall give written notice of such objection to Ono within sixty (60) days of receipt of such sample, specifying the way in which such usage of its Product Trademark(s) fails to meet the style, usage or quality standards for the Product or Product Trademark set forth in the first two sentences of this Section 12.4(c).",71
4289,MRSFIELDSORIGINALCOOKIESINC_01_29_1998-EX-10-FRANCHISE AGREEMENT,Competitive Restriction Exception,This non-compete provision may not be enforceable under the laws of your state.,13
13454,BLACKBOXSTOCKSINC_08_05_2014-EX-10.1-DISTRIBUTOR AGREEMENT,Warranty Duration,"Company further warrants all Products to be free from defects in material or workmanship under normal use and service for a period of ninety (90) days from the date of delivery. Any defects must be replaced by the Company within sixty (60) days within this scope of the warranty and all charges for labor and material, will be borne by Company",61
5963,LeadersonlineInc_20000427_S-1A_EX-10.8_4991089_EX-10.8_Co-Branding Agreement,Joint Ip Ownership,"Upon termination of the Agreement, VerticalNet and LeadersOnline shall jointly own all User Data.",14
1950,RareElementResourcesLtd_20171019_SC 13D_EX-99.4_10897534_EX-99.4_Intellectual Property Agreement,Irrevocable Or Perpetual License,"Company further grants to Investor, during the duration of the Option Period, a worldwide, royalty-free, non-exclusive, irrevocable license (with the right to grant sublicenses to Affiliates) to use the Technical Information to practice the methods described and claimed in the Patents and to make and have made, use, offer to sell, sell and import products made using the methods, and to make Improvements, and to engage in any activity which would give rise to a claim of infringement (direct or indirect or otherwise) of one or more of the Patents in the absence of a license.",96
3888,IGENEBIOTECHNOLOGYINC_05_13_2003-EX-1-JOINT VENTURE AGREEMENT,Competitive Restriction Exception,"The Party (or its Affiliate) that has developed, discovered or acquired such opportunity, product or process will, however, be entitled to exploit such opportunity, product or process for application outside the Field of Agreement.",34
9580,TICKETSCOMINC_06_22_1999-EX-10.22-SPONSORSHIP AGREEMENT,Price Restrictions,"Furthermore, for a thirty (30) day period, beginning thirty (30) days prior to the first anniversary of this Agreement, Tickets shall have the right to renew the Agreement for another year with Sponsor Fees that do not exceed a [REDACTED AMOUNT] percent increase over the existing Sponsor Fees.",47
3184,AlliedEsportsEntertainmentInc_20190815_8-K_EX-10.34_11788308_EX-10.34_Sponsorship Agreement,Non-Disparagement,"Without limiting the preceding sentence, Allied agrees not to use the Newegg Marks in any advertising materials or conduct any activities in a manner that may be seen to unreasonably modify, alter, detract from or impair the integrity, character, or dignity of the Newegg Marks or reflect unfavorably upon Newegg or Newegg Products.",53
9200,SoupmanInc_20150814_8-K_EX-10.1_9230148_EX-10.1_Franchise Agreement1,No-Solicit Of Employees,"In consideration for such training, trade secrets and confidential information, you and your principals agree that during the term of this Agreement, and for a continuous uninterrupted period commencing upon expiration or termination of this Agreement, regardless of the cause for termination, and continuing for a period of three (3) years thereafter, neither you nor your principals shall, directly or indirectly, for themselves, or through, on behalf of, or in conjunction with any person, persons, partnership, limited liability company or corporation:",81
10712,ENTRUSTINC_07_24_1998-EX-10.5-STRATEGIC ALLIANCE AGREEMENT,Affiliate License-Licensee,Any rights or license granted under this Article VI to a     -----------------                                                               corporation or other legal entity which becomes a Subsidiary of a Party at a     date later than the Effective Date shall become effective as of the date     upon which such corporation or other legal entity becomes a Subsidiary of     such Party.,53
6365,MPLXLP_06_17_2015-EX-10.1-TRANSPORTATION SERVICES AGREEMENT,Liquidated Damages,If Shipper fails to notify MPL within one hundred and eighty (180) days of the Project's in-service date or if MPL is unsuccessful in obtaining additional volume commitments as provided for in Section 3.8 to,35
11372,IdeanomicsInc_20160330_10-K_EX-10.26_9512211_EX-10.26_Content License Agreement,Irrevocable Or Perpetual License,"2) For Titles listed in Schedule A3:

For ""天下女人"": No satellite TV broadcasting rights granted. Titles other than ""猜 猜女人心"", ""赏深越慕"" ,  ""职场新女性挑战行动"", "" 杨澜访谈录""  (自第192期及以后的节 目),""人生相对论 "", "" 天下女人"", and ""正青春"" cannot be edited in any way;

3) For Titles listed in Schedule A4:

Other than the versions (dubbed or translated) in which the Titles in Schedule A4 already exist in (and were delivered in), no further dubbing, translation, or editing may be performed by any party on Schedule A4's Titles.

4) For Titles listed in Schedule A5 (except ""Summer in February""):

Limitations on Rights Granted: the following distribution methods are permitted: non-theatrical, public video, ship and hotel rights (all not earlier than the US theatrical release); home video rental, home video sell through, and commercial video rights (all not earlier than the US video release); cable TV (pay & free), terrestrial TV (pay & free), satellite pay TV; internet TV (pay & free), residential and non-residential pay-per-view, residential and non-residential internet pay-per-view, VOD, near VOD, and internet VOD (all no earlier than the corresponding exploitation in the USA).",180
6657,"OTISWORLDWIDECORP_04_03_2020-EX-10.4-INTELLECTUAL PROPERTY AGREEMENT by and among UNITED TECHNOLOGIES CORPORATION, OTIS WORLDWIDE CORPORATION and CARRIER ~1",Covenant Not To Sue,"Otis and Carrier, on behalf of themselves and the other members of, respectively, the Otis Group and the Carrier Group, agree and promise not to (a) challenge in any jurisdiction or venue the right or title of UTC or any other members of the UTC Group in and to any United Technologies Trademark, or the validity or enforceability of any United Technologies Trademark or any registration thereof, or (b) register or renew, attempt to register or renew, or assist a Person other than UTC or a member of the UTC Group in registering or renewing, any United Technologies Trademark.",99
12552,WaterNowInc_20191120_10-Q_EX-10.12_11900227_EX-10.12_Distributor Agreement,Notice Period To Terminate Renewal,"Upon expiration of the Initial Term of this Agreement, this Agreement will automatically renew for additional, successive five (5) year periods unless either Party provides the other Party written notice of its desire to terminate at least one hundred twenty (120) days prior to the end of the Initial Term or any renewal.",53
9778,"GSITECHNOLOGYINC_11_16_2009-EX-10.2-INTELLECTUAL PROPERTY AGREEMENT between SONY ELECTRONICS INC. and GSI TECHNOLOGY, INC.",Affiliate License-Licensor,"SONY, on behalf of itself and its Affiliates, hereby grants to PURCHASER a worldwide, non-exclusive, fully paid-up, royalty-free  license (a) under the Licensed Patents to make, have made, use, offer to sell, sell, otherwise dispose of, and import any Competing Products  (including, without limitation, the SRAM Products); and (b) to use, reproduce, modify, prepare derivative works of, perform, display, and otherwise  practice and exploit in any manner any and all of the SRAM Intellectual Property in connection with the use and exploitation of the",84
4515,PapaJohnsInternationalInc_20190617_8-K_EX-10.1_11707365_EX-10.1_Endorsement Agreement,Non-Disparagement,"All Parties agree not to disparage or make derogatory comments, verbal or written, regarding the other Party during the Term of the Agreement, and for one year thereafter.",28
1286,"Zounds Hearing, Inc. - MANUFACTURING DESIGN MARKETING AGREEMENT",Notice Period To Terminate Renewal,This Agreement will renew automatically thereafter for successive one-year terms unless and until one Party gives notification of termination with at least sixty (60) days written notice.,27
3918,ENERGYXXILTD_05_08_2015-EX-10.13-Transportation AGREEMENT,Volume Restriction,"If during any monthly accounting period, the weighted average of the BS&W on all meter tickets covering Crude Petroleum delivered to Transporter by Shipper reflects a water, sediment and other impurities content which exceeds 1%, Shipper shall pay to Transporter a handling charge as specified in the table in Exhibit A on such excess water, sediment, and other impurities to cover the treating, separation and other aspects of handling such excess water, sediment and other impurities delivered to Transporter.",79
6976,"Array BioPharma Inc. - LICENSE, DEVELOPMENT AND COMMERCIALIZATION AGREEMENT",Liquidated Damages,"in (a) or (b) above, the otherwise applicable royalty rate with respect to Products shall thereafter be [ * ] for the [ * ]",25
12247,LiquidmetalTechnologiesInc_20200205_8-K_EX-10.1_11968198_EX-10.1_Development Agreement,Most Favored Nation,"Eutectix agrees that in the event any Licensed Products shall be sold (1) to any Affiliate (as defined herein), or (2) to a corporation, firm, or association with which, or individual with whom Eutectix or its stockholders or Affiliates shall have any agreement, understanding, or arrangement (such as, among other things, an option to purchase stock, or an arrangement involving a division of profits or special rebates or allowances) without which agreement, understanding, or arrangement, prices paid by such a corporation, firm, association or individual for the Licensed Products would be higher than the Net Sales Price reported by Eutectix, or if such agreement, understanding, or arrangement results in extending to such corporation, firm, association, or individual lower prices for Licensed Products than those charged to outside concerns buying similar products in similar amounts and under similar conditions, then, and in any such events, the royalties to be paid hereunder in respect of such Licensed Products shall be computed based on an assumed or deemed Net Sales Price equal to those charged to such outside concerns.",176
12522,ArmstrongFlooringInc_20190107_8-K_EX-10.2_11471795_EX-10.2_Intellectual Property Agreement,Irrevocable Or Perpetual License,"Subject to the terms and conditions of this Agreement, Arizona hereby grants to the Company a perpetual, non- exclusive, royalty-free license in, to and under the Arizona Licensed Know-How for use in the Company Field throughout the world.",38
3341,DigitalCinemaDestinationsCorp_20111220_S-1_EX-10.10_7346719_EX-10.10_Affiliate Agreement,Non-Disparagement,"Network Affiliate shall not engage in any conduct which  may place NCM or any NCM Mark in a negative light or context,",22
1949,RareElementResourcesLtd_20171019_SC 13D_EX-99.4_10897534_EX-99.4_Intellectual Property Agreement,Irrevocable Or Perpetual License,"If the Option is exercised before the expiration of the Option Period, the license grants set forth in Articles 3.00 and 3.01 will become exclusive to Investor for a perpetual term, shall not be subject to a licensing fee, the granted licenses in favor of the Investor shall be deemed fully paid-up, and the rights granted to Investor under Articles 3.00 and 3.01 shall include the right to grant sublicenses to Third Parties.",73
11059,TheglobeComInc_19990503_S-1A_EX-10.20_5416126_EX-10.20_Co-Branding Agreement,Joint Ip Ownership,"If the Domain Name is deemed a combination mark, neither party shall use the Domain Name for any purpose except as expressly provided herein or attempt to register the Domain Name, and the parties will jointly cooperate on any enforcement action of infringement of the Domain Name.",47
2371,PelicanDeliversInc_20200211_S-1_EX-10.3_11975895_EX-10.3_Development Agreement2,Non-Disparagement,"The Client and Designer both agree not to post on defamatory websites or review websites any negative posts concerning each other, the names of our companies, and our employees.",29
10724,ENTRUSTINC_07_24_1998-EX-10.5-STRATEGIC ALLIANCE AGREEMENT,Covenant Not To Sue,"Each Grantor undertakes not to assert any                --------------------                                            claim for Patent infringement with respect to use and maintenance of Licensed Products against any end user, customer or distributor of Grantee, or any subsequent vendee, lessee, or transferee to the extent the Licensed Products have been acquired from Grantee after the Effective Date and are used for the purpose for which they predominantly have been made (without modification or amendment).",69
13797,KINGPHARMACEUTICALSINC_08_09_2006-EX-10.1-PROMOTION AGREEMENT,Covenant Not To Sue,"Depomed acknowledges and agrees that it shall not acquire and shall not claim any title to the King Trademarks adverse to King by virtue of the rights granted under this Agreement or through Depomed's use of the King Trademarks, it being the intention of the parties that all goodwill and improved reputation generated by Depomed and use of the King Trademarks shall inure to the benefit of King.",68
4042,CardlyticsInc_20180112_S-1_EX-10.16_11002987_EX-10.16_Maintenance Agreement1,Source Code Escrow,"Bank of America shall establish a secure receptacle in which it shall place the Source Code and shall put the receptacle under supervision of one or more of its officers, whose identity shall be available to Supplier at all times.",40
8347,EhaveInc_20190515_20-F_EX-4.44_11678816_EX-4.44_License Agreement_ Reseller Agreement,Competitive Restriction Exception,"For clarity, a Competitive Transaction shall not include an agreement for use, integration or interfacing, or co-marketing, of the Ehave Companion Solution with other services, solutions, devices, goods or products, where such other services, solutions, devices, goods or products do not contain the same or similar functionality of the Ehave Companion Solution, but provides for a complementary solution.",58
7162,RevolutionMedicinesInc_20200117_S-1_EX-10.1_11948417_EX-10.1_Development Agreement,Irrevocable Or Perpetual License,"Upon expiration of this Agreement, the licenses granted to Sanofi under Section 3.1 will become fully paid up, royalty free, perpetual and irrevocable.",23
11338,ElPolloLocoHoldingsInc_20200306_10-K_EX-10.16_12041700_EX-10.16_Development Agreement,Covenant Not To Sue,"Developer expressly acknowledges El Pollo Loco's exclusive right, title, and interest in an to the trade name, service mark and trademark ""El Pollo Loco"", and such other trade names, service marks, and trademarks which are designated as part of the El Pollo Loco® System (the ""Marks""), and Developer agrees not to represent in any manner that Developer has any ownership in El Pollo Loco® Marks.",65
504,INTRICONCORP_03_10_2009-EX-10.22-Strategic Alliance Agreement,Competitive Restriction Exception,To maintain exclusive rights to Dynamic Hearing Technology for Hearing Aids IntriCon will make minimum annual payments to  Dynamic Hearing as set out in the Minimum Payment Schedule.,28
10496,KitovPharmaLtd_20190326_20-F_EX-4.15_11584449_EX-4.15_Manufacturing Agreement,Price Restrictions,"Commencing with ****, Dexcel may adjust the Supply Price for the next following Year not more often than ****.",19
13816,PerformanceSportsBrandsInc_20110909_S-1_EX-10.10_7220214_EX-10.10_Endorsement Agreement,Volume Restriction,"The voice over  appearance shall take place at North's personal residence or at another mutually agreed upon location in Wisconsin, and shall not  exceed two (2) hours in duration.",29
9329,IntegrityMediaInc_20010329_10-K405_EX-10.17_2373875_EX-10.17_Co-Branding Agreement,Covenant Not To Sue,Integrity recognizes TL's title to the                   TL Trademarks and will not at any time do or suffer to be done                   any act or thing which will in any way impair TL's rights in                   and to the TL Trademarks.,38
12929,NakedBrandGroupInc_20150731_POS AM (on S-1)_EX-10.75_9196027_EX-10.75_Endorsement Agreement,Unlimited/All-You-Can-Eat-License,"During the Term, Naked shall have the right in the Territory to the unlimited broadcast use and re-use of the Commercial Materials in the Territory",25
4398,UsioInc_20040428_SB-2_EX-10.11_1723988_EX-10.11_Affiliate Agreement 2,No-Solicit Of Customers,"Affiliate shall not, without the express written consent of  Network  1: i.           Contact  or  otherwise  deal directly with, VISA, MasterCard or the Member  Bank;  or ii.     Make  any representations with respect to Network 1, VISA, MasterCard or the  Member  Bank;  or iii.     Make  contact  with  or  contract  with  any vendor of Network 1 or its subsidiaries  including other Affiliate's, direct sponsored ISO/MSP's of Network 1/Member  Bank,  or  any merchants currently processing with Network 1 or Member Bank.",77
2020,GopageCorp_20140221_10-K_EX-10.1_8432966_EX-10.1_Content License Agreement,Notice Period To Terminate Renewal,"Thereafter, this Agreement shall renew automatically for one (1) additional three (3) year period (the ""Renewal Term"" and collectively, together with the Initial Term, the ""Term"") unless either party provides the other with written notice of non-renewal at least ninety (90) days before the expiration of the Initial Term].",49
10469,BizzingoInc_20120322_8-K_EX-10.17_7504499_EX-10.17_Endorsement Agreement,Volume Restriction,"Make four (4) public appearance for the purpose of promoting the Network, which may include autograph sessions, dinner  appearances, and/or other appearances not described in 4(a) above, with each such session not exceeding two (2) hours.",36
4238,AMBASSADOREYEWEARGROUPINC_11_17_1997-EX-10.28-ENDORSEMENT AGREEMENT,Competitive Restriction Exception,"The license hereby granted shall be exclusive as to the products described in subparagraphs 2.(a)(1) and (2) of this Agreement, but nonexclusive as to all other products covered by this Agreement.",31
2803,AimmuneTherapeuticsInc_20200205_8-K_EX-10.3_11967170_EX-10.3_Development Agreement,Volume Restriction,"Xencor will allocate adequate appropriately qualified representatives to enable Aimmune to practice and understand the Xencor Know-How, Regulatory Materials, and Regulatory Data, including in connection with the transition of Manufacturing responsibility to Aimmune, Xencor's obligations under this Section 2.7 shall not exceed an aggregate of [REDACTED AMOUNT] ([REDACTED AMOUNT]) full- time equivalent hours unless the Parties otherwise agree in writing [REDACTED AMOUNT].",59
11753,InvendaCorp_20000828_S-1A_EX-10.2_2588206_EX-10.2_Co-Branding Agreement,Competitive Restriction Exception,"Notwithstanding the foregoing, solely for the period from the                Effective Date of this",13
9634,OFGBANCORP_03_28_2007-EX-10.23-OUTSOURCING AGREEMENT,Liquidated Damages,The Termination Fee shall be an amount equal to a percentage of the Estimated Remaining Value as set forth below.,20
7321,ImineCorp_20180725_S-1_EX-10.5_11275970_EX-10.5_Distributor Agreement,Covenant Not To Sue,"At no time during or after the term of this Agreement will the Distributor challenge or assist others to challenge JRVS Trademarks or the registration thereof or attempt to register any trademarks, marks or trade names confusingly similar to those of JRVS. T",43
7457,VgrabCommunicationsInc_20200129_10-K_EX-10.33_11958828_EX-10.33_Development Agreement,Warranty Duration,"Change Orders do not however cover any bug or glitch fixing produced out of the code written by Developer as any ""bug"" will be fixed by Developer for free up to 3 months after final delivery (Bug Fixing Warranty).",39
6716,ExactSciencesCorp_20180822_8-K_EX-10.1_11331629_EX-10.1_Promotion Agreement,Uncapped Liability,"NOTWITHSTANDING ANYTHING TO THE CONTRARY IN THIS AGREEMENT, EXCEPT FOR (A) INDEMNIFICATION OBLIGATIONS OF A PARTY UNDER SECTION 6.1, (B) A BREACH OF SECTION 7 BY A PARTY OR (C) THE WILLFUL MISCONDUCT OR GROSS NEGLIGENCE OF A PARTY, NEITHER PARTY NOR ANY OF ITS AFFILIATES SHALL BE LIABLE TO THE OTHER PARTY OR ANY OF ITS AFFILIATES FOR ANY SPECIAL, PUNITIVE, INDIRECT, INCIDENTAL OR CONSEQUENTIAL DAMAGES, INCLUDING LOST PROFITS, LOST REVENUES OR PENALTIES ARISING FROM OR RELATING TO ANY BREACH OF THIS AGREEMENT, REGARDLESS OF ANY NOTICE OF THE POSSIBILITY OF SUCH DAMAGES.",94
8387,EhaveInc_20190515_20-F_EX-4.44_11678816_EX-4.44_License Agreement_ Reseller Agreement,Uncapped Liability,"Subject to Section 17(c), in no event shall either Party's liability under this Agreement exceed the aggregate of all amounts paid under this Agreement and amounts that have accrued but not yet been paid in the twelve (12) months preceding the event giving rise to the claim.",47
9923,StaarSurgicalCompany_20180801_10-Q_EX-10.37_11289449_EX-10.37_Distributor Agreement,Covenant Not To Sue,"Distributor acknowledges that Company owns and retains all patents, trademarks, copyrights and other proprietary rights in the Products, and agrees that it will not at any time during or after the termination of this Agreement assert or claim any interest in or take any action which may adversely affect the validity or enforceability of any trademark, trade name, trade secret, copyright, or other proprietary right owned by or licensed to Company.",71
10188,"VISIUMTECHNOLOGIES,INC_10_20_2004-EX-10.20-DISTRIBUTOR AGREEMENT",Covenant Not To Sue,"Power2Ship shall not contest the right of WLI and its affiliates to the use of any trademarks, service marks, commercial symbols or trade names used or claimed by WLI.",29
12922,NakedBrandGroupInc_20150731_POS AM (on S-1)_EX-10.75_9196027_EX-10.75_Endorsement Agreement,Volume Restriction,"During each Contract Year, Wade will be available for two (2) personal appearances (each, a ""Personal Appearance"") on behalf of Naked and the Naked Products and Wade Products in the media, including publicity shoots, interviews, print, television, radio and social media channels, each appearance for a maximum of sixty (60) consecutive minutes to be scheduled at a time mutually agreeable to Naked and Wade;",64
13298,PlayboyEnterprisesInc_20090220_10-QA_EX-10.2_4091580_EX-10.2_Content License Agreement_ Marketing Agreement_ Sales-Purchase Agreement1,Non-Disparagement,"EFS and its affiliates conduct their activities, both relating to the Playboy Commerce Business and otherwise, in a way that does  not jeopardize the Playboy Marks or the reputation and image of any Playboy entity or activity.",37
2462,SPARKLINGSPRINGWATERHOLDINGSLTD_07_03_2002-EX-10.13-SOFTWARE LICENSE AND MAINTENANCE AGREEMENT,Source Code Escrow,"Immediately upon execution of this Agreement, Garman shall maintain on each AS400 at an Authorized Location the most current version of:

            (1)   all source code for the Software in machine readable form,                   with user option to print;

            (2)   all program and user documentation in machine readable and                   printed form;

            (3)   all tools such as compilers, assemblers, linkers and editors                   required to make the source code into the functional Software                   operating in accordance with the Specifications as amended                   from time to time;

            (4)   a complete explanation of any procedures that are not standard                   practice, required to create from the source code the                   functional Software; (5) all documentation listing program and                   module inputs and their sources, outputs and their                   destinations, and any other relevant program and module                   documentation,

(collectively, the ""Codes"").",129
1347,ConformisInc_20191101_10-Q_EX-10.6_11861402_EX-10.6_Development Agreement,Competitive Restriction Exception,"Except as specifically provided in the Distribution Agreement, Conformis shall be prohibited from   developing or assisting another in developing, or causing another to develop, Patient-Specific Instrumentation for Off-The-Shelf   Knee Implants for any Third Party in the field of orthopedics until January 1, 2032 (or earlier, to the extent set forth in Section   2.3.3.4 or Section 2.3.5 of the Distribution Agreement), with the exception that Conformis (including any entity involved in a   Change of Control of Conformis, any such entity an ""Acquirer""), may develop Patient-Specific Instrumentation for any Off-The-   Shelf Implants of Conformis, an Acquirer or any of their Affiliates.",99
665,ZEBRATECHNOLOGIESCORP_04_16_2014-EX-10.1-INTELLECTUAL PROPERTY AGREEMENT,Irrevocable Or Perpetual License,"Effective as of the Initial Closing Date the Seller hereby grants (and will cause each other Seller Party to grant, following each applicable Closing Date), to the Purchaser Licensees an irrevocable (except as expressly set forth herein), non-sublicenseable (except as expressly set forth herein), perpetual, fully paid-up, royalty-free, worldwide, non-transferable (except as expressly set forth herein), non-exclusive license, under the Licensed IP (other than Trademarks and Patents):

(i) (A) to use such Licensed IP in the operation of the Business and to practice any methods, processes, and procedures in connection therewith and (B) to make, have made, use, sell, offer for sale, import, and otherwise dispose of products, services, and systems that were designed, developed, manufactured,",116
949,SENMIAOTECHNOLOGYLTD_02_19_2019-EX-10.5-Collaboration Agreement,Liquidated Damages,"The following acts constitute Class D breaches. In the event of any breach below by Party B, Party B shall immediately remedy the breach, and Party A is entitled to request Party B to pay the liquidated damages of not less than RMB50,000 (RMB FIFTY THOUSAND) based on the consequences of the breach, and send the Confirmation Letter on the Breach of the Partner of Xiaoju Online Ride-hailing Marketplace to Party B, and terminate the Agreement.",76
5163,"BABCOCK_WILCOXENTERPRISES,INC_08_04_2015-EX-10.17-INTELLECTUAL PROPERTY AGREEMENT between THE BABCOCK _ WILCOX COMPANY and BABCOCK _ WILCOX ENTERPRISES, INC.",Affiliate License-Licensor,"Accordingly, (i) with respect to RemainCo's right and interest in and to the Shared Library Materials, RemainCo, for itself and as representative of all other members of the RemainCo Group, hereby grants to SpinCo (x) a perpetual (subject to Section 4.4), irrevocable, exclusive, royalty-free, worldwide right and license with the right to grant sublicenses (solely as set forth in Section 5.6) to use the Shared Library Materials, including all Know-How and Copyrights embodied therein, for any purpose in the SpinCo Core Field and (y) a perpetual (subject to Section 4.4), irrevocable, non-exclusive, royalty-free, worldwide right and license with the right to grant sublicenses (solely as set forth in Section 5.6) to use the Shared Library Materials, including all Know-How and Copyrights embodied therein, for any purpose in any field other than the RemainCo Core Field or the SpinCo Core Field and (ii) with respect to SpinCo's right and interest in and to the Shared Library Materials, SpinCo, for itself and as representative of all other members of the SpinCo Group, hereby grants to RemainCo (x) a perpetual (subject to Section 4.4), irrevocable, exclusive, royalty-free, worldwide right and license with the right to grant sublicenses (solely as set forth in Section 5.6) to use the Shared Library Materials, including all Know-How and Copyrights embodied therein, for any purpose in the RemainCo Core Field and (y) a perpetual (subject to Section 4.4), irrevocable, non- exclusive, royalty-free, worldwide right and license with the right to grant sublicenses (solely as set forth in Section 5.6) to use the Shared Library Materials, including all Know-How and Copyrights embodied therein, for any purpose in any field other than the SpinCo Core Field or the RemainCo Core Field.",281
5066,"CERES,INC_01_25_2012-EX-10.20-Collaboration Agreement",Competitive Restriction Exception,"if IGER would enter into any agreement (or amendment of an existing agreement including without limitation EXISTING AGREEMENTS)  after the Effective Date with a not-for-profit third party with respect to research in the field of environmental impact, carbon sequestration,  climate change mitigation, agronomy, or compositional or conversion analysis relating to COLLABORATION CROPS, such agreement  must provide that (i) IGER will receive the exclusive right (subject to Articles 5.1.2(a) and 5.2) to use and exploit commercially the results  obtained pursuant to such agreement for GERMPLASM IMPROVEMENT of COLLABORATION CROPS and (ii) CERES will have access  to the results of such research programs to the extent allowed by the relevant agreement between IGER and the third party and IGER will  use reasonable efforts to obtain such right for CERES.",127
6876,"PHREESIA,INC_05_28_2019-EX-10.18-STRATEGIC ALLIANCE AGREEMENT",No-Solicit Of Employees,"During the term of this Agreement and for a period of [REDACTED] thereafter, neither Party nor its controlled Affiliates will, without the prior written consent of the other Party, directly or indirectly solicit for employment any then-current employee of the other Party or its controlled Affiliates; [REDACTED].",47
1182,NICELTD_06_26_2003-EX-4.5-OUTSOURCING AGREEMENT,Liquidated Damages,"In the event that following the delay, Contractor is in                     compliance with the Due Dates for two immediately                     consecutive Quarters and there is no delay whatsoever,                     Contractor will be reimbursed by NICE for liquidated damages                     already paid for delay in the previous Quarter (before the                     said 2 Quarters), if paid, without derogating from the                     previous delay being regarded as a breach hereunder.",62
7727,CoherusBiosciencesInc_20200227_10-K_EX-10.29_12021376_EX-10.29_Development Agreement,Irrevocable Or Perpetual License,"Licensee hereby grants to Bioeq during the term of this Agreement (and, subject to Section 15.3.4, after termination",18
6350,MPLXLP_06_17_2015-EX-10.1-TRANSPORTATION SERVICES AGREEMENT,Most Favored Nation,"Upon termination of this Agreement for reasons other than a default by Shipper, pursuant to any provisions of this Agreement or any other termination of this Agreement initiated by Shipper pursuant to Section 5, Shipper shall have the right to require MPL to enter into a new transportation service agreement with Shipper that (a) is consistent with the terms and objectives set forth in this Agreement and (b) has commercial terms that are, in the aggregate, equal to or more favorable to Shipper than fair market value terms as would be agreed by similarly-situated parties negotiating at arm's length provided.",100
4533,PapaJohnsInternationalInc_20190617_8-K_EX-10.1_11707365_EX-10.1_Endorsement Agreement,Covenant Not To Sue,"Each party acknowledges and agrees that (i) all copyrights and trademarks used in connection herewith that are owned by a party shall be and remain the sole and complete property of such party; (ii) the other party shall not at any time acquire or claim any right, title or interest of any nature whatsoever in any such copyright or trademark by virtue of this Agreement; (iii) the other party shall not contest or assist others to contest the validity of all such copyrights and trademarks; and (iv) it will not incur or create any expenses chargeable to the other party.",100
613,OPERALTD_04_30_2020-EX-4.14-SERVICE AGREEMENT,Uncapped Liability,"Neither Party shall be liable to the other Party in contract, tort or otherwise, whatever the cause, for any loss of profit, business or goodwill or any indirect, incidental or consequential costs, damages or expenses of any kind, except for such loss attributable to breach of confidentiality.",47
4790,PhasebioPharmaceuticalsInc_20200330_10-K_EX-10.21_12086810_EX-10.21_Development Agreement,Liquidated Damages,"In the event that SFJ terminates this Agreement pursuant to this Section 14.2.1 then in exchange for purchasing the Trial Data Package including the Research Results included therein as set forth in Section 11.1.1.4, PB will pay SFJ, within [REDACTED AMOUNT] of the date of termination, an amount equal to three hundred percent (300%) of Development Costs paid or incurred by SFJ prior to such termination.",65
1512,WPPPLC_04_30_2020-EX-4.28-SERVICE AGREEMENT,No-Solicit Of Customers,The Executive agrees and undertakes with the Company acting on behalf of itself and as agent for each Group Company that he will not in any Relevant Capacity at any time during the Restricted Period:,35
3986,ScansourceInc_20190822_10-K_EX-10.38_11793958_EX-10.38_Distributor Agreement1,Warranty Duration,Such warranty shall commence upon shipment to the End User.,10
7774,DIVERSINETCORP_03_01_2012-EX-4-RESELLER AGREEMENT,Source Code Escrow,"The Parties agree to execute an escrow agreement, within 90 days of the Effective Date, with a nationally recognized escrow agent with respect to  the source code for the Products and name Reseller as a beneficiary.",36
2181,INTERNATIONALFASTFOODCORP_04_04_1997-EX-99-FRANCHISE AGREEMENT,No-Solicit Of Employees,"The Franchisee will not attempt,  directly or  indirectly,  to entice or induce any employee of BKC or of an  Affiliate  of BKC or of  another  franchisee  of BKC to leave such employment,  nor to employ such employee  within six (6) months after his or her termination  of  employment  with such  employer,  except with the prior written consent of such employer.",60
1797,MEDIWOUNDLTD_01_15_2014-EX-10.6-SUPPLY AGREEMENT,Warranty Duration,"Within the said [REDACTED DURATION] days, MediWound shall notify CBC of either: (i) its approval and acceptance of such batch sample (""Acceptance Sample Notice""); or (ii) its rejection of the batch sample in which case MediWound shall detail the reason(s) for the rejection of any such Bromelain SP sample",48
2232,INTERNATIONALFASTFOODCORP_04_04_1997-EX-99-FRANCHISE AGREEMENT,Covenant Not To Sue,"The Franchisee  will not directly or indirectly,  at any time during the term of this Agreement or thereafter,  do or cause to be done any act or thing  disputing,  attacking or in any way impairing the validity of and BKC's right,  title or interest in the Burger King Marks and the Burger King System.",54
5826,VIOLINMEMORYINC_12_12_2012-EX-10.14-SPONSORSHIP AGREEMENT,Covenant Not To Sue,"Sponsor hereby agrees to and does (a) waive any and all suits, actions, claims, losses, demands, damages, liabilities, costs and reasonable expenses of every kind (including consequential, incidental or punitive damages, or lost profits), including court costs and reasonable attorneys' fees (collectively, ""Claims"") Sponsor may have now or in the future against Forty Niners SC, its Affiliates, the National Football League, SCSA and any of their respective officers, directors, employees, agents, insurers, and assigns (collectively, the ""Indemnitees"") for damage to or destruction of Sponsor's property, excepting only claims caused by the gross negligence or willful misconduct of an Indemnitee; (b) fully compensate Forty Niners SC, the SCSA and their respective Affiliates (""Indemnitees"") for damage to or destruction of their tangible property caused by, resulting from, or arising out of Sponsor's negligence or willful misconduct under this Agreement; (b) defend, indemnify, protect and hold the Indemnitees harmless from and against any and all claims by Sponsor's officers, directors, employees, insurers, invitees, and agents for any personal injury or death or any property damage, regardless of how caused, including claims caused in whole or in part by the act, omission or negligence of an Indemnitee, excepting with respect to any Indemnitee only claims caused by the negligence or willful misconduct of such Indemnitee, to the extent of such negligence or willful misconduct, and (c) defend, indemnify, protect and hold harmless the Indemnitees against any and all claims by third parties, including, without limitation, all costs, liabilities, judgments, expenses, damages and reasonable attorneys' fees, arising out of or in connection with (i) any breach by Sponsor of any provision of the Agreement or any representation or warranty made by it therein; (ii) the use of the Sponsor Marks displayed in any advertising materials; (iii) any negligence or willful misconduct of Sponsor, its employees, servants and agents hereunder or in respect hereto; and (iv) any event for which Sponsor is credited with sponsorship or which is controlled or directed by Sponsor or anyone with whom Sponsor has contracted to control or direct such activities.",340
6904,"PHREESIA,INC_05_28_2019-EX-10.18-STRATEGIC ALLIANCE AGREEMENT",Uncapped Liability,"In addition, the limitations in Section 23.1(b) will not apply (1) to Company's indemnification obligations under Section 22.1(a) or (2) Allscripts indemnification obligations under Section 22.3(a), unless the Company's or Allscripts' indemnification obligation under Section 22.1(a) or 22.3(a), as the case may be, relates to the losses and obligations described in subclauses (a) through (f) of the preceding sentence. [REDACTED].",60
5292,"Sonos, Inc. - Manufacturing Agreement ",Uncapped Liability,"EXCEPT IN THE EVENT OF A VIOLATION OF SECTION 3 (OWNERSHIP; GRANT OF RIGHTS: TRADEMARKS USAGE), OR FOR EACH PARTY'S OBLIGATIONS UNDER SECTION 11 (INDEMNITY), OR BREACH OF SECTION 12 (CONFIDENTIALITY), IN NO EVENT SHALL EITHER PARTY'S TOTAL LIABILITY ARISING OUT OF OR RELATED TO THIS AGREEMENT EXCEED THE AMOUNTS PAID BY SONOS FOR THE PRODUCTS IN THE [REDACTED] PERIOD IMMEDIATELY PRECEDING THE EVENT GIVING RISE TO THE LIABILITY. THIS SECTION DOES NOT LIMIT EITHER PARTY'S LIABILITY FOR PERSONAL INJURY, DEATH, OR DAMAGE TO TANGIBLE PROPERTY.",86
9598,"ADMA BioManufacturing, LLC -  Amendment #3 to Manufacturing Agreement ",Liquidated Damages,"Should ADMA fail to supply a minimum of [REDACTED AMOUNT] Batches of Product (the ""Minimum Volume"") of Product during the time period as specified in this Amendment #3, ADMA agrees that Sanofi Pasteur shall be entitled to obtain from ADMA as liquidated damages, and not a penalty, amounting to $[REDACTED AMOUNT] ([REDACTED AMOUNT]) USD.",51
7757,DIVERSINETCORP_03_01_2012-EX-4-RESELLER AGREEMENT,Competitive Restriction Exception,"Subject to payment of the Annual Minimum Commitment (""AMC""  - defined herein), Diversinet hereby grants to Reseller an exclusive, non- transferable and non-assignable right to market, sell, and sub-license those Diversinet products listed in Schedule 2 (the ""Products"") within the  territory listed in Schedule 3 (the ""Territory"") to Canadian headquartered companies, and governmental and broader public sector entities located  in Canada.",61
2468,SPARKLINGSPRINGWATERHOLDINGSLTD_07_03_2002-EX-10.13-SOFTWARE LICENSE AND MAINTENANCE AGREEMENT,Warranty Duration,"If during the acceptance period described in Section 6, the Software has failed to perform in accordance with the Specifications and Garman has been unable to correct the deficiency within 45 business days of written notice being provided to Garman of such failure then Sparkling shall have the option, exercisable on 15 business days written notice to Garman, in lieu of any other remedy, to reject the Software.",68
4109,"NETGEAR,INC_04_21_2003-EX-10.16-DISTRIBUTOR AGREEMENT",Uncapped Liability,"EXCEPT FOR DAMAGES ARISING FROM BREACH OF SECTIONS 6.C AND 12,13 OR 17, IN NO EVENT WELL DISTRIBUTOR's TOTAL LIABILITY FOR ANY DAMAGES IN ANY ACTION BASED ON OR ARISING OUT OF OR IN CONNECTION WITH THE AGREEMENT EXCEED THE [REDACTED] TO NETGEAR PURSUANT TO THE AGREEMENT.",47
11161,Monsanto Company - SECOND A_R EXCLUSIVE AGENCY AND MARKETING AGREEMENT ,Non-Disparagement,The Agent shall not use or facilitate the use of promotional materials which disparage Roundup Products or Industrial Property.,19
9501,"FIDELITYNATIONALINFORMATIONSERVICES,INC_08_05_2009-EX-10.3-INTELLECTUAL PROPERTY AGREEMENT",Affiliate License-Licensee,"The sublicense rights granted to Certegy pursuant to Section 4.1(a) include the right for Certegy to grant sublicenses to the Licensed Equifax Materials (excluding the Utility Software Programs) to the members of the Certegy Group, which sublicenses may include the right to further sublicense such Licensed Equifax Materials (excluding the Utility Software Programs) to such Group member's customers solely for each such customer's internal business purposes to the extent related to the Certegy Business.",74
9665,"OMINTO,INC_03_29_2004-EX-10-RESELLER AGREEMENT",Covenant Not To Sue,"At no time during or after the Term of this      Agreement shall a party challenge or assist others to challenge the other      party's Intellectual Property or the registration thereof or attempt to      register any trademarks, marks or trade names confusingly similar to those      or the other party.",47
8316,IpassInc_20181203_8-K_EX-99.1_11445874_EX-99.1_Reseller Agreement,Unlimited/All-You-Can-Eat-License,The fees include the (i) use of the Mobility Management Services; (ii) unlimited iPass network access (except for certain premium in-flight Wi-Fi Services); and (iii) iPass Hosted Authentication Service.,29
7006,"MEDALISTDIVERSIFIEDREIT,INC_05_18_2020-EX-10.1-CONSULTING AGREEMENT",Competitive Restriction Exception,It is agreed that ownership of no more than 1% of the outstanding voting stock of a publicly traded corporation will not constitute a violation of Section 7.3.,28
9682,"DUOSTECHNOLOGIESGROUP,INC_04_21_2009-EX-10.1-STRATEGIC ALLIANCE AGREEMENT",No-Solicit Of Employees,"Further, during the Non-Competition Period, Rubicon shall not solicit any





employee of ISA or any employee of any ISA Client.",20
10182,"VISIUMTECHNOLOGIES,INC_10_20_2004-EX-10.20-DISTRIBUTOR AGREEMENT",Warranty Duration,Any implied warranties of the Licensed Software are LIMITED to one year starting from the date of purchase or for the period described in the contractual agreement with the Power2Ship.,30
9132,"ARMSTRONGFLOORING,INC_01_07_2019-EX-10.2-INTELLECTUAL PROPERTY AGREEMENT",Irrevocable Or Perpetual License,"Subject to the terms and conditions of this Agreement, Arizona hereby grants to the Company a perpetual, non- exclusive, royalty-free license in, to and under the Arizona Licensed Copyrights for use in the Company Field throughout the world.",38
6320,FulucaiProductionsLtd_20131223_10-Q_EX-10.9_8368347_EX-10.9_Content License Agreement,Unlimited/All-You-Can-Eat-License,"Producer further grants to ConvergTV the right and license to Distribute the Program on any ConvergTV channel, and/or other distribution outlets, that exists today or that is created or developed in the future and this right includes the right to Distribute on any channels of a ConvergTV affiliate and/or other distribution outlets without limitation.",54
2881,HEALTHGATEDATACORP_11_24_1999-EX-10.1-HOSTING AND MANAGEMENT AGREEMENT (1),Liquidated Damages,"If HealthGate fails to complete the System development by the System             Completion Date, unless such failure results from the Publishers'             default in performing its obligations under this Agreement or from             an extension of time agreed in writing, the Publishers may in their             discretion notify HealthGate accordingly, and if such failure is not             remedied within 28 calendar days, HealthGate, recognising the loss             caused to the Publishers, will on demand from the Publishers pay to             the Publishers a sum calculated at the rate of 1% of the value of             the contract in respect of every 28 days which elapse from the             System Completion Date to the actual date of completion of the             System. Such sums of money will be paid by HealthGate to the             Publishers not as a penalty but as and for the ascertained and             liquidated damages owing and payable by HealthGate to the Publishers             by reason of such failure to meet the System Completion Date.",155
4668,MorganStanleyDirectLendingFund_20191119_10-12GA_EX-10.5_11898508_EX-10.5_Trademark License Agreement,Covenant Not To Sue,"disputing the validity, enforceability or Licensor's ownership of the Brand (and the associated goodwill), including without limitation, in any claim, allegation, action, demand, proceeding or suit (""Action"") regarding enforcement of this Agreement or involving any third party.",37
11779,InvendaCorp_20000828_S-1A_EX-10.2_2588206_EX-10.2_Co-Branding Agreement,Joint Ip Ownership,"Notwithstanding the foregoing, Payment-Eligible User Data             that relates to users who have opted out in accordance with Section             5(a) of EXHIBIT D shall continue to be jointly owned by the parties.",31
13709,MERITLIFEINSURANCECO_06_19_2020-EX-10.(XIV)-MASTER SERVICES AGREEMENT,No-Solicit Of Employees,"Neither party shall, during the term of this Agreement and for one (1) year after its termination, solicit for hire as an employee, consultant or otherwise any of the other party's personnel who have had direct involvement with the Services, without such other party's express written consent, which shall not be unreasonably withheld.",53
13184,SUNTRONCORP_05_17_2006-EX-10.22-MAINTENANCE AGREEMENT,Liquidated Damages,"The Investor, the Agent and the Lenders hereby acknowledge and agree that (a) an amount equal to the lesser of (i) the full amount of each Required Capital Contribution that has not been made by the Investor and (ii) the then-outstanding balance of the Obligations, represents a reasonable estimate of the damages which the Agent and the Lenders will sustain upon the occurrence of an Maintenance Event of Default hereunder, and (b) such lesser amount will be the full, agreed and liquidated damages resulting from the occurrence of any Maintenance Event of Default hereunder.",94
1424,LegacyEducationAllianceInc_20200330_10-K_EX-10.18_12090678_EX-10.18_Development Agreement,Joint Ip Ownership,"LEA and T&B shall jointly own all jointly-created work product including, but not limited to, ideas, any and all concepts, designs, Customer Data (including client lists) generated through the conduct of the Business, programs, software, reports, or other intellectual property and tangible work product, produced for the Business , regardless of whether such were incorporated into or used by the Business (collectively ""Work Product""), shall be and remain the joint property of LEA and T&B when produced provided, however, (i) to the extent LEA has contributed distinct and divisible work product to the Business during the Term (""LEA Work Product""), such LEA Work Product shall remain frozen for a period not to exceed 90 days, during which time T&B may acquire a license for the LEA Work Product by reimbursing LEA direct and verifiable costs LEA incurred in producing the LEA Work Product during the Term and (ii) to the extent T&B has contributed distinct and divisible work product to the Business during the Term (""T&B Work Product""), such T&B Work Product shall remain frozen for a period not to exceed 90 days, during which time LEA may acquire license for the T&B Work Product by reimbursing T&B direct and verifiable costs T&B incurred in producing the T&B Work Product during the Term.",213
7644,XENCORINC_10_25_2013-EX-10.24-COLLABORATION AGREEMENT (3),Uncapped Liability,"damages for any negligent or intentional breach of confidentiality and non-use obligations under Section 9); and   b. each Party's aggregate liability and/or indemnification obligations towards the other Party under this Agreement shall not exceed an amount equal to the average annual aggregate amount paid or to be paid by XENCOR to BII hereunder; provided, however, that in the case of a Party's negligent or intentional breach of confidentiality and non­use obligations pursuant to Section 9, this limitation of liability shall be increased to twice the average annual aggregate amount paid or to be paid by XENCOR to BII hereunder;   provided however that the foregoing Subsections a. and b. of this Section 7.4 shall not limit XENCOR' s liability and indemnification obligation towards BII with respect to any third party claims according to clause (iii) and (iv) of Section 7.3 b. regarding any use of the Deliverables (in particular the Product) in humans and/or with respect to any third party claim that BII's use of the Material to manufacture the Product infringes any issued patent owed by such third party (excluding any such claim based specifically on use of the Process but not on the use of the Material).",198
334,"FTENETWORKS,INC_02_18_2016-EX-99.4-STRATEGIC ALLIANCE AGREEMENT",Warranty Duration,"These warranties extend to the future performance of the materials and shall continue for the longer of (a) the warranty period applicable to EDGE' sales to Customer of the material or of products which incorporate the material, (b) one year after the material is accepted by EDGE or (c) such greater period as may be specified elsewhere in this Agreement. Repaired and replacement material shall be warranted as set forth above in this clause.",74
7862,KALLOINC_11_03_2011-EX-10.1-STRATEGIC ALLIANCE AGREEMENT,Warranty Duration,Supply of drugs/medications and spare parts during and after the warranty period.,12
9140,"ARMSTRONGFLOORING,INC_01_07_2019-EX-10.2-INTELLECTUAL PROPERTY AGREEMENT",Covenant Not To Sue,"Arizona acknowledges and agrees that (a) the Company and its Affiliates own the Company Licensed IP, (b) neither Arizona, nor its Affiliates or its Sublicensees, will acquire any ownership rights in the Company Licensed IP, and (c) Arizona shall not represent or make any claim that it has an ownership interest in any Company Licensed IP. W",57
3374,DigitalCinemaDestinationsCorp_20111220_S-1_EX-10.10_7346719_EX-10.10_Affiliate Agreement,Uncapped Liability,"EXCEPT IN CONNECTION WITH A BREACH OF ARTICLE XIV HEREUNDER, AND WITH THE EXCEPTION OF THE  INDEMNIFICATION OBLIGATIONS OF THE PARTIES UNDER ARTICLE X, THE AGGREGATE TOTAL LIABILITY OF EITHER PARTY TO  THE OTHER PARTY AND TO ALL OTHER PERSONS AND ENTITIES UNDER THIS AGREEMENT SHALL UNDER NO CIRCUMSTANCES  EXCEED THE AMOUNT OF THE NET REVENUE RECEIVED BY NCM PURSUANT TO SECTION 7.2 OF THIS AGREEMENT DURING THE FIVE  (5) YEAR PERIOD PRECEDING SUCH LIABILITY, LESS IN ANY CASE THE AGGREGATE OF ANY AMOUNTS PAID BY NCM HEREUNDER  ON ACCOUNT OF PREVIOUS EVENTS OF LIABILITY.",95
12264,LiquidmetalTechnologiesInc_20200205_8-K_EX-10.1_11968198_EX-10.1_Development Agreement,Joint Ip Ownership,"New Alloy Technologies that have been developed by cooperation of the Parties shall be jointly and equally owned by the Parties, and any royalties for the use thereof by third parties shall be shared equitably between the Parties",38
5182,"BABCOCK_WILCOXENTERPRISES,INC_08_04_2015-EX-10.17-INTELLECTUAL PROPERTY AGREEMENT between THE BABCOCK _ WILCOX COMPANY and BABCOCK _ WILCOX ENTERPRISES, INC.",Covenant Not To Sue,"SpinCo hereby covenants not to sue RemainCo under any Licensed SpinCo Know-How and under SpinCo's right, title and interest in and to Shared Library Materials and Foundational Software, including, without limitation, all applicable Patents, Copyrights, and Know-How, for infringement or misappropriation based upon any action that occurs in connection with the continued operation of the RemainCo Business and any future extensions of the RemainCo Business in any field other than the SpinCo Core Field after the Distribution Date",78
2451,SPARKLINGSPRINGWATERHOLDINGSLTD_07_03_2002-EX-10.13-SOFTWARE LICENSE AND MAINTENANCE AGREEMENT,No-Solicit Of Employees,"During the term of this Agreement and for a period of one year thereafter, both parties agree not to hire or allow its respective affiliates to hire any employee of the other party, or any person who was an employee of the other party during the previous six months and who was directly involved in the provision of services under this Agreement.",62
10708,ENTRUSTINC_07_24_1998-EX-10.5-STRATEGIC ALLIANCE AGREEMENT,Affiliate License-Licensor,"Subject to the terms and               --------------------------------                           conditions of this Agreement, NTL, to the extent of its legal right to do so, hereby grants to Entrust under the Nortel Patents, a non-transferable, non- assignable, indivisible, non-exclusive, royalty-free, worldwide license for Licensed Products and Licensed Services.",44
6823,QuantumGroupIncFl_20090120_8-K_EX-99.2_3672910_EX-99.2_Hosting Agreement,Irrevocable Or Perpetual License,"IBM grants Customer an irrevocable, nonexclusive, worldwide, paid-up license to use, execute, reproduce, display, and perform copies of such Materials and distribute within Customer's Affiliates only.",26
1945,RareElementResourcesLtd_20171019_SC 13D_EX-99.4_10897534_EX-99.4_Intellectual Property Agreement,Affiliate License-Licensee,"Such rights to Investor Improvements shall be solely for use by the Company and its Affiliates and shall not be transferable to any Third Party, except in connection with a merger, consolidation, or the sale or transfer of substantially all of Company's assets associated with performance under this IP Agreement.",50
10249,"INNOVIVA,INC_08_07_2014-EX-10.1-COLLABORATION AGREEMENT",Joint Ip Ownership,"Subject to the terms of this Agreement, including without limitation Section 2.2, Theravance grants to GSK, and GSK accepts, an exclusive (except as to Theravance and its Affiliates) license in the Field under the Theravance Patents, Theravance Know-How and Theravance's rights in the Joint Inventions to make, have made, use and Develop Collaboration Products for Commercialization in the Territory.",59
11490,"BERKELEYLIGHTS,INC_06_26_2020-EX-10.12-COLLABORATION AGREEMENT",No-Solicit Of Employees,"Neither Party will, [REDACTED], directly or indirectly with or through any Person, solicit for employment any Person who is an employee of the other Party; provided, however, that general solicitation of the public for employment shall not constitute a solicitation hereunder so long as such general solicitation is not designed to target any such Person.",55
2944,ReedsInc_20191113_10-Q_EX-10.4_11888303_EX-10.4_Development Agreement,Uncapped Liability,"EXCEPT WITH RESPECT TO THE INDEMNIFICATION OBLIGATIONS SET FORTH IN SECTION 9 WITH REGARD TO CLAIMS BY THIRD PARTIES, IN NO EVENT SHALL EITHER PARTY BE LIABLE FOR CONSEQUENTIAL, INDIRECT, INCIDENTAL, SPECIAL, EXEMPLARY, PUNITIVE OR ENHANCED DAMAGES, LOST PROFITS OR REVENUES OR DIMINUTION IN VALUE ARISING OUT OF, RELATING TO, OR IN CONNECTION WITH ANY BREACH OF THIS AGREEMENT OR CLAIM HEREUNDER, REGARDLESS OF (A) WHETHER SUCH DAMAGES WERE FORESEEABLE, (B) WHETHER OR NOT IT WAS ADVISED OF THE POSSIBLITY OF SUCH DAMAGES, AND (C) THE LEGAL OR EQUITABLE THEORY (CONTRACT, TORT OR OTHERWISE) UPON WHICH THE CLAIM IS BASED.",100
9393,NEONSYSTEMSINC_03_01_1999-EX-10.5-DISTRIBUTOR AGREEMENT_New,Warranty Duration,Licensee  shall pay for all services rendered by Licensor in connection with the  Licensed Products or Documentation that are not covered or at that time are  no longer covered by the warranty described in this Agreement.,36
6551,ULTRAGENYXPHARMACEUTICALINC_12_23_2013-EX-10.9-SUPPLY AGREEMENT,Notice Period To Terminate Renewal,"Thereafter, the Agreement shall be automatically renewed for additional two year periods (each a ""Renewal Term"", the Initial Term and all Renewal Terms, the ""Term"") unless either Party notifies the other Party of its intention not to renew in writing at least three calendar months before the expiration of the then current Term.",53
10662,ADAPTIMMUNETHERAPEUTICSPLC_04_06_2017-EX-10.11-STRATEGIC ALLIANCE AGREEMENT,Joint Ip Ownership,"As between the Parties, Adaptimmune will have the first right to prepare, file, prosecute, maintain, enforce and defend all U.S. and foreign patents, registrations and other forms of intellectual property in any jointly-owned Invention using patent counsel of its choice that is subject to the written approval of MD Anderson not to be unreasonably withheld and at the sole cost and expense of Adaptimmune, with accounting to MD Anderson.",69
12076,"VIRTUALSCOPICS,INC_11_12_2010-EX-10.1-STRATEGIC ALLIANCE AGREEMENT",Most Favored Nation,"During the Term of this Agreement, except as otherwise permitted by this Section 3(a)(v), VS agrees that it shall not enter into the same or substantially similar Commitments with any other company or entity which performs clinical research services the same or similar to those provided by PPD or any PPD affiliate (collectively, ""PPD Competitor""), nor shall VS provide preferred pricing to a PPD Competitor which is better than that provided by VS hereunder to PPD.",76
6892,"PHREESIA,INC_05_28_2019-EX-10.18-STRATEGIC ALLIANCE AGREEMENT",Affiliate License-Licensee,"Subject to the terms and conditions of this Agreement, the Company hereby grants to Allscripts and its Affiliates a non-exclusive, royalty- free, irrevocable [REDACTED] non-transferable (except in accordance with Section 28.4), sublicensable (through multiple levels of sublicensees), fully paid- up right and license under all of the Company's Intellectual Property to use the Company's brands, trademarks, product and service names, logos and slogans (the ""Company Marks""), throughout the Territory, solely in connection with the marketing, selling, or provision of the Installed Software and the Subscription Software Services and Merchant Processing Services permitted hereunder or to otherwise fulfill the terms of this Agreement.",102
7725,CoherusBiosciencesInc_20200227_10-K_EX-10.29_12021376_EX-10.29_Development Agreement,Affiliate License-Licensee,"For those countries where a specific license is required for a joint owner of a Joint Invention or Joint Improvement to practice such Joint Invention or Joint Improvement, in such country, each Party hereby grants to the other Party a perpetual, irrevocable, non-exclusive, worldwide, royalty-free, fully paid-up license, transferable and sublicensable, under such Party's right, title and interest in and to such Joint Invention or Joint Improvement to freely exploit such Joint Invention or Joint Improvement in such country, subject to the terms and conditions of this Agreement and the licenses granted hereunder.",93
987,LOYALTYPOINTINC_11_16_2004-EX-10.2-RESELLER AGREEMENT,Competitive Restriction Exception,"In any Contract Year                   in which Schoolpop fails to fund the Guaranteed Minimum, AEIS                   shall have the right, in its sole discretion, to (a) terminate                   the Agreement or (b) revoke the exclusivity.",32
43,LIMEENERGYCO_09_09_1999-EX-10-DISTRIBUTOR AGREEMENT,Warranty Duration,"If Company does not give Annual                            Notice  pursuant to Section  3.1 hereof,  Distributor                            may, within 90 days of  modification,  improvement or                            alteration,  return the Products to the Company.",28
9703,"DUOSTECHNOLOGIESGROUP,INC_04_21_2009-EX-10.1-STRATEGIC ALLIANCE AGREEMENT",Third Party Beneficiary,"Except as set forth in Sections 10.3 and 10.4, nothing in this Agreement is intended to confer  benefits, rights or remedies unto any person or entity other than the Parties and their permitted successors and assigns.",36
3227,ANIXABIOSCIENCESINC_06_09_2020-EX-10.1-COLLABORATION AGREEMENT,Affiliate License-Licensor,"OntoChem hereby grants to Anixa a non-exclusive, fully paid-up, royalty-free, perpetual, irrevocable, transferable, worldwide license (with the right to grant and authorize sublicenses through multiple tiers) under any patents which OntoChem or any of its Affiliates own or control during the term of this Agreement, to make, have made, use, sell, offer for sale and import the Lead Scaffold(s) and products that incorporate compounds from the Lead Scaffold(s).",68
3398,VERTICALNETINC_04_01_2002-EX-10.19-MAINTENANCE AND SUPPORT AGREEMENT,No-Solicit Of Employees,"During the Term of this Agreement and for a period of one year thereafter, Converge and Vert each agree not to directly or indirectly solicit, encourage or cause others to solicit or encourage any employees or individual independent contractors of the other party to terminate their employment or independent contracting relationship with the other party and become an employee or independent contractor of the soliciting party or its Affiliate. This provision does not prohibit a party's responding to unsolicited employment inquiries and/or any",83
11750,InvendaCorp_20000828_S-1A_EX-10.2_2588206_EX-10.2_Co-Branding Agreement,No-Solicit Of Customers,Application Provider will not solicit any Excite@Home Member on             behalf of any Excite@Home Named Competitor during the Term of this             Agreement or thereafter.,23
11487,"BERKELEYLIGHTS,INC_06_26_2020-EX-10.12-COLLABORATION AGREEMENT",Competitive Restriction Exception,"During the Term and for a period of [REDACTED] ([REDACTED]) months following the Term of this Agreement, other than pursuant to Sections 13.3.2 (Effects of Termination Based Upon Ginkgo's Buy-Down Election) or 13.3.3 (Effects of Termination Based Upon an Uncured Ginkgo Breach, Insolvency or Force Majeure Event), BLI shall not, and shall cause its Affiliates not to, directly or indirectly, itself or with or through a Third Party, develop, configure, customize, license, sell, provide or otherwise give access to the Beacon Platform or any [REDACTED] to, [REDACTED] or its Affiliates for any use; provided that this restriction shall terminate as set forth in Section 13.3 (Effects of Expiration or Termination) or if Ginkgo has not satisfied its Minimum Cumulative Purchase Commitments (as such may be adjusted under this Agreement) for a full Contract Year, including [REDACTED] as permitted under Section 7.2.2(a) (Minimum Cumulative Purchase Commitments) or Section 7.2.2(b)(iii) (Development Purchase Commitments); provided that BLI will provide written notice to Ginkgo within [REDACTED] ([REDACTED]) days of the end of any Contract Year with respect to which BLI believes that Ginkgo has not satisfied its Minimum Cumulative Purchase Commitment.",187
6457,"THERAVANCEBIOPHARMA,INC_05_08_2020-EX-10.2-SERVICE AGREEMENT",Non-Disparagement,makes any statement or other form of communication that disparages or undermines the goodwill or reputation of any Group Company.,20
7319,ImineCorp_20180725_S-1_EX-10.5_11275970_EX-10.5_Distributor Agreement,Warranty Duration,"The Distributor shall have thirty (30) days (the ""Inspection Period"") upon receipt of each shipment to inspect and test the Products.",21
4157,AMERICASSHOPPINGMALLINC_12_10_1999-EX-10.2-SITE DEVELOPMENT AND HOSTING AGREEMENT,Notice Period To Terminate Renewal,"This Agreement shall be automatically renewed for an additional one year period on each anniversary of the Effective Date, unless terminated by either Party hereto upon ninety (90) days written notice to the other.",34
5910,ZogenixInc_20190509_10-Q_EX-10.2_11663313_EX-10.2_Distributor Agreement,Affiliate License-Licensor,"""Data"" means any and all scientific, technical or test data pertaining to the Product in the Field that is generated by or under the authority of Distributor or its Affiliates, Sub-distributors or other subcontractors or by or under the authority of Zogenix or Zogenix ex-Territory Distributors before or during the Term, including research data, clinical pharmacology data, CMC data (including analytical and quality control data and stability data), preclinical data, clinical data and all submissions made in association with an IND or MAA filed in or outside the Territory with respect to the Product in the Field, in each case to the extent such data either (a) is Controlled by Zogenix on the Effective Date or (b) comes within a Party's Control during the Term.",125
9366,NEONSYSTEMSINC_03_01_1999-EX-10.5-DISTRIBUTOR AGREEMENT_New,Notice Period To Terminate Renewal,"This Agreement shall be effective until the earlier of (a) its termination in accordance with the provisions of this Article 14 or (b) the date that is two (2) years after the date of this Agreement; provided, however, that this Agreement will renew automatically for successive terms of one (1) year each unless a party to this Agreement delivers written notice of termination to the other party to this Agreement at least sixty (60) days prior to the end of the original or any renewal term or the parties to this Agreement do not agree in writing to the Quota Amount referred to in subsection 14.2(b)(1) for any one (1) year renewal term at least sixty (60) days prior to the commencement of such term.",125
943,SENMIAOTECHNOLOGYLTD_02_19_2019-EX-10.5-Collaboration Agreement,Liquidated Damages,"If Party B shall pay liquidated damages for breach of this Agreement or violation of the platform rules, Party A is entitled to request Party B to pay the liquidated damages.",31
11028,GarrettMotionInc_20181001_8-K_EX-2.4_11364532_EX-2.4_Intellectual Property Agreement,Affiliate License-Licensor,"Hence, as of the Distribution Date, Honeywell hereby grants, and agrees to cause the members of the Honeywell Group to hereby grant, to SpinCo and the members of the SpinCo Group a non-exclusive, royalty-free, fully-paid, perpetual, sublicenseable (solely to Subsidiaries and suppliers for ""have-made"" purposes), worldwide license to use and exercise rights under the Honeywell Shared IP (excluding Trademarks, the Honeywell Content and the subject matter of any other Ancillary Agreement), said license being limited to use of a similar type, scope and extent as used in the SpinCo Business prior to the Distribution Date and the natural growth and development thereof.",102
2180,INTERNATIONALFASTFOODCORP_04_04_1997-EX-99-FRANCHISE AGREEMENT,Competitive Restriction Exception,"The Franchisee will not attempt,  directly or  indirectly,  to entice or induce any employee of BKC or of an  Affiliate  of BKC or of  another  franchisee  of BKC to leave such employment,  nor to employ such employee  within six (6) months after his or her termination  of  employment  with such  employer,  except with the prior written consent of such employer.",60
9638,OFGBANCORP_03_28_2007-EX-10.23-OUTSOURCING AGREEMENT,Liquidated Damages,"Customer may elect to terminate this Agreement for any reason upon six months written notice to Metavante, provided Customer shall pay Metavante the ""Termination Fee"" defined and computed in accordance with the table below.",34
6285,"HOSPITALITYINVESTORSTRUST,INC_04_07_2014-EX-10.26-FRANCHISE AGREEMENT",Liquidated Damages,"If there are less than sixty (60) months remaining in the Term on the date of termination, you will pay us Liquidated Damages in an amount calculated by dividing the sum of the Monthly Royalty Fees due to us under this Agreement for the prior twenty-four (24) month period by twenty-four (24) and then multiplying the resulting sum by the number of months remaining in the Term.",67
9054,FIBROGENINC_10_01_2014-EX-10.11-COLLABORATION AGREEMENT,Liquidated Damages,"In the event of (a) a termination by Astellas under Section 18.6 during the period from the execution of this Agreement until the last to expire of the FG Patents, or (b) by FG under Section 18.2.1, 18.2.2, 18.2.4 or 18.2.5 hereof, Astellas shall, upon the effective date of such termination, pay to FG (i) a termination fee of $[ * ] U.S. dollars and (ii) any payments to which FG is otherwise entitled to receive hereunder in the period from the date of such termination notice until the [ * ].",92
4439,ENTERTAINMENTGAMINGASIAINC_02_15_2005-EX-10.5-DISTRIBUTOR AGREEMENT,No-Solicit Of Employees,"Vendor agrees that, without the prior written consent of the Distributor, for a period beginning from the date of this Agreement and ending three (3) years after the termination of this Agreement, neither Vendor nor any of its affiliates or representatives will: (1) employ or solicit to employ any of the employees of Distributor; or (2) encourage of the employees of the Distributor or its subsidiaries to leave the employment of Distributor; provided, however, this Section shall not apply to any such employee who has been terminated by or left the employment of Distributor prior to the Effective Date or, if employed by Distributor as of the Effective Date, any employee who has not been employed by Distributor for at least one (1) year after the end of such employment.",130
11390,BIOAMBERINC_04_10_2013-EX-10.34-DEVELOPMENT AGREEMENT (1),Competitive Restriction Exception,"Notwithstanding the above,  Bioamber shall be permitted to evaluate other biocatalysts, but shall not undertake development of such biocatalysts.",19
3288,HarpoonTherapeuticsInc_20200312_10-K_EX-10.18_12051356_EX-10.18_Development Agreement,Joint Ip Ownership,"Each Party shall promptly disclose to the other Party in writing, and shall cause its Affiliates, licensees and sublicensees to so disclose, the development, making, conception or reduction to practice of any Joint Know-How or Joint Patents.",37
7954,RandWorldwideInc_20010402_8-KA_EX-10.2_2102464_EX-10.2_Co-Branding Agreement,Joint Ip Ownership,The parties hereby acknowledge and agree that any and all rights to Know-How developed or shared under this Agreement by either party shall be jointly owned by the parties and may be used by either party in the operation of their respective businesses during and following termination of this Agreement.,50
11085,EmbarkComInc_19991008_S-1A_EX-10.10_6487661_EX-10.10_Co-Branding Agreement,Competitive Restriction Exception,"For the avoidance of doubt, the parties acknowledge that the foregoing restriction applies only to persistent sponsorship placement as judged by Sponsor at its discretion, and not to run-of-site banner advertisements or other rotating promotional placements.",36
1288,"Zounds Hearing, Inc. - MANUFACTURING DESIGN MARKETING AGREEMENT",Competitive Restriction Exception,"During the term hereof and for a period of five (5) years thereafter, each Party agrees not to, either directly or indirectly, for itself or on behalf of any other person, firm, partnership, corporation or other entity hire, solicit, contract for, attempt to solicit, or cause to be solicited, the employment or services of any current or previous employee of the other Party (unless a period of sixty months has elapsed from the last date that such employee was employed by such party) without the prior written consent of such other Party.",92
9980,STAMPSCOMINC_06_24_1999-EX-10.18-SPONSORSHIP AGREEMENT,Competitive Restriction Exception,"Notwithstanding the above, Intuit may include editorial content or tools      about or from a Client Competitor and include Client Competitors in      directory listings.",23
5739,NeoformaInc_19991202_S-1A_EX-10.26_5224521_EX-10.26_Co-Branding Agreement,Competitive Restriction Exception,"Notwithstanding the foregoing, VerticalNet's activities in connection with its ""Storefronts"" and ""E-Commerce Centers"" (as conducted today, in a fashion substantially similar to the manner in which such activities are conducted today or as otherwise mutually agreed upon by the parties, which agreement shall not be unreasonably withheld or delayed) shall not be considered to be a breach of Section 2.1  [MEDICAL PRODUCTS], 2.2  [MEDICAL PRODUCTS] or 2.3  [MEDICAL PRODUCTS].",69
6945,"Array BioPharma Inc. - LICENSE, DEVELOPMENT AND COMMERCIALIZATION AGREEMENT",Joint Ip Ownership,"against Third Party products in the Ono Territory that infringe the Joint Patents but that are not ""Infringing Products"", the Parties shall discuss and agree at the time when the Parties consult with respect to the strategy of such enforcement action in response to such Third Party infringement.",48
10751,NATIONALPROCESSINGINC_07_18_1996-EX-10.4-SPONSORSHIP AGREEMENT,Notice Period To Terminate Renewal,This Agreement shall automatically renew for successive one-year terms unless one party gives the other party written notice of non-renewal at least six months prior to automatic renewal.,28
2291,NANOPHASETECHNOLOGIESCORP_11_01_2005-EX-99.1-DISTRIBUTOR AGREEMENT,Notice Period To Terminate Renewal,The initial term of this Agreement shall be for a period of five (5) years from the date first set forth above and shall thereafter automatically renew for additional two (2) year terms unless a party provides the other party with notice of non-renewal no less than 6 months prior to the expiration of the initial term or any renewal term unless earlier terminated as follows:,66
8645,"CORALGOLDRESOURCES,LTD_05_28_2020-EX-4.1-CONSULTING AGREEMENT",Liquidated Damages,"This Agreement can be terminated at any time prior to the expiry of the Term, as follows:",17
4292,MRSFIELDSORIGINALCOOKIESINC_01_29_1998-EX-10-FRANCHISE AGREEMENT,No-Solicit Of Employees,"(2) Recruit or hire any employee who, within the immediately  preceding          six (6) month period,  was employed by Pretzel Time or any Pretzel Time          Unit operated by Pretzel Time, its Affiliates or another  franchisee or          licensee  of  Pretzel  Time,   without   obtaining  the  prior  written          permission of Pretzel Time or such franchisee.",51
10327,MANAKOASERVICESCORP_11_21_2007-EX-7.5-STRATEGIC ALLIANCE AGREEMENT,No-Solicit Of Employees,"MKOS agrees that for a twenty four months (24) following the execution of this Agreement, MKOS shall not, without UTEK's prior written consent, directly or indirectly solicit for employment any present employee of UTEK, or request, induce or advise any employee of UTEK to leave the employ of UTEK",49
5976,LeadersonlineInc_20000427_S-1A_EX-10.8_4991089_EX-10.8_Co-Branding Agreement,Uncapped Liability,"Except for claims under Sections 11.4  [Indemnification by LeadersOnline] and 11.5  [Indemnification by VerticalNet] hereof, neither Party may bring a claim or action regardless of form, arising out of or related to",32
3183,AlliedEsportsEntertainmentInc_20190815_8-K_EX-10.34_11788308_EX-10.34_Sponsorship Agreement,Non-Disparagement,"Each Party covenants that it shall not make, publish or communicate to any person or entity in any online or other public forum any defamatory, misleading or disparaging remarks, comments or statements concerning (a) the other Party or any of its affiliates, or any of such Party's or its affiliates' respective employees, officers, directors, agents, officials, equity holders, investors or sponsors, or (b) any software, products or services of the other Party or any affiliate.",75
4291,MRSFIELDSORIGINALCOOKIESINC_01_29_1998-EX-10-FRANCHISE AGREEMENT,No-Solicit Of Employees,"Franchisee  therefore agrees that  during the term of the  Franchise  Agreement,  or the period of time which Franchisee operates a Unit under this Agreement,  whichever is shorter,  neither Franchisee  nor  any  Affiliate,  immediate  family  member,  or  in  the  event Franchisee is a corporation

any Owner thereof and member of his immediate  family or in the event  Franchise is a partnership any partner  (general or limited) thereof and any member of his immediate family, shall:",74
7210,AFSALABANCORPINC_08_01_1996-EX-1.1-AGENCY AGREEMENT,Liquidated Damages,"In the event the closing  does not occur,  the  Conversion  is terminated  or  otherwise  abandoned,   or  the  terms  of  the  Conversion  are substantially  amended  so as to  materially  and  adversely  change the role of Capital  Resources,  Capital  Resources  shall be reimbursed  for all reasonable legal fees and  out-of-pocket  expenses for  rendering  financial  advice to the Association  concerning the structure of the Conversion,  preparing a market and financial analysis, performing due diligence and assisting in the preparation of the Application for Conversion and the  Registration  Statement,  which shall be paid upon such termination, abandonment or amendment or within five days of such event.",102
9435,TELKOMSALTD_01_30_2003-EX-10-LICENCE AND MAINTENANCE AGREEMENT,Source Code Escrow,"have a non-exclusive, non-transferable LICENCE to use the source code solely for   its own USE in order to support and maintain the SOFTWARE and for no other   purpose whatsoever.",29
11429,PrudentialBancorpInc_20170606_8-K_EX-10.4_10474434_EX-10.4_Endorsement Agreement,Third Party Beneficiary,"Upon the death of the Employee while this Agreement is in force, the Employee's beneficiary as named in the Beneficiary Designation Form on page 6 (or as it may be amended according to the terms set forth on page 6) for this Agreement will be entitled to receive from the Policy proceeds an amount equal to the lesser of: (a) (two (2) times the Employee's annualized base salary at the time of death as provided by the Employer's payroll department) plus $100,000, reduced by any amount payable under the Employer's group term life insurance plan, or (b) the Net Amount At Risk.",102
11752,InvendaCorp_20000828_S-1A_EX-10.2_2588206_EX-10.2_Co-Branding Agreement,Competitive Restriction Exception,"Agreement to the Launch Date for the Co-Branded Application, as             hereinafter defined, Application Provider may use Payment Eligible             User Data to solicit User traffic to the co-branded area currently             in place at http://coupons.excite.com pursuant to the Sponsorship             Agreement effective March 5, 1999 in force between the parties.",47
7432,SigaTechnologiesInc_20190603_8-K_EX-10.1_11695818_EX-10.1_Promotion Agreement,Affiliate License-Licensee,"Except for the subcontractors appointed by MMT as of the Effective Date as listed on Exhibit A attached hereto, MMT may not grant sublicenses of the rights and licenses granted to it in Section 2.1(a) to any Affiliate (including Pfizer or any Affiliate of Pfizer) or Third Party without the prior written approval of SIGA (such approval not to be unreasonably withheld).",62
9675,"DUOSTECHNOLOGIESGROUP,INC_04_21_2009-EX-10.1-STRATEGIC ALLIANCE AGREEMENT",Notice Period To Terminate Renewal,"Unless terminated sooner, the term of this Agreement shall begin on the Effective Date and continue for three (3) years  thereafter (the ""Initial Term"") and shall automatically renew for additional one (1) year terms on the terms and conditions set forth herein (each a  ""Renewal Term"" and collectively, the ""Term"") unless either party gives the other Party Notice of its intention to terminate this Agreement ninety  (90) days before the end of the Initial Term or Renewal Term, if any.",80
5505,BUFFALOWILDWINGSINC_06_05_1998-EX-10.3-FRANCHISE AGREEMENT,Third Party Beneficiary,Other System franchisees shall be deemed third party beneficiaries of such.,11
1211,ImpresseCorp_20000322_S-1A_EX-10.11_5199234_EX-10.11_Co-Branding Agreement,Uncapped Liability,"hereof, neither party may bring a claim or action regardless of form, arising out of or related to this Agreement, including any claim of fraud or misrepresentation, more than two years after the cause of action accrues or becomes known, whichever is later.",43
757,PfHospitalityGroupInc_20150923_10-12G_EX-10.1_9266710_EX-10.1_Franchise Agreement1,No-Solicit Of Customers,You may not enter into any relationship with a Major Account customer that we deem to conflict with the customer's Major Account arrangement with us.,25
4716,PareteumCorp_20081001_8-K_EX-99.1_2654808_EX-99.1_Hosting Agreement,Liquidated Damages,"In case of violation of this article, the Party shall pay to the other Party an equivalent of eighteen (18) months gross salary of the respective employee.",27
11485,"BERKELEYLIGHTS,INC_06_26_2020-EX-10.12-COLLABORATION AGREEMENT",Competitive Restriction Exception,"Ginkgo under this Agreement (including under Section 6.1 (Headstart Period) and Section 9.1 (Licenses to Ginkgo)), nothing in this Agreement shall otherwise limit, prohibit or preclude BLI from developing, configuring, customizing, licensing, selling or providing the Beacon Platform or Collaboration Workflows for itself or to a Third Party for any uses or otherwise entering into a business or advisory arrangement with any Third Party.",64
4562,SUMMAFOURINC_06_19_1998-EX-10.3-SOFTWARE LICENSE AND MAINTENANCE AGREEMENT,Source Code Escrow,"The following events shall constitute ""Source Code Access Conditions"": (i) D2's insolvency, general assignment for the benefit of creditors, or ceasing to do business, or (ii) D2's failure or inability to meet its warranty, maintenance and support obligations under Article 6, or its warranty obligations under Article 8.3, within fifteen days after written notice by LICENSEE to D2 of D2's failure to meet such obligations, or (iii) termination of this Agreement by LICENSEE pursuant to Articles 9.3 and 9.4, or (iv) as needed by LICENSEE for fault isolation.",88
3465,ACCURAYINC_09_01_2010-EX-10.31-DISTRIBUTOR AGREEMENT,Uncapped Liability,"Without affecting Section 10 or the respective obligations of the parties under the Confidentiality Agreement and except  for any liability (i) relating to any breach associated with the unauthorized use of Intellectual Property, (ii) arising from the  intentional breach or willful misconduct of a party, or (iii) arising from the non-compliance with any mandatory applicable law or  regulation, the total aggregate liability of one party to another party for any claim relating to any breach of this Agreement (or any  Purchase Order or other agreement entered into in connection with this Agreement) (a ""Claim"") shall be limited to the aggregate  amount of the purchase prices paid by Distributor to Accuray for Products pursuant to this Agreement (or any Purchase Order or  other Agreement entered into in connection with this Agreement) during the twelve calendar months preceding the date of the  notification to the other party of such Claim less any amounts paid or payable in respect of any other Claim of which the other party  was notified during such twelve month period.",172
9038,FIBROGENINC_10_01_2014-EX-10.11-COLLABORATION AGREEMENT,Affiliate License-Licensor,"FG shall have access to and the right to use for any purpose, any Data developed by or on behalf of Astellas or its Affiliates or Sublicensees in the course of the Development Program with respect to indications within the Field for Lead Compounds.",44
8567,SmartRxSystemsInc_20180914_1-A_EX1A-6 MAT CTRCT_11351705_EX1A-6 MAT CTRCT_Distributor Agreement,Non-Disparagement,"Termination by Company under this Section 12.2 shall be effective sixty (60) days following Company's giving of notice to Distributor if the occurrence giving rise to the right of termination has not been cured, or immediately in the event of a breach of Section 6 regarding Non-Disclosure of Confidential Information or Section 7.1 regarding conduct injurious to Company's reputation.",59
2182,INTERNATIONALFASTFOODCORP_04_04_1997-EX-99-FRANCHISE AGREEMENT,Non-Disparagement,"The Franchisee  will not directly or indirectly,  at any time during the term of this Agreement or thereafter,  do or cause to be done any act or thing  disputing,  attacking or in any way impairing the validity of and BKC's right,  title or interest in the Burger King Marks and the Burger King System.",54
664,ZEBRATECHNOLOGIESCORP_04_16_2014-EX-10.1-INTELLECTUAL PROPERTY AGREEMENT,Affiliate License-Licensee,"Each Purchaser Licensee may grant sublicenses of the licenses granted to it pursuant to Section 2.2: (i) to any (for the avoidance of doubt, and without limiting any other provision of this IP Agreement, current or future) direct or indirect Subsidiary of Purchaser (but only for so long as such Person remains such a Subsidiary); (ii) to any other Person in connection with the sale or disposition of substantially all of the assets of a business or product line of any Purchaser Licensee; (iii) other than with respect to Section 2.2(a), for the purpose of any Person's (including resellers, distributors, and OEMs) distribution of products licensed under Section 2.2; (iv) other than with respect to Section 2.2(a), to any Person (including OEMs, JDMs, suppliers, contractors, and subcontractors) solely for the purpose of, and to the extent necessary for, such Person to perform any service (including any service with respect to the design, manufacture, import, export, or supply of any product, service, or system in the Business or any components thereof) for a Purchaser Licensee, and not for the direct benefit of such Person or any other Person, (v) other than with respect to Section 2.2(a), to a customer of a Purchaser Licensee for such customer's use of a product licensed under Section 2.2; or (vi) other than with respect to Section 2.2(a), with respect to Software, to any Person for the purpose of such Person's development of Software that is compatible or interoperates with a product licensed under Section 2.2.",250
9779,"GSITECHNOLOGYINC_11_16_2009-EX-10.2-INTELLECTUAL PROPERTY AGREEMENT between SONY ELECTRONICS INC. and GSI TECHNOLOGY, INC.",Affiliate License-Licensor,"Transferred Assets, and to make, have made, use, offer to sell, sell, otherwise dispose of, and import Competing Products (including, without  limitation, SRAM Products).",24
5431,BUFFALOWILDWINGSINC_06_05_1998-EX-10.3-FRANCHISE AGREEMENT,Notice Period To Terminate Renewal,We shall give you written notice of our election not to renew the franchise at least three (3) months prior to the expiration of the initial or first renewal term of this Agreement.,33
737,GLOBALTECHNOLOGIESLTD_06_08_2020-EX-10.16-CONSULTING AGREEMENT,No-Solicit Of Customers,"he Company further agrees that neither it nor its employees, affiliates or assigns, shall enter into, or otherwise arrange (either for it/him/herself, or any other person or entity) any business relationship, contact any person regarding such Opportunity, either directly or indirectly, or any of its affiliates, or accept any compensation or advantage in relation to such Opportunity except as directly though Consultant, without the prior written approval of Consultant.",69
10979,TRICITYBANKSHARESCORP_05_15_1998-EX-10-OUTSOURCING AGREEMENT,Liquidated Damages,"Customer may terminate this Agreement during the Term upon at least one (1) years' written notice to M&I, provided that Customer pays M&I an early termination fee (""Termination for Convenience Fee"") in an amount equal to REDACTED of the Estimated Remaining Value.",42
986,LOYALTYPOINTINC_11_16_2004-EX-10.2-RESELLER AGREEMENT,Competitive Restriction Exception,"Notwithstanding the foregoing, Schoolpop                   shall fund from AEIS a minimum of $52,000,000 of Cards (the                   ""Guaranteed Minimum"") in each Contract Year in order to                   maintain the exclusive right to sell Cards in the NPO                   Marketplace.",35
7946,RandWorldwideInc_20010402_8-KA_EX-10.2_2102464_EX-10.2_Co-Branding Agreement,No-Solicit Of Customers,"During the Term of this Agreement, and for a period of one year thereafter, except as expressly provided in this Agreement, PlanetCAD shall not market any services to Customers without the prior written approval of Dassault Systemes.",37
13060,JOINTCORP_09_19_2014-EX-10.15-FRANCHISE AGREEMENT,Non-Disparagement,"You further agree to refrain from any business or advertising practice that may be harmful to the business of the Company, the Franchise, and/or the goodwill associated with the Marks and other The Joint Corp. franchises.",36
9500,"FIDELITYNATIONALINFORMATIONSERVICES,INC_08_05_2009-EX-10.3-INTELLECTUAL PROPERTY AGREEMENT",Affiliate License-Licensee,"Without limiting the foregoing, Certegy hereby grants, and will cause





the other members of the Certegy Group to grant, to Equifax a fully paid, non- exclusive, perpetual, worldwide, transferable license to use, modify, improve, create Derivative Works from, and sublicense, the Utility Software Programs (in both object and source code format) identified on Exhibit L as being owned by Certegy or a member of the Certegy Group for any and all fields of use and to any and all Persons.",80
3757,URSCORPNEW_03_17_2014-EX-99-COOPERATION AGREEMENT,Non-Disparagement,"The Company agrees that, from the date of this Agreement until the earliest of (i) the date that is thirty (30) calendar days prior to any applicable deadline by which a shareholder must give notice to the Company of its intention to nominate a director for election at or bring other business before the 2015 Annual Meeting under the Company's By­Laws and (ii) any material breach of this Agreement by JANA (provided that JANA shall have three (3) business days following written notice from the Company of material breach to remedy such material breach if capable of remedy), neither it nor any of its Affiliates or Associates will in any manner, directly or indirectly make, or cause to be made, or in any way encourage any other person to make or cause to be made, any statement or announcement that relates to and constitutes an ad hominem attack on, or relates to and otherwise disparages, JANA, any of its members, officers or directors or any person who has served as a member, officer or director of JANA, including: (i) in any document or report filed with or furnished to the SEC or any other governmental agency, (ii) in any press release or other publicly available format or (iii) to any journalist or member of the media (including without limitation, in a television, radio, newspaper or magazine interview), or otherwise.",229
9542,TRUENORTHENERGYCORP_02_08_2007-EX-10.1-DEVELOPMENT AGREEMENT,Liquidated Damages,"By electing not to participate in any Completion attempt, or being deemed not to participate in any Completion attempt, Company shall be deemed to have relinquished to BP, and BP shall own and be entitled to receive, all of Company's interest in the Initial Well and share of production therefrom until the proceeds of the sale of such share, calculated at the well, or market value thereof if such share is not sold (after deducting applicable ad valorem, production, severance, windfall profits, and excise taxes, royalty, overriding royalty and other interests payable out of or measured by the production from the Initial Well accruing with respect to such interest until it reverts), shall equal the total of the following:

  (A) twenty six and one-quarter percent (26.25%) of the Completion Costs associated with the Initial Well and twenty six and one-quarter percent (26.25%) of the cost of any newly acquired surface equipment beyond the wellhead connections (including but not limited to stock tanks, separators, treaters, pumping equipment, piping and metering devices) (i.e., 300% non-consent penalty on a non-promoted basis); and

  (B) eight and three quarters percent (8.75%) of the cost of operation of the Initial Well commencing with first production and continuing until Company's interest shall revert to it in accordance with this Section 2.4 (i.e., 100% non-consent penalty on a non-promoted basis).",222
13692,XinhuaSportsEntertainmentLtd_20070221_F-1_EX-99.4_645553_EX-99.4_Content License Agreement,Affiliate License-Licensee,"(a)  store or cache the Content in one or more host computers controlled           directly or indirectly by XFN or its Affiliates;

     (b)  adapt, translate, modify, reproduce, copy, amend, revise or encode the           Content; and

     (c)  publish, broadcast, distribute, re-distribute, transmit, display, make           available to the public or otherwise exploit the Content in any manner           by any device or in media now or hereafter known.",64
11751,InvendaCorp_20000828_S-1A_EX-10.2_2588206_EX-10.2_Co-Branding Agreement,No-Solicit Of Customers,"In the event that the Agreement is terminated pursuant to Section           16.a.v. due to e-centives' acquisition by an Excite@Home Named           Competitor, or by an entity controlling or controlled by an           Excite@Home Named Competitor, e-centives or its assigns or designates           may not contact any Users for whom User Data has been provided           pursuant to this Agreement, excluding those that have opted out in           accordance with Section 5(a) of Exhibit D.",69
1394,LegacyEducationAllianceInc_20200330_10-K_EX-10.18_12090678_EX-10.18_Development Agreement,Notice Period To Terminate Renewal,The Term shall automatically renew thereafter for successive 5-year terms unless either party provides prior written notice of termination not less than 90 days prior to the end of such five-year term.,32
5338,"VAPOTHERM, INC. - Manufacturing and Supply Agreement",Notice Period To Terminate Renewal,"The term of this Agreement is three years from and including the date of this Agreement (the ""Initial Term""), with automatic renewal for additional successive one-year terms (each a ""Renewal Term"" and together wit the Initial Term, the ""Term"") unless no later than [* * *] days prior to the end of the Initial Term, or any Renewal Term either party notifies the other that it wishes to terminate this Agreement effective the end of the Initial Term or that Renewal Term, as applicable.",84
2243,BIOCEPTINC_08_19_2013-EX-10-COLLABORATION AGREEMENT,Competitive Restriction Exception,"Life Technologies will be authorized to perform the Professional Component of all Tests sold by the parties, although Biocept may engage other groups in promotion, marketing and performance arrangements for the Tests, at the discretion of Biocept.",37
4467,"Magenta Therapeutics, Inc. - Master Development and Manufacturing Agreement",Notice Period To Terminate Renewal,"This Agreement may be renewed for additional periods of one (1) year (each such additional period, a ""Renewal Term"") unless either Party provides notice of nonrenewal upon not less than [REDACTED DURATION] prior written notice to the other Party.",38
1959,VARIABLESEPARATEACCOUNT_04_30_2014-EX-13.C-UNCONDITIONAL CAPITAL MAINTENANCE AGREEMENT,Notice Period To Terminate Renewal,"AIG shall have the absolute right to terminate this Agreement upon thirty (30) days' prior written notice to the Company, which notice shall state the effective date of termination (the ""Termination Date""); provided, however, that AIG agrees not to terminate this Agreement unless (a) AIG significantly modifies the",48
11486,"BERKELEYLIGHTS,INC_06_26_2020-EX-10.12-COLLABORATION AGREEMENT",Competitive Restriction Exception,Except as provided in this Section 6.2.1 (Restrictions on BLI) and the scope of rights granted to,17
12510,ArmstrongFlooringInc_20190107_8-K_EX-10.2_11471795_EX-10.2_Intellectual Property Agreement,Affiliate License-Licensor,"Subject to the terms and conditions of this Agreement, Arizona hereby grants to the Company a perpetual, non-exclusive, royalty-free license in, to and under the Arizona Licensed Patents for use in the Company Field throughout the world.",37
9256,SoupmanInc_20150814_8-K_EX-10.1_9230148_EX-10.1_Franchise Agreement1,Third Party Beneficiary,You shall include in the standard Unit Franchise Agreement used by you a provision which states that we are a third-party beneficiary to the Unit Franchise Agreement and are entitled to the rights granted in this Section 13.,38
2728,AMERICANPHYSICIANSCAPITALINC_03_31_2003-EX-10.26-AGENCY AGREEMENT,No-Solicit Of Customers,"In return for this payment, for a two-year period following                   the termination date, Agency will not directly or indirectly                   sell any professional liability insurance to any individuals                   or entities who were MICOA insureds in Nevada at the time of                   termination of this Agreement.",43
9683,"DUOSTECHNOLOGIESGROUP,INC_04_21_2009-EX-10.1-STRATEGIC ALLIANCE AGREEMENT",No-Solicit Of Employees,"Further, during the Non-Competition Period, ISA shall not  solicit any employee of Rubicon or any employee of any Rubicon Client.",20
13594,MidwestEnergyEmissionsCorp_20080604_8-K_EX-10.2_3093976_EX-10.2_Content License Agreement,Notice Period To Terminate Renewal,"This Agreement shall be automatically renewed for additional extended terms each of two (2) years duration unless either party notifies the other in writing of its intention not to renew the Agreement, such notification to be provided at least ninety (90) days prior to the expiration of the then in-effect term.",51
5085,"CERES,INC_01_25_2012-EX-10.20-Collaboration Agreement",Joint Ip Ownership,"""JOINT INTELLECTUAL PROPERTY"" shall mean (a) all patentable inventions conceived, discovered, developed and/or reduced to practice (i)  jointly by one or more employees, agents, or students of CERES and by one or more employees, agents, or students of IGER in the performance of  any RESEARCH PROJECT(S) or (ii) by one or more employees, agents or students of IGER in the performance of any RESEARCH PROJECT(S) to  the extent CERES provides a financial contribution for such RESEARCH PROJECT, which is not less than twenty-five percent (25%) of either the  overall cost of such RESEARCH PROJECT or of the activity during which the invention was made, unless expressly provided otherwise in a  SCHEDULE; (b) patents, patent applications, plant variety rights, plant variety right applications, reissues, continuations, continuations-in-part  and divisionals claiming such patentable inventions in any country of the world; (c) all trade secrets and copyrighted works created jointly by one  or more employees, agents, or students of CERES and by one or more employees, agents, or students of IGER in the performance of any  RESEARCH PROJECT(S); and (d) all germplasm and plant varieties created in the performance of plant breeding activities in the performance of  any RESEARCH PROJECT(S).",196
12800,"GOOSEHEADINSURANCE,INC_04_02_2018-EX-10.6-Franchise Agreement",No-Solicit Of Employees,"Member covenants and agrees that during the term of the Franchise Agreement, except as otherwise approved in writing by Franchisor, Member will not, either directly or indirectly, for itself, or through, on behalf of, or in conjunction with any person, persons, partnership, corporation, or entity:",45
3578,AtnInternationalInc_20191108_10-Q_EX-10.1_11878541_EX-10.1_Maintenance Agreement,Affiliate License-Licensee,"Vendor hereby grants and promises to grant and have granted to AT&T and its Affiliates a royalty-free, nonexclusive, sublicensable, assignable, transferable, irrevocable, perpetual, world- wide license in and to any applicable Intellectual Property Rights of Vendor to use, copy, modify, distribute, display, perform, import, make, sell, offer to sell, and exploit (and have others do any of the foregoing on or for AT&T's or any of its customers' behalf or benefit) any Intellectual Property Rights of Vendor or any third party that are not included in Material or Paid-For Development but necessary to operate the Cell Sites or receive the full benefit of the Work.",105
6960,"Array BioPharma Inc. - LICENSE, DEVELOPMENT AND COMMERCIALIZATION AGREEMENT",Affiliate License-Licensee,"The licenses granted under this Subsection 2.1(b) may be sublicensed by Ono only to its Affiliates, and then only for so long as such entities remain as Affiliates. For clarity, the licenses granted under this Subsection 2.1(b) may be extended by Ono to Third Party manufacturers for Manufacturing the Products on Ono's behalf.",53
9681,"DUOSTECHNOLOGIESGROUP,INC_04_21_2009-EX-10.1-STRATEGIC ALLIANCE AGREEMENT",Competitive Restriction Exception,"In the event that ISA wishes to carry out any software development work of any nature during the Non-Competition Period, it will  notify Rubicon of the same and allow Rubicon the opportunity to pitch for such work.",37
6649,"OTISWORLDWIDECORP_04_03_2020-EX-10.4-INTELLECTUAL PROPERTY AGREEMENT by and among UNITED TECHNOLOGIES CORPORATION, OTIS WORLDWIDE CORPORATION and CARRIER ~1",Affiliate License-Licensor,"(d) the Intellectual Property Rights are Performer Background IPR or Patent rights of the Licensor Party or another member of the Licensor Group and is necessary for the Licensee Party or another member of the Licensee Party to Exploit the Performer Foreground-Delivered IPR in the Licensee Group Field, provided, however, that the license granted in this Section 3.1.1(d) applies only to the extent necessary for the Licensee Party or another member of the Licensee Group to Exploit the Performer Foreground-Delivered IPR in the Licensee Group Field. (collectively, ""Licensed Intellectual Property Rights"").",91
5171,"BABCOCK_WILCOXENTERPRISES,INC_08_04_2015-EX-10.17-INTELLECTUAL PROPERTY AGREEMENT between THE BABCOCK _ WILCOX COMPANY and BABCOCK _ WILCOX ENTERPRISES, INC.",Affiliate License-Licensee,"Accordingly, (i) with respect to RemainCo's right and interest in and to the Shared Library Materials, RemainCo, for itself and as representative of all other members of the RemainCo Group, hereby grants to SpinCo (x) a perpetual (subject to Section 4.4), irrevocable, exclusive, royalty-free, worldwide right and license with the right to grant sublicenses (solely as set forth in Section 5.6) to use the Shared Library Materials, including all Know-How and Copyrights embodied therein, for any purpose in the SpinCo Core Field and (y) a perpetual (subject to Section 4.4), irrevocable, non-exclusive, royalty-free, worldwide right and license with the right to grant sublicenses (solely as set forth in Section 5.6) to use the Shared Library Materials, including all Know-How and Copyrights embodied therein, for any purpose in any field other than the RemainCo Core Field or the SpinCo Core Field and (ii) with respect to SpinCo's right and interest in and to the Shared Library Materials, SpinCo, for itself and as representative of all other members of the SpinCo Group, hereby grants to RemainCo (x) a perpetual (subject to Section 4.4), irrevocable, exclusive, royalty-free, worldwide right and license with the right to grant sublicenses (solely as set forth in Section 5.6) to use the Shared Library Materials, including all Know-How and Copyrights embodied therein, for any purpose in the RemainCo Core Field and (y) a perpetual (subject to Section 4.4), irrevocable, non- exclusive, royalty-free, worldwide right and license with the right to grant sublicenses (solely as set forth in Section 5.6) to use the Shared Library Materials, including all Know-How and Copyrights embodied therein, for any purpose in any field other than the SpinCo Core Field or the RemainCo Core Field.",281
6154,Apollo Endosurgery - Manufacturing and Supply Agreement,Notice Period To Terminate Renewal,This Agreement shall commence on the Effective Date and shall be valid for a period of five (5) years with automatic renewal of one year thereafter until terminated,28
11960,ICORECONNECTINC_10_13_2010-EX-7.1-Strategic Alliance Agreement,Notice Period To Terminate Renewal,"Thereafter, this Agreement shall be renewed automatically on a five (5) year basis, unless one party notifies the other of its desire to terminate this Agreement at least sixty 90 days prior to the expiration of the Initial Term or then current renewal term, as applicable, or unless a new Agreement is signed between the USA MCO and IMedicor which will then invalidate this Agreement.",65
5908,ZogenixInc_20190509_10-Q_EX-10.2_11663313_EX-10.2_Distributor Agreement,Affiliate License-Licensor,"Distributor hereby grants Zogenix an irrevocable, perpetual, royalty-free, fully paid-up, exclusive license with the right to grant sublicenses to use such Data solely generated and co-owned by Distributor outside of the Territory and a co-exclusive license in the Territory upon expiration or termination of the Agreement.",46
9286,BNLFINANCIALCORP_03_30_2007-EX-10.8-OUTSOURCING AGREEMENT,Price Restrictions,"After the initial twelve months of this Agreement, VIP may adjust the rates in Schedule A to VIP's then current standard rates for such services, provided that it provides BNL with notice of any such adjustment not less ~han thirty (30) days prior to any such adjustment and that such rates shall not increase by more than ten ( 10% ) percent per year .",65
5521,ReynoldsConsumerProductsInc_20200121_S-1A_EX-10.22_11948918_EX-10.22_Service Agreement,Affiliate License-Licensee,"Each Party grants, and shall cause its Affiliates to grant, to the other Party and its Affiliates, a royalty-free, non-exclusive, non- transferable, worldwide license, during the Term, to use the intellectual property owned by such Party or its Affiliates (but excluding any trademarks) only to the extent necessary for the other Party and its Affiliates to provide or receive the Services, as applicable.",63
2460,SPARKLINGSPRINGWATERHOLDINGSLTD_07_03_2002-EX-10.13-SOFTWARE LICENSE AND MAINTENANCE AGREEMENT,Source Code Escrow,"Sparkling shall not be entitled to make use of the Codes except as provided in Section (b), provided that Sparkling may itself or by retaining independent experts, examine and test the materials for compliance with the obligations of Garman hereunder.",40
12340,2ThemartComInc_19990826_10-12G_EX-10.10_6700288_EX-10.10_Co-Branding Agreement_ Agency Agreement,Notice Period To Terminate Renewal,A party wishing to renew this Agreement shall give the other party notice thereof no less than thirty (30) days before the expiration of the term then in effect.,29
7161,RevolutionMedicinesInc_20200117_S-1_EX-10.1_11948417_EX-10.1_Development Agreement,Affiliate License-Licensee,"Sanofi shall have the right, in its sole discretion, to appoint its Affiliates, and Sanofi and its Affiliates shall have the right, in its sole discretion, to appoint any other Persons, in the Licensed Territory to distribute, market, and sell the Products (with or without packaging rights), in circumstances where the Person purchases its requirements of Products from Sanofi or its Affiliates but does not otherwise make any royalty or other payment to Sanofi or its Affiliates with respect to its intellectual property or other proprietary rights.",87
9613,OFGBANCORP_03_28_2007-EX-10.23-OUTSOURCING AGREEMENT,No-Solicit Of Employees,The foregoing shall not preclude either party from employing any such employee (a) who seeks employment with the other party in response to any general advertisement or solicitation that is not specifically directed towards employees of such party or (b) who contacts the other party on his or her own initiative without any direct or indirect solicitation by such party.,60
8321,IpassInc_20181203_8-K_EX-99.1_11445874_EX-99.1_Reseller Agreement,Third Party Beneficiary,"iPass and its suppliers shall be deemed to be third-party beneficiaries of this agreement, with the right to enforce the terms of this agreement.",24
12613,SCOUTCAMINC_05_12_2020-EX-10.22-SERVICES AGREEMENT,No-Solicit Of Employees,"During the term of this Agreement and for a period of two (2) years after expiration or termination for any reason of this Agreement, Maimon agrees not to:",28
3286,HarpoonTherapeuticsInc_20200312_10-K_EX-10.18_12051356_EX-10.18_Development Agreement,Joint Ip Ownership,"Subject to Section 3.8.2(c), as between the Parties, each Party, or their respective Affiliates, shall own an equal, undivided interest in and to any and all (a) Information and inventions that are conceived, discovered, developed or otherwise made jointly by or on behalf of Harpoon or its Affiliates (including subcontractors thereof), on the one hand, and AbbVie or its Affiliates (including subcontractors thereof), on the other hand, in connection with the work conducted under or in connection with this Agreement, in each case whether or not patented or patentable (the ""Joint Know-How""), and (b) Patents (the ""Joint Patents"") and other intellectual property rights with respect to the Information and inventions described in subclause (a) (together with Joint Know-How and Joint Patents, the ""Joint Intellectual Property Rights"").",126
1686,FuseMedicalInc_20190321_10-K_EX-10.43_11575454_EX-10.43_Distributor Agreement,Notice Period To Terminate Renewal,"This agreement begins on the Commencement Date and, subject to clause 11.2, shall continue for an initial term of one (1) years (Initial Term) and indefinitely after that until terminated by either party giving at least twelve (12) months' prior written notice to expire on or after the expiry date of the initial term.",54
1074,ENERGOUSCORP_03_16_2017-EX-10.24-STRATEGIC ALLIANCE AGREEMENT,Source Code Escrow,"ENERGOUS will at its expense, at DIALOG's written request during the Term and any Wind Down Period, enter into a three- party escrow deposit arrangement, in accordance with this Section 16, with a recognized escrow agent (the ""Escrow Agent"") of mutual agreement.",42
1960,VARIABLESEPARATEACCOUNT_04_30_2014-EX-13.C-UNCONDITIONAL CAPITAL MAINTENANCE AGREEMENT,Notice Period To Terminate Renewal,"corporate structure or ownership of the Company, or (b) AIG sells the Company to an acquirer, in each case, (i) having a rating from at least one of S&P, Moody's, A.M. Best or a substitute agency, which is a nationally recognized statistical rating organization, that is at least equal to the lower of (x) AIG's then-current rating from such agency or (y) the Company's then-current rating as supported by this Agreement from such agency; or (ii) such that, immediately on the effective date of the modification of corporate structure or sale by AIG of the Company, the Company's capitalization is consistent with the minimum capital adequacy standards and criteria of at least one of S&P, Moody's, A.M. Best or a substitute agency, which is a nationally recognized statistical rating organization, for a rating that is equal to or better than the Company's then-current rating on the date immediately preceding such modification of corporate structure or sale.",156
3756,URSCORPNEW_03_17_2014-EX-99-COOPERATION AGREEMENT,Non-Disparagement,"JANA agrees that, from the date of this Agreement until the earliest of (i) the date that is thirty (30) calendar days prior to any applicable deadline by which a shareholder must give notice to the Company of its intention to nominate a director for election at or bring other business before the 2015 Annual Meeting under the Company's By­Laws and (ii) any material breach of this Agreement by the Company (provided that the Company shall have three (3) business days following written notice from JANA of material breach to remedy such material breach if capable of remedy) (such period, the ""Cooperation Period""), neither it nor any of its Affiliates or Associates will in any manner, directly or indirectly, make, or cause to be made, or in any way encourage any other person to make or cause to be made, any statement or announcement that relates to and constitutes an ad hominem attack on, or relates to and otherwise disparages, the Company, any of its officers or directors or any person who has served as an officer or director of the Company, including: (i) in any document or report filed with or furnished to the Securities and Exchange Commission (the ""SEC"") or any other governmental agency, (ii) in any press release or other publicly available format or (iii) to any journalist or member of the media (including without limitation, in a television, radio, newspaper or magazine interview), or otherwise; provided, that if the Company makes any material announcement prior to the March Board Meeting, JANA will be permitted to make objective statements that solely reflect JANA's view, as a shareholder, with respect to such announcement.",275
7973,GOLDRESOURCECORP_12_11_2008-EX-10.1-STRATEGIC ALLIANCE AGREEMENT,Most Favored Nation,"The Company shall immediately inform HOC and provide HOC with a copy of any other standstill provisions in any agreement pertaining to the matters set forth in this Article 6, entered into by the Company with another person subsequent to the date hereof, and notwithstanding delivery of such notice and a copy of any such provisions, HOC shall have the full benefit of any materially more favourable terms, in the opinion of HOC, contained in such standstill and Section 6.1 shall be deemed to be amended accordingly.",87
6891,"PHREESIA,INC_05_28_2019-EX-10.18-STRATEGIC ALLIANCE AGREEMENT",Affiliate License-Licensee,"Subject to the terms and conditions of this Agreement, the Company hereby grants to Allscripts a non-exclusive, royalty-free, irrevocable , non-transferable (except in accordance with Section 28.4), sublicensable (through multiple levels of sublicensees), fully paid-up right and license under all of the Company's Intellectual Property to access, use, reproduce, perform, display, transmit, demonstrate, test, operate, port, configure, distribute, and make derivative works of the Documentation, Company Marketing Materials and Allscripts Marketing Materials, in whole or in part, throughout the Territory, for any purpose consistent with Section 8.1, [REDACTED].",88
5912,ZogenixInc_20190509_10-Q_EX-10.2_11663313_EX-10.2_Distributor Agreement,Affiliate License-Licensee,"Distributor hereby grants Zogenix an irrevocable, perpetual, world-wide, royalty-free, fully paid-up, non-exclusive license with the right to grant sublicenses under such Distributor Inventions and any patents or patent applications claiming or disclosing such Distributor Inventions.",35
3883,IGENEBIOTECHNOLOGYINC_05_13_2003-EX-1-JOINT VENTURE AGREEMENT,Most Favored Nation,The grant of licenses to any third parties shall be the prerogative of the Board provided that no such license shall be granted at terms more favorable to the third party than were offered to the member(s) of such Party.,40
12420,XYBERNAUTCORP_07_12_2002-EX-4-SPONSORSHIP AGREEMENT,Non-Disparagement,"AJR shall not take any action or suffer any action to occur, whether taken by the Team or others,  which could result in an adverse impact on XC, its Licensed Materials and the goodwill associated  therewith as a result of this Agreement.",42
7479,AIRTECHINTERNATIONALGROUPINC_05_08_2000-EX-10.4-FRANCHISE AGREEMENT,No-Solicit Of Customers,"Likewise, You may not target or solicit customers for Products by advertising in other Franchisees respective Exclusive Territories.",18
11160,Monsanto Company - SECOND A_R EXCLUSIVE AGENCY AND MARKETING AGREEMENT ,No-Solicit Of Employees,"then employed by the Agent or any of its Affiliates or (ii) knowingly employ any employee of the Agent or any of its Affiliates who voluntarily terminates such employment with the Agent (or such Affiliate) after the Effective Date, until three months have passed following termination of such employment.",49
4397,UsioInc_20040428_SB-2_EX-10.11_1723988_EX-10.11_Affiliate Agreement 2,No-Solicit Of Customers,"Additionally, upon termination of this contract for any  reason, all merchants recruited by Affiliate on behalf of Network 1 for any product  offered  through  Network  1,  Affiliate  shall  not approach, rewrite, pursue,  or  contract  with any current client for the purpose of obtaining said client as a new customer for Affiliate or any competing entity the Affiliate may be  in  contract  with.",62
4036,CardlyticsInc_20180112_S-1_EX-10.16_11002987_EX-10.16_Maintenance Agreement1,Source Code Escrow,"With each delivery of Software to Bank of America hereunder, Supplier shall deliver to Bank of America the Source Code for all Software and for all Updates, Upgrades and new releases of the Software.",34
1360,ConformisInc_20191101_10-Q_EX-10.6_11861402_EX-10.6_Development Agreement,Joint Ip Ownership,"Each Party to whom ownership is to vest in Joint IP by operation of law or by assignment by its employees or Agents agrees   to assign and hereby assigns to the other Party an undivided one-half right, title and interest in and to all Joint IP; and to facilitate   such assignment, the Party possessing such ownership agrees (i) to regularly ensure that its employees and consultants timely make   any appropriate assignments to it; and (ii) at the other Party's reasonable request, to execute and have its employees and   consultants execute, as necessary, all assignments and any other documentation to perfect the undivided one-half right, title and   interest in and to the other Party of such Joint IP.",117
7847,KALLOINC_11_03_2011-EX-10.1-STRATEGIC ALLIANCE AGREEMENT,Non-Disparagement,"During the term hereof and for a period of two years thereafter, each of Agent and Kallo  agrees that it will refrain from making any representation, statement, comment or any other form of communication,  whether written or oral (hereinafter collectively referred to as a ""Communication""), to any third party, including but  not limited to the principals, customers, suppliers and competitors of the other party, which Communication reflects  any opinion, judgment, observation or",72
7758,DIVERSINETCORP_03_01_2012-EX-4-RESELLER AGREEMENT,No-Solicit Of Employees,"During the Term, the Reseller agrees that it shall not induce any person employed by Diversinet to leave Diversinet's employ to become an  employee of Reseller or its agents or contractors.",31
1359,ConformisInc_20191101_10-Q_EX-10.6_11861402_EX-10.6_Development Agreement,Joint Ip Ownership,"Subject to the limitations set forth in this Agreement, the Joint IP may be used freely by either Party or   its Affiliates and licensed to Third Parties by Conformis and its Affiliates, on the one hand, outside of the Buyer Field or by Stryker   and its Affiliates, on the other hand, within the Buyer Field, in each case, without the consent of, or duty to account to or notify, the   other Party, but, except with respect to external licenses of the Improved Conformis Background IP by Conformis or its Affiliates   to Third Parties, any external Third Party license shall be governed in accordance with the last sentence of Section 4.3(c) of the   APA.",113
1073,ENERGOUSCORP_03_16_2017-EX-10.24-STRATEGIC ALLIANCE AGREEMENT,Source Code Escrow,"In the event of any Insolvency Event and where the design files need to be accessed by DIALOG to fix an Epidemic Defect or other Product design or production issue impacting yield or quality (""Release Condition""), the Escrow Agent will, in accordance with the terms of the escrow agreement between the parties and the Escrow Agent (the ""Escrow Agreement""), release the Deposit Materials to DIALOG.",65
8138,WOMENSGOLFUNLIMITEDINC_03_29_2000-EX-10.13-ENDORSEMENT AGREEMENT,Non-Disparagement,"acts or omissions reasonably determined by the          Company to be prejudicial or injurious to the business or goodwill of          the Company, its officers, employees, shareholders or products, the          golf industry or professional golf; and",34
755,PfHospitalityGroupInc_20150923_10-12G_EX-10.1_9266710_EX-10.1_Franchise Agreement1,No-Solicit Of Customers,"You agree that during the term of this Agreement, you will not, without our prior written consent, either directly or indirectly through any other person or entity:",27
13325,PlayboyEnterprisesInc_20090220_10-QA_EX-10.2_4091580_EX-10.2_Content License Agreement_ Marketing Agreement_ Sales-Purchase Agreement1,Joint Ip Ownership,"Client and EFS shall jointly own and have rights to all User Data  collected hereunder provided, however, that EFS shall only use the User Data in strict accordance with the Privacy Policy and,  subject to the remainder of this Section 5, solely in connection with the Playboy Commerce Business.",49
7628,XENCORINC_10_25_2013-EX-10.24-COLLABORATION AGREEMENT (3),Joint Ip Ownership,Each Party shall provide reasonable assistance for any action which may be necessary to assign or otherwise transfer such rights to Other Improvements to Parties as joint owners,28
11483,"BERKELEYLIGHTS,INC_06_26_2020-EX-10.12-COLLABORATION AGREEMENT",Most Favored Nation,"(ii) the per unit pricing charged by BLI to Ginkgo at any time shall be no greater than the lowest of the (A) lowest price per unit charged by BLI or its Affiliates to any similarly situated Third Party customer (i.e. taking into account [REDACTED]) for such unit at any time in the [REDACTED] ([REDACTED]) months prior to the delivery of the applicable Purchase Order by Ginkgo or (B) the then- current List Price; provided, however, that in no event shall BLI be required to charge a price less than the cost of goods sold for such unit, as determined in accordance with United States generally accepted accounting principles, consistently applied.",111
1471,VERICELCORP_08_06_2019-EX-10.10-SUPPLY AGREEMENT,Most Favored Nation,"After a Second Source commences supply of Product, in the event of a shortage of Materials or Product, MediWound will allocate to Vericel its pro rata share of MediWound's supply of the same in a manner no less favorable than those of its equivalently situated customers or MediWound's own similarly situated products.",52
10592,PHLVARIABLEINSURANCECOCT_08_17_2009-EX-10.1-STRATEGIC ALLIANCE AGREEMENT,No-Solicit Of Customers,"products or services to an ICC Client or Certificate Owner other than the GIE, if such ICC Client or Certificate Owner is identified  from information any of the PHL Parties, any of their Affiliates, or any of their respective officers, directors, employees, agents,  or representatives, obtain pursuant to any of the Transaction Documents or any transaction contemplated thereunder.",58
11749,InvendaCorp_20000828_S-1A_EX-10.2_2588206_EX-10.2_Co-Branding Agreement,No-Solicit Of Customers,Application Provider may not use Payment-Eligible User Data to                solicit User traffic to www.e-centives.com or any other                co-branded version of www.e-centives.com with the intent of                driving such Users away from using the Co-Branded Application.,34
931,SENMIAOTECHNOLOGYLTD_02_19_2019-EX-10.5-Collaboration Agreement,Most Favored Nation,"In case that the price and other substantive terms offered by Party B to such entity are more favorable than those enjoyed by the Driver User in any commercial cooperative relationship signed or formed between Party B and any entity, the Driver User and Party B shall amend the provisions in the Financial Leasing Agreement signed by both parties to enable the Driver User to enjoy the same or more favorable provisions as those enjoyed by such other entities, such modifications shall include but not limit to the modifications of the monthly rent terms.",94
327,"FTENETWORKS,INC_02_18_2016-EX-99.4-STRATEGIC ALLIANCE AGREEMENT",No-Solicit Of Employees,"Subcontractor, during the term of this Agreement and for a period of one year thereafter, shall not, directly or indirectly, for itself or on behalf of or in conjunction with any other person, partnership, corporation, business or organization, solicit, hire, contract with or engage the employment of an employee of EDGE with whom Subcontractor or its personnel have contact as a result of Subcontractor's performance of this Agreement, unless Subcontractor (i) obtains the written consent of EDGE, as applicable, and (ii) pays EDGE as applicable a fee to be mutually agreed upon",92
12793,"GOOSEHEADINSURANCE,INC_04_02_2018-EX-10.6-Franchise Agreement",No-Solicit Of Customers,"Accordingly, you covenant and agree that, during the term of this Agreement and for a continuous period of two (2) years after the expiration or termination of this Agreement, and/or a transfer as contemplated in Section 16 above, you will not directly, indirectly, for yourself, or through, on behalf of, or in conjunction with any party, in any manner whatsoever, do any of the following:",65
9463,"FIDELITYNATIONALINFORMATIONSERVICES,INC_08_05_2009-EX-10.3-INTELLECTUAL PROPERTY AGREEMENT",Joint Ip Ownership,"and interest in and to the Retail Reach source code,",10
6501,DYNAMEXINC_06_06_1996-EX-10.4-TRANSPORTATION SERVICES AGREEMENT,No-Solicit Of Customers,"Except for the joint marketing efforts referred to in Section 3.1 (v)         above, Purolator agrees not to directly or indirectly solicit next day         or multiple day freight from existing sameday customers of Dynamex.",33
1066,ENERGOUSCORP_03_16_2017-EX-10.24-STRATEGIC ALLIANCE AGREEMENT,Affiliate License-Licensor,"""Product IP"" means (a) all Intellectual Property Rights in and to the Products, including all Product Updates, (b) any other Inventions and work products created or developed in connection with research and development or manufacturing efforts relating to the Products, including all Intellectual Property Rights therein and (c) all Intellectual Property Rights in and to the Mask Sets and Tooling, in each of the foregoing cases, that are owned or controlled by ENERGOUS, its Affiliates or any successor or assign.",80
5450,BUFFALOWILDWINGSINC_06_05_1998-EX-10.3-FRANCHISE AGREEMENT,No-Solicit Of Employees,"2.    Employ or seek to employ any person who is at that time employed by us, our affiliates, or by any other franchisee of ours, or otherwise directly or indirectly induce or seek to induce such person to leave his or her employment thereat.",44
10252,"INNOVIVA,INC_08_07_2014-EX-10.1-COLLABORATION AGREEMENT",Joint Ip Ownership,"by applicable Laws and regulations. GSK, at its sole discretion, shall also give due consideration to transferring to Theravance any additional regulatory filings for a Terminated Development Collaboration Product which contains a Theravance Compound as a Combination Product.",38
3284,HarpoonTherapeuticsInc_20200312_10-K_EX-10.18_12051356_EX-10.18_Development Agreement,Joint Ip Ownership,"Subject to the licenses and rights of reference granted under Sections 5.1 and 5.2 and, in the case of Harpoon, its exclusivity obligations hereunder, each Party shall have the right to Exploit the Joint Intellectual Property Rights without a duty of seeking consent from or accounting to the other Party.",50
9427,TELKOMSALTD_01_30_2003-EX-10-LICENCE AND MAINTENANCE AGREEMENT,Source Code Escrow,"Without prejudice to any express provision to the contrary contained in the   AGREEMENT, TELKOM shall have the right to access the Source Code if   SAP:   1. 4. 1                           is in default of any material term, condition or provision of this   AGREEMENT as a consequence of which the TELKOM is prevented from   having substantial USE and benefit of the SOFTWARE in terms thereof   and remains in default for a period of 30 (thirty) days from receipt of the   first written request to remedy the default concerned; or   1. 4. 2                            ceases to carry on business or to provide the particular USE, service or   benefit referred to in clause 12. 4. 1; or   1. 4. 3                           becomes bankrupt or has a receiving order made against it, or is placed in   liquidation or under judicial management in either case, whether   provisional or final, or is deregistered.",143
3357,DigitalCinemaDestinationsCorp_20111220_S-1_EX-10.10_7346719_EX-10.10_Affiliate Agreement,Joint Ip Ownership,"Any and all data, information, and material created, conceived, reduced to practice, or developed by or on  behalf of either Party, whether alone, in connection with the other Party or any third party, including, without limitation, written works, processes,  methods, inventions, discoveries, software, works of visual art, audio works, look-and-feel attributes, and multimedia works, based on, using, or  derived from, in whole or in part, any NCM Property, whether or not done on NCM's facilities, with NCM's equipment, or by NCM personnel, and  any and all right, title, and interest therein and thereto (including, but not limited to, the right to sue for past infringement) (collectively, ""Derived  Works""), shall be owned solely and exclusively by NCM, and Network Affiliate agrees to and hereby does assign, transfer, and convey to NCM  (and will ensure than any third party acting with or on behalf of Network Affiliate assigns, transfers, and conveys to NCM any and all right, title, or  interest in or to any Derived Work which it may at any time acquire by operation of law or otherwise.",177
7480,AIRTECHINTERNATIONALGROUPINC_05_08_2000-EX-10.4-FRANCHISE AGREEMENT,No-Solicit Of Customers,"You covenant and agree that during the term of this Agreement, and subject to the post-termination provisions contained herein, You shall not, except as otherwise approved in writing by AIRSOPURE, either directly or indirectly:

A. Divert or attempt to divert any business or customer of the Franchise to any competitor, or competing business, by direct or indirect inducement or otherwise, or do or perform, directly or indirectly, any other act injurious or prejudicial to AIRSOPURE or the goodwill associated with the Licensed Marks and Products.",85
6944,"Array BioPharma Inc. - LICENSE, DEVELOPMENT AND COMMERCIALIZATION AGREEMENT",Joint Ip Ownership,"Title to all know-how, inventions and other intellectual property made jointly by personnel of Array (or that of any Affiliate) and Ono (or that of any Affiliate) in connection with this Agreement shall be jointly owned by Array (or its respective Affiliate) and Ono (or its respective Affiliate).",48
13695,XinhuaSportsEntertainmentLtd_20070221_F-1_EX-99.4_645553_EX-99.4_Content License Agreement,Unlimited/All-You-Can-Eat-License,"CEIS hereby grants      XFN and its Affiliates a non-exclusive license (free of all third-party      liens, claims and encumbrances) to, and to permit others to, during the      Term in the People's Republic of China:

     (a)  store or cache the Content in one or more host computers controlled           directly or indirectly by XFN or its Affiliates;

     (b)  adapt, translate, modify, reproduce, copy, amend, revise or encode the           Content; and

     (c)  publish, broadcast, distribute, re-distribute, transmit, display, make           available to the public or otherwise exploit the Content in any manner           by any device or in",92
8877,BIOPURECORP_06_30_1999-EX-10.13-AGENCY AGREEMENT,No-Solicit Of Customers,"Except as otherwise expressly provided in the Business Plan, the Agent will at its sole expense",16
9429,TELKOMSALTD_01_30_2003-EX-10-LICENCE AND MAINTENANCE AGREEMENT,Source Code Escrow,TELKOM shall USE the   Source Code only at its own premises on its own data processing equipment   or third parties in accordance with clause 3 of the AGREEMENT.,28
5173,"BABCOCK_WILCOXENTERPRISES,INC_08_04_2015-EX-10.17-INTELLECTUAL PROPERTY AGREEMENT between THE BABCOCK _ WILCOX COMPANY and BABCOCK _ WILCOX ENTERPRISES, INC.",Unlimited/All-You-Can-Eat-License,"RemainCo shall have, and SpinCo hereby grants to RemainCo, an unlimited, non-exclusive, perpetual, irrevocable, royalty free, worldwide right and license to use the content contained in the Steam Book, including the current edition and any past edition and any future edition to which RemainCo makes a contribution, for any purpose, including, without limitation, to reproduce, publicly display, modify, make derivative works, distribute, publicly perform and distribute for RemainCo's internal business purposes, including in connection with customer related activities, provided, however, that RemainCo shall (i) not use any non-nuclear content contained in the Steam Book in connection with publishing or distributing a publication which competes with the Steam Book and (ii) provide attribution and accreditation using a copyright notice having the format required by law in connection with the use of any protectable expression of the non-nuclear content contained in the Steam Book.",142
2862,HEALTHGATEDATACORP_11_24_1999-EX-10.1-HOSTING AND MANAGEMENT AGREEMENT (1),Source Code Escrow,HealthGate and the Publishers shall enter and maintain in force the             Escrow Agreement for such period as the Publishers require.,20
9654,"OMINTO,INC_03_29_2004-EX-10-RESELLER AGREEMENT",Non-Disparagement,"Each party agrees that, during the Term of this      Agreement and for a period of five (5) years thereafter, neither will make      written or oral comments regarding the other that are negative,      disparaging, tend to bring the other into disrepute or call into question      the business acumen, character, honesty or integrity of the other.",54
759,PfHospitalityGroupInc_20150923_10-12G_EX-10.1_9266710_EX-10.1_Franchise Agreement1,No-Solicit Of Employees,"You agree that during the term of this Agreement, you will not, without our prior written consent, either directly or indirectly through any other person or entity:",27
17,LIMEENERGYCO_09_09_1999-EX-10-DISTRIBUTOR AGREEMENT,No-Solicit Of Employees,"During the Term of this Agreement and for a period of                            twelve (12) months  thereafter,  the  Distributor (on                            behalf of itself,  each of its affiliates and each of                            their respective representatives) agrees that it will                            not  directly  or  indirectly  solicit  or  hire  any                            executive,  managerial  or technical  employee of the                            Company or any of its affiliates.",56
10965,TRICITYBANKSHARESCORP_05_15_1998-EX-10-OUTSOURCING AGREEMENT,Source Code Escrow,"M&I shall be responsible for the cost of maintaining and updating the source code escrow including any fees to be





paid to DSI.",23
10093,NEOMEDIATECHNOLOGIESINC_12_15_2005-EX-16.1-DISTRIBUTOR AGREEMENT,Non-Disparagement,"PPG SHANGHAI shall have the right to terminate this Agreement and/or          suspend its performance hereunder immediately upon giving notice to          DISTRIBUTOR, which termination shall be effective upon receipt of          notice, if any one of the following occurs:",37
2050,BICYCLETHERAPEUTICSPLC_03_10_2020-EX-10.11-SERVICE AGREEMENT,No-Solicit Of Employees,"You hereby agree with the Company that to protect the Company's and any and all Group Company's business interests, customer connections and goodwill and the stability of its or their workforce, that you will not during the Restricted Period (and in respect of sub-paragraph 14.2(f) below only, at any time):",50
8599,"Reinsurance Group of America, Incorporated - A_R REMARKETING  AGREEMENT",Third Party Beneficiary,"This Agreement and the terms and provisions hereof are for the sole benefit of only those  persons, except that (A) the representations, warranties, indemnities and agreements of the Issuers contained in this Agreement shall also be  deemed to be for the benefit of the officers, directors and employees of the Remarketing Agent and the person or persons, if any, who control the  Remarketing Agent within the meaning of Section 15 of the Securities Act; and (B) any indemnity agreement of the Remarketing Agent contained  in this Agreement shall be deemed to be for the benefit of directors, trustees, officers and employees of the Company, and the Trust, and any  person controlling the Company or the Trust within the meaning of Section 15 of the Securities Act.",126
4038,CardlyticsInc_20180112_S-1_EX-10.16_11002987_EX-10.16_Maintenance Agreement1,Source Code Escrow,Supplier grants Bank of America the right to duplicate the Source Code only as necessary to preserve and safely store the Source Code and as expressly permitted in this Section.,30
12612,SCOUTCAMINC_05_12_2020-EX-10.22-SERVICES AGREEMENT,No-Solicit Of Customers,"suggest to, induce or persuade any customer, client, vendor, supplier, employee, consultant or agent of the Company to terminate or diminish its relationship with the Company.",26
12791,"GOOSEHEADINSURANCE,INC_04_02_2018-EX-10.6-Franchise Agreement",No-Solicit Of Customers,"Member covenants and agrees that during the Post-Term Period, Member will not, either directly or indirectly, solicit, divert, or attempt to solicit or divert any actual or potential business or customer of the Franchised Business to any Competitive Business.",39
13007,ParatekPharmaceuticalsInc_20170505_10-KA_EX-10.29_10323872_EX-10.29_Outsourcing Agreement,Price Restrictions,"During the Term of this Agreement, either Party may request an increase or decrease of the Fees specified in Exhibit C no more than [* * *] and such change in Fees shall take effect on [* * *] for which such Fee change is requested.",46
12790,"GOOSEHEADINSURANCE,INC_04_02_2018-EX-10.6-Franchise Agreement",No-Solicit Of Customers,19.3.1 Divert or attempt to divert any actual or potential business or customer of any Goosehead Business to any competitor or otherwise take any action injurious or prejudicial to the goodwill associated with the Marks and the System.,38
7586,SPORTHALEYINC_09_29_1997-EX-10.2-10-ENDORSEMENT AGREEMENT,Unlimited/All-You-Can-Eat-License,"The          Company shall have unlimited rights of utilization of the           Professional's Image in all advertising, promotion, publicity and           other forms of communication with any part during the term of this           Agreement, it being the intent of the Professional that the Company's          utilization of the Professional's Image shall be at the discretion of          the Company.",54
6555,ULTRAGENYXPHARMACEUTICALINC_12_23_2013-EX-10.9-SUPPLY AGREEMENT,Price Restrictions,"The prices payable by Ultragenyx to Cremer for the Product (the ""Price"") shall be agreed [REDACTED AMOUNT] every contract year; provided, that the Price may not increase more than the [REDACTED AMOUNT] for such period or [REDACTED AMOUNT]%, whichever is higher.",38
3305,HarpoonTherapeuticsInc_20200312_10-K_EX-10.18_12051356_EX-10.18_Development Agreement,Affiliate License-Licensor,"""Harpoon Know-How"" means all Information that is (a) Controlled by Harpoon or any of its Affiliates as of the Effective Date or at any time during the Term, (b) not generally known and (c) necessary or reasonably useful for the Exploitation of any Licensed Compound or any Licensed Product, but excluding any Joint Know-How or Information published in any (i) Harpoon Patents or (ii) Joint Patents.",66
6319,FulucaiProductionsLtd_20131223_10-Q_EX-10.9_8368347_EX-10.9_Content License Agreement,Unlimited/All-You-Can-Eat-License,"License Term Perpetual, unlimited runs x Other: 2 years Commencing: November 15, 2012",13
10967,TRICITYBANKSHARESCORP_05_15_1998-EX-10-OUTSOURCING AGREEMENT,Source Code Escrow,"M&I has entered into a Master Preferred Escrow Agreement (""Escrow Agreement"") with Data Securities International, Inc. (""DSI""), Account no. 1309046-0001, pursuant to which M&I has deposited with DSI the source code for the IBS Licensed Software (the ""IBS Software"").",39
7010,"MEDALISTDIVERSIFIEDREIT,INC_05_18_2020-EX-10.1-CONSULTING AGREEMENT",Non-Disparagement,CONSULTANT agrees to act in good faith so as to not harm the business reputation of the Company in any way.,21
7339,CCAINDUSTRIESINC_04_14_2014-EX-10.1-OUTSOURCING AGREEMENT,Affiliate License-Licensor,"Solely to the extent necessary to enable Contractor to provide the Services in accordance with the terms herein, the Company hereby grants Contractor a royalty-free, non-exclusive sublicense, without the right to grant further sublicenses, under any and all applicable trademarks and other Intellectual Property owned or controlled by or licensed to the Company or any of its Affiliates to provide, during the Term of this Agreement, the Services in respect of the Products in the Territory.",76
5827,VIOLINMEMORYINC_12_12_2012-EX-10.14-SPONSORSHIP AGREEMENT,Third Party Beneficiary,"This Agreement does not and is not intended to confer any rights upon any person other than the Parties, except that it is expressly agreed that Team and SCSA are intended third party beneficiaries of Section 8.",37
6668,"GIGGLESN_HUGS,INC_06_23_2016-EX-10.2-STRATEGIC ALLIANCE AGREEMENT",No-Solicit Of Customers,"Consultant will not, during the Term, and for a period of one (1) year thereafter, directly or indirectly:",18
7772,DIVERSINETCORP_03_01_2012-EX-4-RESELLER AGREEMENT,Source Code Escrow,"The escrow agreement shall provide, among other terms, that the source code shall be released to Reseller if any of the following events  (collectively the ""Release Conditions"") occurs:    (i) Diversinet ceases to support services at levels as stated in Schedule 5 under this Agreement that is not remedied within  sixty (60) days after receipt of written notice of such failure;   (ii) Diversinet makes an assignment for the benefit of creditors, or becomes subject to direct control of a trustee, receiver or  similar authority, or Diversinet becomes subject to any bankruptcy or insolvency proceeding under federal or state  statutes; or  (iii) Diversinet suspends or ceases to carry on its business and a receiver, trustee or assignee does not carry on the  business.",121
9493,"FIDELITYNATIONALINFORMATIONSERVICES,INC_08_05_2009-EX-10.3-INTELLECTUAL PROPERTY AGREEMENT",Affiliate License-Licensor,"Equifax hereby grants, and will cause each member of the Equifax Group to grant, to Certegy and each member of the Certegy Group a fully paid, non- exclusive, worldwide, non-transferable right to continue to use the Equifax Marks employed in the Certegy Business, but only to the extent such Equifax Marks were displayed by the Certegy Group prior to the Distribution Date (i) on the Transferred Equifax Assets, (ii) on premises jointly occupied with Equifax, and (iii) on letterhead, product and services documentation, invoices, software programs, packaging and similar materials used by the members of the Certegy Group, and such Equifax Marks are used in accordance with the guidelines for usage of the Equifax Marks published and amended by Equifax from time to time.",124
1065,ENERGOUSCORP_03_16_2017-EX-10.24-STRATEGIC ALLIANCE AGREEMENT,Affiliate License-Licensor,"Subject to the restrictions set out in Section 2.2, ENERGOUS hereby grants to DIALOG a non-exclusive (subject to Section 2.5), irrevocable, worldwide, sub-licensable (solely in accordance with Section 2.4), royalty-bearing license during the Term under all Product IP to:   (a) repackage or have repackaged the Product Die into various package formats or layouts, and to integrate the Product Die into MCMs, which may incorporate DIALOG or third party intellectual property (such repackaged Product Die, MCMs and Products, are individually and/or collectively referred to as the ""Licensed Products"");   (b) have the Licensed Products manufactured, tested and packaged by Manufacturing Subcontractors;   (c) Sell, offer for Sale, import, export and support the Licensed Products, including without limitation, providing system design, troubleshooting and failure analysis support for DIALOG's customers and their customers;   (d) use and modify the Tooling and Documentation for the purposes of paragraphs (a) to (d) of this Section 2.1.",148
3297,HarpoonTherapeuticsInc_20200312_10-K_EX-10.18_12051356_EX-10.18_Development Agreement,Affiliate License-Licensor,"patent applications were to issue as patents) for the Exploitation of the Licensed Compound or a Licensed Product, but excluding any Joint Patents.",23
1070,ENERGOUSCORP_03_16_2017-EX-10.24-STRATEGIC ALLIANCE AGREEMENT,Source Code Escrow,"ENERGOUS hereby grants DIALOG a non-exclusive, non-transferable (except as set forth in Section 2) license under the Product IP to use any of the Deposit Materials released from escrow for the purpose of fixing an Epidemic Defect or other Product design or production issue impacting yield or quality during the Term and, if applicable, any Wind Down Period or Continuing Obligation period, including, but not limited to, authorizing any third party subcontractor to manufacture and supply Products, provided, however, that DIALOG continues to make all Royalty payment owed to ENERGOUS (or the then-current owner of the Product IP) as provided in this Agreement.",103
1318,CUROGROUPHOLDINGSCORP_05_04_2020-EX-10.3-SERVICING AGREEMENT,Third Party Beneficiary,"Notwithstanding anything to the contrary in this Agreement, both the Owner and Servicer agree that the Agent shall be deemed to be a third-party beneficiary of this Agreement and has the authority to enforce the provisions hereof.",37
8566,SmartRxSystemsInc_20180914_1-A_EX1A-6 MAT CTRCT_11351705_EX1A-6 MAT CTRCT_Distributor Agreement,Non-Disparagement,"However, conduct which Company, in its discretion, deems detrimental to Company's image or reputation, shall be grounds for termination of this Agreement, upon reasonable notice and the failure to cure such behavior by Distributor.",34
3656,InmodeLtd_20190729_F-1A_EX-10.9_11743243_EX-10.9_Manufacturing Agreement,No-Solicit Of Employees,"The Contractor and the Customer will not be allowed to employ employees of the other party, directly or indirectly, for one (1) year from the date the employee has ceased to be employed by the other party.",37
13641,HYDRONTECHNOLOGIESINC_03_31_1997-EX-10.47-SPONSORSHIP AGREEMENT,Third Party Beneficiary,"Each of the parties agree that the foregoing indemnities also apply for the benefit of the NFL (and its affiliates), South Florida Stadium Corporation, the owner and operator of Pro Player Stadium and their respective officials, officers, partners, agents and employees, who shall be deemed third party beneficiaries of this Agreement for the purpose of enforcing these indemnity obligations.",59
10966,TRICITYBANKSHARESCORP_05_15_1998-EX-10-OUTSOURCING AGREEMENT,Source Code Escrow,"M&I hereby grants to Customer a non-exclusive, non-transferable license, through the end of the Term, to use the source code (including the right to make modifications thereto) on the terms and conditions set forth in this Article 23, upon payment of the then current license fees and the occurrence of the following events:

     A.   M&I ceases to do business or refuses to provide the Services to Customer; or

     B.   A voluntary or involuntary petition is commenced by or against M&I under any federal or state bankruptcy law, or a trustee in bankruptcy fails to timely assume this Agreement as an executory contract, or a substantial part of M&I's property or assets become subject to levy or seizure by any creditor and, in the case of an involuntary petition, the same is not dismissed within sixty (60) days after filing.",139
3400,VERTICALNETINC_04_01_2002-EX-10.19-MAINTENANCE AND SUPPORT AGREEMENT,No-Solicit Of Employees,"indirect solicitations and other employment activities (e.g., job postings, advertising of positions) that are not specifically targeted at any particular individual.",21
9201,SoupmanInc_20150814_8-K_EX-10.1_9230148_EX-10.1_Franchise Agreement1,Non-Disparagement,"In consideration for such training, trade secrets and confidential information, you and your principals agree that during the term of this Agreement, and for a continuous uninterrupted period commencing upon expiration or termination of this Agreement, regardless of the cause for termination, and continuing for a period of three (3) years thereafter, neither you nor your principals shall, directly or indirectly, for themselves, or through, on behalf of, or in conjunction with any person, persons, partnership, limited liability company or corporation:   7.1.1 Divert or attempt to divert any business or customer of the Franchised Business or any Unit Franchisee anywhere, by direct or indirect inducement or otherwise, or do or perform, directly or indirectly, any other act injurious or prejudicial to the goodwill associated with our Proprietary Marks or the System.",131
2582,REWALKROBOTICSLTD_07_10_2014-EX-10.2-STRATEGIC ALLIANCE AGREEMENT,No-Solicit Of Employees,"During the performance of the any of the collaborative efforts set forth in this Agreement, each of ARGO and YEC agrees not to engage in any attempt whatsoever to hire, or to engage as independent contractors, the other's employees or independent contractors during the term of the collaboration and for a period of twelve (12) months following expiration or termination of the collaboration, except as may be mutually agreed in writing.",71
12931,NakedBrandGroupInc_20150731_POS AM (on S-1)_EX-10.75_9196027_EX-10.75_Endorsement Agreement,Unlimited/All-You-Can-Eat-License,"During the first Contract Year, Wade will be available for (i) one production day for the purpose of creating marketing assets for Naked Products for unlimited use in advertisements and the media and (ii) one production day for creating marketing assets for Wade Products and Naked Products for unlimited use in advertisements and the media, each as permitted herein.",59
10593,PHLVARIABLEINSURANCECOCT_08_17_2009-EX-10.1-STRATEGIC ALLIANCE AGREEMENT,No-Solicit Of Customers,"During the term hereof and for a period of two years following termination, none of the PHL Parties, any of  their Affiliates, or any of their respective officers, directors, employees, agents, or representatives, shall, without the prior  written approval of ICC, knowingly and intentionally market any",46
9557,GentechHoldingsInc_20190808_1-A_EX1A-6 MAT CTRCT_11776814_EX1A-6 MAT CTRCT_Distributor Agreement,No-Solicit Of Customers,"The Company shall not contact any of Distributor's Customer's for any reason, without the prior written approval of Distributor.",19
1728,ASPIRITYHOLDINGSLLC_05_07_2012-EX-10.6-OUTSOURCING AGREEMENT,Third Party Beneficiary,"Any  successor of any party or of any such controlling person, or any legal representative of such controlling person, as the case may be, shall be  entitled to the benefit of the respective indemnity and contribution agreements.",37
8371,EhaveInc_20190515_20-F_EX-4.44_11678816_EX-4.44_License Agreement_ Reseller Agreement,Source Code Escrow,"Concurrently with execution of this Agreement or, at CHT's option, as soon as practicable after the Effective Date but in no event later than CHT's acceptance of and the launch of the Ehave Companion Solution, CHT and Ehave shall enter into a Source Code Escrow Agreement with a reputable software escrow agent mutually acceptable to the Parties (""Escrow Agent""), in or substantially in the form attached hereto as Schedule ""7"", or otherwise in a form acceptable to the Parties, acting reasonably, and to the Escrow Agent (the ""Escrow Agreement""), providing for the release of the Source Code for the Software, as modified pursuant to Section 3 and all necessary programming documentation, utilities and tools used by Ehave to maintain the Software and to compile the source code into object code (excluding third party utilities and tools licensed by Ehave for which Ehave has not been granted the right to sublicense or otherwise make available such utilities and tools to third parties without additional charge, but including such information as necessary for CHT to obtain licenses to and obtain such third party utilities and tools), all in its then-existing form, to CHT, in the certain circumstances expressly stated in Section 12(b).",200
2851,HEALTHGATEDATACORP_11_24_1999-EX-10.1-HOSTING AND MANAGEMENT AGREEMENT (1),Price Restrictions,"The Use Fees shall remain the             same as in the Initial Period and the fee for the Services shall not             exceed $7000 for additional journals, $2000 maintenance fee on             existing journals and $2000 per Gigabyte.",35
6958,"Array BioPharma Inc. - LICENSE, DEVELOPMENT AND COMMERCIALIZATION AGREEMENT",Affiliate License-Licensor,"Subject to the terms and conditions of this Agreement, following registration of the Product Trademark(s) by Array in the Ono Territory pursuant to Section 12.3 below, Array shall assign, and shall cause its Affiliates to assign, to Ono all rights to the Product Trademark(s) so registered in the Ono Territory at Ono's cost and expense, in each case solely for the purpose of Commercializing the Products in the Ono Territory in accordance with this Agreement.",75
10969,TRICITYBANKSHARESCORP_05_15_1998-EX-10-OUTSOURCING AGREEMENT,Source Code Escrow,"In the event Customer obtains a copy of the source code pursuant to Section 23.4 above, Customer (or its designee) shall use the source code during the term of the license granted herein solely for Customer's own internal processing and computing needs and to process the Customer Data, but shall not (1) distribute, sell, transfer, assign or sublicense the source code or any parts thereof to any third party, (2) use the source code in any manner to provide service bureau, time sharing or other computer services to third parties, or (3) use any portion of the source code to process data under any application or functionality other than those applications or functionalities which were being provided by M&I to Customer at the time Customer became entitled to receive a copy of the source code.",135
4516,PapaJohnsInternationalInc_20190617_8-K_EX-10.1_11707365_EX-10.1_Endorsement Agreement,Non-Disparagement,"PAPA JOHN'S shall not, during the Term or at any time thereafter: (I) defame or disparage CELEBRITY or the Personality Rights (or any portion thereof), nor shall PAPA JOHN'S place the CELEBRITY or the Personality Rights (or any portion thereof) in a negative light, whether in connection with this Agreement or otherwise",52
5506,BUFFALOWILDWINGSINC_06_05_1998-EX-10.3-FRANCHISE AGREEMENT,Third Party Beneficiary,Lessor and Lessee expressly agree that bw-3 is a third party beneficiary of this Addendum.,15
12507,ArmstrongFlooringInc_20190107_8-K_EX-10.2_11471795_EX-10.2_Intellectual Property Agreement,Affiliate License-Licensor,"Subject to the terms and conditions of this Agreement, Arizona hereby grants to the Company a perpetual, non- exclusive, royalty-free license in, to and under the Arizona Licensed Copyrights for use in the Company Field throughout the world.",38
3304,HarpoonTherapeuticsInc_20200312_10-K_EX-10.18_12051356_EX-10.18_Development Agreement,Affiliate License-Licensor,"""AbbVie Know-How"" means all Information that is (a) Controlled by AbbVie or any of its Affiliates during the Term, (b) developed or acquired by AbbVie or any of its Affiliates during the Term as a result of performance under this Agreement, (c) not generally known and (d) necessary or reasonably useful for the Exploitation of the Licensed Compound or a Licensed Product, but excluding any Joint Know-How or Information published in any AbbVie Patents or Joint Patents.",77
9437,TELKOMSALTD_01_30_2003-EX-10-LICENCE AND MAINTENANCE AGREEMENT,Source Code Escrow,"TELKOM   agrees not to copy the Source Code, nor to disclose it to any third party except   Agents retained by TELKOM to assist in maintaining SOFTWARE, provided   that no such Agent is in the business of marketing or developing software   competitive to the SOFTWARE.",44
12513,ArmstrongFlooringInc_20190107_8-K_EX-10.2_11471795_EX-10.2_Intellectual Property Agreement,Affiliate License-Licensor,"Subject to the terms and conditions of this Agreement, Arizona hereby grants to the Company a perpetual, non- exclusive, royalty-free license in, to and under the Arizona Licensed Know-How for use in the Company Field throughout the world.",38
3340,DigitalCinemaDestinationsCorp_20111220_S-1_EX-10.10_7346719_EX-10.10_Affiliate Agreement,Non-Disparagement,"NCM shall not engage in any conduct  which may place Network Affiliate or any Network Affiliate Mark in a negative light or context,",23
859,CORIOINC_07_20_2000-EX-10.5-LICENSE AND HOSTING AGREEMENT,Source Code Escrow,"Corio         shall bear all fees, expenses and other charges to open and maintain         such escrow account.",16
4037,CardlyticsInc_20180112_S-1_EX-10.16_11002987_EX-10.16_Maintenance Agreement1,Source Code Escrow,"Upon delivery of the Source Code to Bank of America by Supplier, including in connection with any Upgrade, Update or new release, Bank of America shall have the right to verify the Source Code for accuracy, completeness and sufficiency, and to confirm that it compiles to the pertinent object code of the Software.",53
4085,CardlyticsInc_20180112_S-1_EX-10.16_11002987_EX-10.16_Maintenance Agreement1,Third Party Beneficiary,"Except as expressly set forth in this Agreement and with the exception of the Affiliates of Bank of America, the Parties do not intend the benefits of this Agreement to inure to any third party, and nothing contained herein shall be construed as creating any right, claim or cause of action in favor of any such other third party, against either of the Parties hereto.",65
4430,ENTERTAINMENTGAMINGASIAINC_02_15_2005-EX-10.5-DISTRIBUTOR AGREEMENT,Most Favored Nation,"In the event that Vendor is forced to allocate the distribution of the Products due to limited supply, Distributor shall be treated no less favorably than any other distributor and shall receive its pro rata allocation of the Products.",39
1071,ENERGOUSCORP_03_16_2017-EX-10.24-STRATEGIC ALLIANCE AGREEMENT,Source Code Escrow,"ENERGOUS will keep the Deposit Materials in escrow and ensure on a quarterly basis that all the information relating to the Deposit Materials in escrow is current, including deposit of any Product Updates.",33
1516,WPPPLC_04_30_2020-EX-4.28-SERVICE AGREEMENT,No-Solicit Of Employees,The Executive agrees and undertakes with the Company acting on behalf of itself and as agent for each Group Company that he will not in any Relevant Capacity at any time during the Restricted Period:,35
9268,HEALTHGATEDATACORP_11_24_1999-EX-10.1-HOSTING AND MANAGEMENT AGREEMENT - Escrow Agreement,Source Code Escrow,"The Material shall be supplied with details of the following:

      1     Details of the deposit: full name and version details, number of             media items, media type and density, file or archive format, list or             retrieval commands, archive hardware and operating system details.

      2     Name and functionality of each module/application of the Material.

      3     Names and versions of development tools etc.

      4     Documentation describing the procedures for building / compiling /             executing / using the software (technical notes, user guides).

      5     Hardcopy directory listings of the contents of the media.

      6     Name and contact details of employee(s) with knowledge of how to             maintain and support the Material.",106
12149,BLUEFLYINC_03_27_2002-EX-10.27-e-business Hosting Agreement,Third Party Beneficiary,"Except as expressly provided in Section 8, this Agreement does not create any intended third party beneficiary rights.",18
7009,"MEDALISTDIVERSIFIEDREIT,INC_05_18_2020-EX-10.1-CONSULTING AGREEMENT",Non-Disparagement,CONSULTANT acknowledges that any disparaging comments by him against the Company are likely to substantially depreciate the business reputation of the Company.,22
11066,TheglobeComInc_19990503_S-1A_EX-10.20_5416126_EX-10.20_Co-Branding Agreement,Unlimited/All-You-Can-Eat-License,"Boxlot shall grant to theglobe registration rights for such options and any shares of common stock issued or issuable upon the exercise of such options (including without limitation, two demand registration rights and unlimited piggyback registration rights) on Form S-1, Form S-3 or such other form as may be applicable pursuant to the Securities Act of 1933 as amended.",59
4033,CardlyticsInc_20180112_S-1_EX-10.16_11002987_EX-10.16_Maintenance Agreement1,Source Code Escrow,"Bank of America shall notify Supplier of the dates on which any such verification will be conducted, and the results thereof.",21
7008,"MEDALISTDIVERSIFIEDREIT,INC_05_18_2020-EX-10.1-CONSULTING AGREEMENT",Non-Disparagement,"CONSULTANT further agrees that it will not directly or indirectly defame, disparage, or publicly criticize the services, business, integrity, veracity or reputation of the Company or its owners, officers, directors, or employees in any forum or through any medium of communication.",41
12614,SCOUTCAMINC_05_12_2020-EX-10.22-SERVICES AGREEMENT,No-Solicit Of Employees,"suggest to, induce or persuade any customer, client, vendor, supplier, employee, consultant or agent of the Company to terminate or diminish its relationship with the Company.",26
5165,"BABCOCK_WILCOXENTERPRISES,INC_08_04_2015-EX-10.17-INTELLECTUAL PROPERTY AGREEMENT between THE BABCOCK _ WILCOX COMPANY and BABCOCK _ WILCOX ENTERPRISES, INC.",Affiliate License-Licensor,"SpinCo, for itself and as representative of all other members of the SpinCo Group, hereby grants to RemainCo (x) a perpetual, irrevocable, exclusive, royalty-free, worldwide right and license with the right to grant sublicenses (solely as set forth in Section 5.6) to use the SpinCo Know- How currently or previously used in connection with the RemainCo Business or otherwise in the possession of RemainCo or any member of the RemainCo Group as of Distribution Date (the ""Licensed SpinCo Know-How""), for the continued operation of the RemainCo Business and any future extensions of the RemainCo Business in the RemainCo Core Field and (y) a perpetual, irrevocable, non-exclusive, royalty-free, worldwide right and license with the right to grant sublicenses (solely as set forth in Section 5.6) to use the Licensed SpinCo Know-How for the continued operation of the RemainCo Business and any future extensions of the RemainCo Business in any field other than the RemainCo Core Field or the SpinCo Core Field; provided, however, the foregoing licenses shall not extend to (i) SpinCo Know-How",172
11029,GarrettMotionInc_20181001_8-K_EX-2.4_11364532_EX-2.4_Intellectual Property Agreement,Affiliate License-Licensor,"Notwithstanding Section 3.01, Honeywell hereby grants, and agrees to cause the members of the Honeywell Group to hereby grant, to SpinCo and the members of the SpinCo Group, for a period of ten (10) years after the Distribution Date (unless earlier terminated in accordance with Section 3.03(c)), a non-exclusive, royalty-free, fully-paid, non-sublicenseable, non-transferable, worldwide license to use and reproduce the Honeywell Content solely for the SpinCo Group's internal business purposes.",70
7922,MOSSIMOINC_04_14_2000-EX-10.14-ENDORSEMENT AGREEMENT,Third Party Beneficiary,It is understood that Duval is not a party hereto and has no liability hereunder but is an intended specific third party creditor beneficiary hereof.,25
8367,EhaveInc_20190515_20-F_EX-4.44_11678816_EX-4.44_License Agreement_ Reseller Agreement,Source Code Escrow,"In connection with the exercise of CHT's rights under the Escrow Agreement, Ehave hereby grants to CHT a non- exclusive, non-transferable (except as set forth in Section 20(f)), right and license to use and copy the materials deposited with the Escrow Agent, including the Source Code, its Specifications and documentation, and any resulting corrections, repairs, translations, enhancements, and other derivative works and improvements made by CHT, for the sole purposes of providing to CHT the ability to operate, support and maintain, the Ehave Companion Solution for its End Users from time to time, until such time that CHT is able to migrate off the Ehave Companion Solution, but in any event not exceeding twelve months from the date of release of the materials from escrow.",125
3078,"XLITECHNOLOGIES,INC_12_11_2015-EX-10.1-Sponsorship Agreement",Non-Disparagement,"In further consideration of this Agreement, XLI shall not in any way disparage the Trademarks, nor any of WCC's parent, subsidiary, or affiliated companies' trademarks or its or their products.",30
4815,USASYNTHETICFUELCORP_10_21_2010-EX-10.10-STRATEGIC ALLIANCE AGREEMENT,Most Favored Nation,"If at any time on or prior to the earlier of (i) December 31, 2007, or (ii) the date on which Global Energy completes an initial public offering (""IPO"") of its common stock, Global Energy sells additional common shares or other financial instruments convertible into its common shares, or enters into any similar transaction for the sale of an ownership interest in Global Energy which is the same or substantially the same as that sold to Oxbow under Section 1 of this Agreement, and the price of which is less than $200.00 per share, Global Energy shall issue additional common shares to Oxbow such that Oxbow's adjusted per-share price for its stockholdings shall be no greater than the lowest price paid by any such subsequent purchaser of its shares",129
23,LIMEENERGYCO_09_09_1999-EX-10-DISTRIBUTOR AGREEMENT,Price Restrictions,"The Company  also  reserves  the right to                            increase  or  decrease  the price  per unit  based on                            Company   wide   changes   in  unit   prices  to  all                            distributors of the Company,  provided however,  that                            any price changes, other than those based on the CPI,                            shall be uniformly applied to all distributors of the                            Products   and  shall   reasonably   applied  to  all                            distributors  of the  Products  and shall  reasonably                            reflect Company's costs of manufacturing the Products                            and/or  market  demand  for  the  Products,  provided                            further  than any increase in price based upon market                            demand   shall   not  be  so  great  as  to   deprive                            Distributor  of  its  normal  and  customary   profit                            margin.",104
6500,DYNAMEXINC_06_06_1996-EX-10.4-TRANSPORTATION SERVICES AGREEMENT,No-Solicit Of Customers,"Except for the joint marketing efforts referred to in Section 3.1 (v)        above, Dynamex agrees not to directly or indirectly solicit overnight        freight from customers of Purolator.",27
3299,HarpoonTherapeuticsInc_20200312_10-K_EX-10.18_12051356_EX-10.18_Development Agreement,Affiliate License-Licensor,"Upon the License Option Exercise Closing Date, Harpoon (on behalf of itself and its Affiliates) hereby grants to AbbVie:

(a) an exclusive (including with regard to Harpoon and its Affiliates, except as provided in Section 5.6) license (or sublicense), with the right to grant sublicenses in accordance with Section 5.3, under the Harpoon Patents, the Harpoon Know-How, and Harpoon's interests in the Joint Patents and the Joint Know-How, to Exploit the Licensed Compounds and Licensed Products in the Field in the Territory;

(b) an exclusive (including with regard to Harpoon and its Affiliates, except as provided in Section 5.6) license and right of reference, with the right to grant sublicenses and further rights of reference in accordance with Section 5.3, under the Regulatory Approvals and any other Regulatory Documentation that Harpoon or its Affiliates may Control with respect to the Licensed Compounds or Licensed Products solely for purposes of Exploiting the Licensed Compounds and Licensed Products in the Field in the Territory.",162
2814,AimmuneTherapeuticsInc_20200205_8-K_EX-10.3_11967170_EX-10.3_Development Agreement,Affiliate License-Licensor,"Subject to the terms and conditions of this Agreement, Xencor hereby grants to Aimmune during the Term an exclusive, worldwide, payment-bearing license under and with respect to Xencor Patents and Xencor's interest in Joint Collaboration Patents, and a non-exclusive, payment bearing license under and with respect to Xencor Know-How, in each case, with the right to sublicense solely in accordance with Section 2.3.2, solely to Develop, Manufacture and Commercialize the Product in and for the Licensed Field; provided that notwithstanding the foregoing, Xencor shall retain the right under and with respect to Xencor Patents and Xencor's interest in Joint Collaboration Patents to the extent necessary to perform its obligations under this Agreement.",112
4039,CardlyticsInc_20180112_S-1_EX-10.16_11002987_EX-10.16_Maintenance Agreement1,Source Code Escrow,Bank of America shall reproduce in all copies of the Source Code made by Bank of America any proprietary or confidentiality notices contained in the Source Code when originally delivered by Supplier.,32
6710,ExactSciencesCorp_20180822_8-K_EX-10.1_11331629_EX-10.1_Promotion Agreement,Affiliate License-Licensor,"Subject to the terms of this Agreement, Exact on behalf of itself and its Affiliates, hereby grants to Pfizer a non-exclusive, royalty free license, with the right to sublicense to one or more of its Affiliates, under the Exact House Marks, the Exact Trademarks and the Exact Copyrights, during the Term, to the extent necessary or appropriate to allow Pfizer and its Affiliates to carry out activities under this Agreement including to Promote and Detail the Product in the Co-Promote Field in the Territory.",84
858,CORIOINC_07_20_2000-EX-10.5-LICENSE AND HOSTING AGREEMENT,Source Code Escrow,"escrow account in California a copy of the source code of the Software





     including all Updates and Upgrades thereto, documentation and similar         materials (the SOURCE CODE).",26
9430,TELKOMSALTD_01_30_2003-EX-10-LICENCE AND MAINTENANCE AGREEMENT,Source Code Escrow,"SAP Africa warrants that the entire source code for the SOFTWARE owned by   or licensed by SAP AG and/or COMMERCE ONE INC.. (""Source Code""),   together with related DOCUMENTATION as it is, or becomes available, shall   be deposited into an escrow account by no later than 30 June 2001 which is   maintained at Volksbank Wiesloch, Germany (the ""Escrow Agent""), pursuant   to an agreement between the Escrow Agent and SAP AG (the ""Escrow   Agreement"").",72
10133,LejuHoldingsLtd_20140121_DRS (on F-1)_EX-10.26_8473102_EX-10.26_Content License Agreement1,Most Favored Nation,"In the event E-House Research and Training Institute becomes entitled to charge, invoice, or otherwise receive from, Licensee any royalties, fees or other remuneration for use of the E-House Licensed Data and Information pursuant to amendments to the Master Transaction Agreement or through other means, Licensor and Licensee shall use good faith efforts to amend this Agreement such that Licensor becomes entitled to charge, invoice, or otherwise receive fees from Licensee to use the Licensed Domain Names and Licensed Content, such fees to be agreed upon by the Parties, provided that (i) such fees shall be commercially reasonable and (ii) such fees shall not exceed the fees charged by Licensor to unaffiliated third parties for use of the Licensed Content, taking into account any other consideration received by Licensor (including, but not limited to, discounted services offerings from the third party).",141
8261,AURASYSTEMSINC_06_16_2010-EX-10.25-STRATEGIC ALLIANCE AGREEMENT,Most Favored Nation,"Zanotti shall notify Aura  in writing of any such MFN Terms within fifteen (15) calendar days after agreeing thereto, and shall make the MFN Terms available to Aura as of  the effective date of such agreement and thereafter for the greater of (i) three (3) months or (ii) such time that the MFN Terms remain in effect.",57
13146,NEXSTARFINANCEHOLDINGSINC_03_27_2002-EX-10.26-OUTSOURCING AGREEMENT,Most Favored Nation,"In addition to the other restrictions contained herein, Nexstar shall not enter into any material contractual obligation with respect to WYZZ-TV without first consulting with WYZZ to determine whether or not WYZZ (or its affiliates) is able to obtain more favorable terms with respect to the subject matter of such contract.",51
5909,ZogenixInc_20190509_10-Q_EX-10.2_11663313_EX-10.2_Distributor Agreement,Affiliate License-Licensor,"Distributor hereby grants Zogenix an irrevocable, perpetual, world-wide, royalty-free, fully paid-up, non-exclusive license with the right to grant sublicenses under such Distributor Inventions and any patents or patent applications claiming or disclosing such Distributor Inventions.",35
8721,GAINSCOINC_01_21_2010-EX-10.41-SPONSORSHIP AGREEMENT,Non-Disparagement,"The Sponsor shall have the right to terminate this Agreement on written  notice to Racing if any driver, the general manager or any other member of Racing",27
9559,GentechHoldingsInc_20190808_1-A_EX1A-6 MAT CTRCT_11776814_EX1A-6 MAT CTRCT_Distributor Agreement,Price Restrictions,"Subject to Company's right to increase the price only once per year per the terms and restrictions contained in the Agreement, and Company's right to decrease the price at any time upon notice, the Products shall be sold by Company to Distributor at the following Prices and Volume Discount Prices.",50
9560,GentechHoldingsInc_20190808_1-A_EX1A-6 MAT CTRCT_11776814_EX1A-6 MAT CTRCT_Distributor Agreement,Price Restrictions,"Such Prices and Volume Discount Prices shall only be subject to increase once per year on each anniversary date of this Agreement, provided (i) Company provides Distributor with at least Ninety (90) days prior written notice of any such increase, and (ii) such increase does not exceed 5% of the preceding year's Prices, except for reasons of force majeure, (Chapter 10), and Volume Discount Prices nor the lowest price charged to others for the same Product.",76
2294,NANOPHASETECHNOLOGIESCORP_11_01_2005-EX-99.1-DISTRIBUTOR AGREEMENT,Most Favored Nation,"NTC agrees that the Product Prices, benefits and allowances offered to ALFA AESAR shall not be less favorable than those offered on Products provided to agents, distributors or marketed directly by NTC to any customers, other than the Product Prices existing as of the date of this Agreement with NTC's commercial partners.",52
5591,WARNINGMANAGEMENTSERVICESINC_12_10_1999-EX-10-ENDORSEMENT AGREEMENT,Most Favored Nation,"If, at any time during the Contract Period, Company shall enter into any agreement (the terms of what are significantly the same as the terms hereof) in connection with the production and sale of Company's products using the name, likeness, photographic representation or signature of any other National Football League quarterback (active or retired), which agreement provides for the payment to such individual of remuneration in excess of that set forth herein, then Company agrees it will immediately so notify Pey Dirt",82
2541,ArconicRolledProductsCorp_20191217_10-12B_EX-2.7_11923804_EX-2.7_Trademark License Agreement,Affiliate License-Licensor,"Licensor on behalf of itself and its Affliates hereby grants to Licensee the limited licenses to use and have used the Licensed Mark: (i) for the Licensed Products as set forth on Schedule 2; and (ii) as set forth on Schedule 1, concerning agreements entered into by Licensee prior to the Effective Date (""Existing Agreements""). For the avoidance of doubt, Licensor also grants to Licensee and its subsidiaries and affiliates a non-exclusive, worldwide royalty-free license for continued use of the Licensed Mark for the production and sale of inventory containing the Licensed Mark applied to such products during the Transition Period as set forth in section 8.2 of the Separation and Distribution Agreement and in Schedule 2 of this Agreement.",120
3250,"ELFBEAUTY,INC_07_02_2020-EX-10.1-COOPERATION AGREEMENT",Non-Disparagement,"Subject to applicable law, the Company, on the one hand, and each of the Marathon Parties on the other hand, covenants and agrees that, during the Support Period or if earlier, until such time as the other Party or any of its or her officers, directors, employees, subsidiaries, Affiliates, Associates, agents, attorneys or other representatives (collectively, the ""Representatives"") shall have breached this section, neither it nor any of its respective Representatives acting, directly or indirectly, at its direction or on its behalf, shall in any way publicly (including by any communication with other investors or prospective investors in the Company where such communications could reasonably be expected to be made public or trigger a public disclosure obligation, with securities analysts or any member of traditional or digital media) criticize, disparage, call into disrepute or otherwise defame or slander the other Party or such other Party's Representatives (including any current officer or director of a Party or a Party's subsidiaries who no longer serves in such capacity at any time following the execution of this Agreement), or any of their businesses, products or services, in any manner that would reasonably be expected to damage the business or reputation of such other Party.",201
8369,EhaveInc_20190515_20-F_EX-4.44_11678816_EX-4.44_License Agreement_ Reseller Agreement,Source Code Escrow,"CHT expressly agrees, however, that CHT shall not exercise any of the foregoing right and license unless and until CHT obtains such Source Code from the Escrow Agent.",28
5911,ZogenixInc_20190509_10-Q_EX-10.2_11663313_EX-10.2_Distributor Agreement,Affiliate License-Licensor,"Distributor shall own the entire right, title and interest in and to any and all Inventions discovered, developed, identified, made, conceived or reduced to practice solely by Distributor or its Affiliates or Sub-distributors or its other subcontractors in the Territory and under or in connection with this Agreement, including in the course of conducting regulatory activities or Commercialization of the Product in the Field in the Territory, whether or not patented or patentable, together with any and all intellectual property rights in any such Inventions, including Patents that claim or disclose any such Inventions (collectively, the ""Distributor Invention"").",98
2815,AimmuneTherapeuticsInc_20200205_8-K_EX-10.3_11967170_EX-10.3_Development Agreement,Affiliate License-Licensor,"""Xencor Know-How"" means any and all Know-How, whether or not patented or patentable, (i) to the extent Controlled by Xencor or its Affiliates as of the Effective Date, or, if transferred to Aimmune thereafter during the Term of this Agreement, and that is necessary in connection with the Development, Manufacture, Commercialization or other use of the Antibody or Product or (ii) constituting a Xencor Invention. Notwithstanding the foregoing, in all cases, Xencor Know-How does not include (a) [REDACTED], (b) [REDACTED], (c) [REDACTED], (d) [REDACTED], (e) [REDACTED], or (f) [REDACTED].",89
856,CORIOINC_07_20_2000-EX-10.5-LICENSE AND HOSTING AGREEMENT,Source Code Escrow,"Within sixty (60) days of the Effective Date, Commerce         One agrees to execute an escrow agreement by and among Corio, Commerce         One and a mutually acceptable escrow agent (the ""ESCROW AGENT"").",31
12164,ASIANDRAGONGROUPINC_08_11_2005-EX-10.5-Reseller Agreement,Unlimited/All-You-Can-Eat-License,Note 4 Unlimited calling FROM Virtual Calling Zone only. Long distance charges apply when calling to VCZ.,17
1628,ORBSATCORP_08_17_2007-EX-7.3-STRATEGIC ALLIANCE AGREEMENT,Third Party Beneficiary,"Notwithstanding the foregoing, UTK may assign this Agreement or any portion of its Compensation as outlined herein to its subsidiaries in its sole discretion.",24
9487,"FIDELITYNATIONALINFORMATIONSERVICES,INC_08_05_2009-EX-10.3-INTELLECTUAL PROPERTY AGREEMENT",Affiliate License-Licensor,"Certegy hereby grants, and will cause the other members of the Certegy Group to grant, to Equifax a fully paid, non-exclusive, perpetual, worldwide, non-transferable license to use, modify, copy, improve, create Derivative Works and Equifax Enhancements from, and sublicense the Licensed Certegy Materials (excluding the Utility Software Programs) solely for use in the Equifax Business and as that business may evolve and change in the future, subject to the following:

          (i)   Equifax shall not sublicense, or otherwise disclose or                 distribute, or permit any Person to use, the Licensed Certegy                 Materials (excluding the Utility Software Programs), except in                 accordance with Section 4.4(b);

          (ii)  Equifax shall hold the Licensed Certegy Materials (excluding the                 Utility Software Programs) in strict confidence; will not remove                 or destroy any proprietary markings of the Certegy Group on or                 contained in the Licensed Certegy Materials (excluding the





                Utility Software Programs); and will include the copyright and                 patent notices of the licensor as specified from time to time by                 the licensor for the Licensed Certegy Materials (excluding the                 Utility Software Programs) on and in all copies of the Licensed                 Certegy Materials (excluding the Utility Software Programs);

          (iii) Equifax shall not export or re-export the Licensed Certegy                 Materials (excluding the Utility Software Programs) without the                 appropriate United States or foreign government license; and

          (iv)  all sublicenses from Equifax to members of the Equifax Group (A)                 shall contain the rights and restrictions set forth in this                 Section 4.4(a) with respect to the license granted to Equifax                 and comply with Sections 4.4(b) through (d) hereof and (B) shall                 be diligently enforced by Equifax.",261
3900,IGENEBIOTECHNOLOGYINC_05_13_2003-EX-1-JOINT VENTURE AGREEMENT,Third Party Beneficiary,"Except as expressly stated herein with respect to members of each Party, no person or entity not a Party to this Agreement (including, without limitation, any employee of either Party or the Joint Venture) shall be a third-party beneficiary of any provision of this Agreement, and nothing contained herein shall be construed or deemed to confer any benefit or right upon any third party.",64
682,ChinaRealEstateInformationCorp_20090929_F-1_EX-10.32_4771615_EX-10.32_Content License Agreement,Most Favored Nation,"In the event E-House Research and Training Institute becomes entitled to charge, invoice, or otherwise receive from, Licensee any  royalties, fees or other remuneration for use of the E-House Licensed Data and Information pursuant to amendments to the Master Transaction  Agreement or through other means, Licensor and Licensee shall use good faith efforts to amend this Agreement such that Licensor becomes  entitled to charge, invoice, or otherwise receive fees from Licensee to use the Licensed Domain Names and Licensed Content, such fees to be  agreed upon by the Parties, provided that (i) such fees shall be commercially reasonable and (ii) such fees shall not exceed the fees charged by  Licensor to unaffiliated third parties for use of the Licensed Content, taking into account any other consideration received by Licensor (including,  but not limited to, discounted services offerings from the third party).",141
7848,KALLOINC_11_03_2011-EX-10.1-STRATEGIC ALLIANCE AGREEMENT,Non-Disparagement,"Each party agrees  that it will use all reasonable commercial efforts to prevent its employees from making any Disparaging  Communications regarding the other party and/or the other party's products, services, officers, directors,  shareholders, employees or investors; provided, however, that nothing in this Section (11), subparagraph (j) shall  restrict or impede the exercise of any rights or remedies of a Party under this Agreement.",63
11110,"HC2HOLDINGS,INC_05_14_2020-EX-10.1-COOPERATION AGREEMENT",Non-Disparagement,"Subject to applicable law, each of the Parties covenants and agrees that, during the Standstill Period, neither Party nor any of its subsidiaries, Affiliates, successors, assigns, principals, partners, members, general partners, officers, key employees or directors (collectively, ""Representatives""), shall in any way, directly or indirectly, in any capacity or manner, whether written or oral, electronically or otherwise (including, without limitation, in a television, radio, internet, newspaper, magazine interview, or otherwise through the press, media, analysts or other persons or in any document or report filed with the SEC), publicly disparage, impugn, make ad hominem attacks on or otherwise defame or slander or make, express, transmit, speak, write, verbalize or otherwise publicly communicate in any way (or cause, further, assist, solicit, encourage, support or participate in any of the foregoing), any public communication or statement of any kind, whether verbal, in writing, electronically transferred or otherwise, that might reasonably be construed to be disparage, derogate or impugn, the other Party or such other Party's Representatives (including any current officer or director of a Party or a Parties' subsidiaries who no longer serves in such capacity following the execution of this Agreement), employees, stockholders (solely in their capacity as stockholders of the applicable Party), or any of their businesses, products or services, in any manner that would reasonably be expected to damage the business, or reputation of the other Party or of its Representatives (including former officers and directors), directors (or former directors), employees, stockholders (solely in their capacity as stockholders of the applicable Party); provided that, with respect to any litigation, arbitration or other proceeding between the Parties, nothing in this Section 5 shall prevent either Party from disclosing any facts or circumstances with respect to any such litigation, arbitration or other proceeding.",292
13514,NETZEEINC_11_14_2002-EX-10.3-MAINTENANCE AGREEMENT,Price Restrictions,"Following the completion of such maintenance term, Bankers Bank may, at its option, renew maintenance for subsequent periods of one (1) year each, subject to adjustments proposed by Netzee not to exceed 5% at least sixty (60) days in advance of the applicable renewal date.",45
5261,"Sonos, Inc. - Manufacturing Agreement ",No-Solicit Of Customers,"Unless otherwise instructed by Sonos in writing, IAC is not authorized at any time to sell Custom Components to any third party or IAC Affiliate.",25
8011,"Loop Industries, Inc. - Marketing Agreement",No-Solicit Of Customers,"Joint Venture Company shall not, and shall cause each SPV and each of their Affiliates not to, directly or indirectly, market or sell any Loop-branded Products or any Products produced using Licensed Subject Matter to any person or entity except to Authorized Customers pursuant to a Transferred Contract (the ""Marketing and Sale Restriction""); provided that if at any time during the term of this Agreement, Loop has delivered Proposed Contract Notices that result in Transferred Contracts having binding purchase and supply obligations for less than [REDACTED] of the then existing actual production capacity of a Licensed Facility (taking into account Joint Venture Company's reasonable forecasts based on customer requirements, seasonal variations, and other factors) in the subsequent three months (the ""[REDACTED]""), Joint Venture Company may market and solicit orders for Licensed Products produced in such Licensed Facility directly to customers and potential customers and enter into supply contracts for the sale of Loop-branded Products or any Products produced using Licensed Subject Matter produced in such Licensed Facility with customers without being restricted by the Marketing and Sale Restriction.",178
12490,ArmstrongFlooringInc_20190107_8-K_EX-10.2_11471795_EX-10.2_Intellectual Property Agreement,Non-Disparagement,The Company shall not tarnish or bring into disrepute the reputation of or goodwill associated with the Seller Licensed Trademarks or Arizona.,22
4041,CardlyticsInc_20180112_S-1_EX-10.16_11002987_EX-10.16_Maintenance Agreement1,Source Code Escrow,"If a Release Condition has occurred, Bank of America may immediately release the Source Code for the purposes described in Section 8.8, following the issuance of a written statement to Supplier by Bank of America's executive management, stating that a Release Condition has occurred.",44
13122,JOINTCORP_09_19_2014-EX-10.15-FRANCHISE AGREEMENT,Third Party Beneficiary,Lessor and Lessee expressly agree that Franchisor is a third party beneficiary of this Addendum.,15
9255,SoupmanInc_20150814_8-K_EX-10.1_9230148_EX-10.1_Franchise Agreement1,Third Party Beneficiary,"Such covenants shall be in a form satisfactory to us, including, without limitation, specific identification of us as a third party beneficiary of such covenants with the independent right to enforce them.",32
5814,VIOLINMEMORYINC_12_12_2012-EX-10.14-SPONSORSHIP AGREEMENT,Non-Disparagement,"Either Party shall have the right to immediately terminate this Agreement in the event the other Party, in such Party's reasonable discretion, engages in illegal, indecent, immoral, harmful or scandalous behavior or activities that may directly or indirectly damage such Party's reputation or goodwill or violates any rules or regulations of Team or the National Football League or if this would otherwise violate League policy or directive.",67
4098,"NETGEAR,INC_04_21_2003-EX-10.16-DISTRIBUTOR AGREEMENT",No-Solicit Of Customers,Distributor may not sell or license Products directly to end use customers without the express written consent of NETGEAR.,19
9781,"GSITECHNOLOGYINC_11_16_2009-EX-10.2-INTELLECTUAL PROPERTY AGREEMENT between SONY ELECTRONICS INC. and GSI TECHNOLOGY, INC.",Third Party Beneficiary,"Other than Affiliates of a Party, nothing expressed or implied in this IP Agreement is intended or will be construed to confer  upon or give any Person other than the Parties any rights or remedies under or by reason of this IP Agreement or any transaction contemplated  hereby.",48
9271,HEALTHGATEDATACORP_11_24_1999-EX-10.1-HOSTING AND MANAGEMENT AGREEMENT - Escrow Agreement,Source Code Escrow,"Subject to the provisions of Clauses 6.2 and 6.3, NCC shall release             the Material to a duly authorised officer of the Licensee if at any             time or times any of the following events or circumstances occur,             arise or become apparent:

            6.1.1 the Owner enters into any composition or arrangement with its                   creditors or (being a company) enters into liquidation whether                   compulsory or voluntary (other than for the purposes of                   solvent reconstruction or amalgamation) or has a receiver or                   administrative receiver appointed over all or any part of its                   assets or undertaking or a petition is presented for an                   Administration Order or (being an individual or partnership)                   becomes bankrupt, or an event occurs within the jurisdiction                   of the country in which the Owner is situated which has a                   similar effect to any of the above events in the United                   Kingdom; or

            6.1.2 the Owner ceases to trade; or

            6.1.3 the Owner assigns copyright in the Material and the assignee                   fails within 60 days of such assignment to offer the Licensee                   substantially similar protection to that provided by this                   Agreement without significantly increasing the cost to the                   Licensee; or

            6.1.4 the Owner without legal justification, has defaulted to a                   material degree in any obligation to provide maintenance or                   modification of the Package under the Licence Agreement or any                   maintenance agreement entered into in connection with the                   Package and has failed to remedy such default notified by the                   Licensee to the Owner; or





            6.1.5 coding of the Package is such that either the accuracy or the                   functionality or the performance of the Package is or becomes                   or is demonstrably likely to become significantly adversely                   affected by the entry or processing of data incorporating any                   date or dates whether prior or subsequent to or including 31                   December 1999, including but not limited to any of the                   following:

                  6.1.5.1  the Package crashes at any time while processing any                            such data;

                  6.1.5.2. the Owner has warranted or represented that the                            Package is capable of accurately and correctly                            processing such data in accordance with the Package's                            current functional specification and the Licensee                            demonstrates that the Package is not so capable;

                  6.1.5.3  the Owner has undertaken or attempted to procure the                            Package to be so capable and the Licensee                            demonstrates that the Package is still not so                            capable;

                  6.1.5.4  no such warranty, representation, undertaking or                            attempt has been given or made and the Licensee                            demonstrates that the Package is not so capable.",404
3621,AtnInternationalInc_20191108_10-Q_EX-10.1_11878541_EX-10.1_Maintenance Agreement,Third Party Beneficiary,All AT&T Affiliates receiving Material or Services under this Agreement and the federal government of the United States shall be express third party beneficiaries under this Agreement.,27
6478,BerkshireHillsBancorpInc_20120809_10-Q_EX-10.16_7708169_EX-10.16_Endorsement Agreement,Non-Disparagement,(iii) Auriemma publicly disparages Berkshire and/ or its products.,9
8480,"ROCKYMOUNTAINCHOCOLATEFACTORY,INC_12_23_2019-EX-10.2-STRATEGIC ALLIANCE AGREEMENT",Non-Disparagement,"Neither the Company nor any of its Affiliates shall in any manner, directly or indirectly, in any capacity or manner, make or cause to be made, or in any way encourage any other person to make or cause to be made, any public statement or public announcement, including in any document or report filed with or furnished to the SEC or through the press, media, analysts or other persons, that constitutes an ad hominem attack on or otherwise disparages, defames or slanders the Farids Group or any of its Affiliates or any of their respective successors or current or former members, partners, officers, directors or employees (it being understood and agreed that the restrictions in this Section 8.8(a) shall not apply to any member of the Board of Directors based upon discussions solely among other members of the Board of Directors and/or management of the Company); provided, that the limitations set forth in this Section 8.8(a) shall not prevent the Company or any of its Affiliates from (i) responding to any public statement or announcement made by the Farids Group or any of its Affiliates that was made in breach of Section 8.8(b) below or (ii) if solicited by a Third Party, making objective statements that reflect the Company's view with respect to factual matters concerning specific acts or determinations of the Farids Group or any of its Affiliates (or their respective current or former representatives) occurring after the date hereof.",241
3169,STWRESOURCESHOLDINGCORP_08_06_2014-EX-10.1-COOPERATION AGREEMENT,Third Party Beneficiary,"Nothing in this AGREEMENT shall be construed to confer any right, privilege or benefit on, or to otherwise create any vested right or third-party beneficiary relationship with any person or entity not a party to the AGREEMENT, unless otherwise provided in this AGREEMENT.",43
13295,PlayboyEnterprisesInc_20090220_10-QA_EX-10.2_4091580_EX-10.2_Content License Agreement_ Marketing Agreement_ Sales-Purchase Agreement1,Most Favored Nation,The parties agree that Client will not be  charged a higher fee than what is being made available by EFS to its other Clients for similar services.,27
2863,HEALTHGATEDATACORP_11_24_1999-EX-10.1-HOSTING AND MANAGEMENT AGREEMENT (1),Source Code Escrow,"If no new version has been deposited in any 6 month period,             HealthGate will deposit a replacement copy of the then current             version of the source code of the Proprietary Software under the             Escrow Agreement and will notify the Publishers in writing.",42
2370,PelicanDeliversInc_20200211_S-1_EX-10.3_11975895_EX-10.3_Development Agreement2,Non-Disparagement,"The Client and the Designer both agree to never to disparage or speak ill of the other party to anyone and or post negative or disparaging comments Online regarding any of the Designer's products, services, affiliates, subsidiaries, officers, directors, employees or shareholders, and will take reasonable steps to prevent and will not knowingly permit any of their respective employees or agents to, disparage or speak ill of such persons.",69
7005,"MEDALISTDIVERSIFIEDREIT,INC_05_18_2020-EX-10.1-CONSULTING AGREEMENT",No-Solicit Of Customers,"CONSULTANT agrees that during its consultancy for REIT and for a period of twelve (12) months immediately following the termination of its consultancy with the Company for any reason, whether with or without cause, it will not: (a) solicit, entice or induce any Customer for the purpose of providing, or provide, products or services that are competitive with the products or services provided by the Company, or (b) solicit, entice, or induce any Customer to terminate or reduce its business with (or refrain from increasing its business with) the Company.",90
4688,ELANDIAINTERNATIONALINC_04_25_2007-EX-10.21-Outsourcing Agreement,Price Restrictions,No later than 30 days after the end of each contract year the Base Fee must be increased or decreased in accordance with the increase or decrease in the CPI and such increases or decreases will be calculated by using the following formula:,43
10714,ENTRUSTINC_07_24_1998-EX-10.5-STRATEGIC ALLIANCE AGREEMENT,Unlimited/All-You-Can-Eat-License,"ETI, on behalf of Entrust, grants to NTL and its              ------------                                                   Affiliates (as defined in the Enterprise License) a non-exclusive, fully paid- up, worldwide, perpetual license to use an unlimited number of copies of the Entrust Products subject to the terms and conditions of an agreement to be concluded between NTL and ETI promptly after the Effective Date in substantially the form of the license set forth in Exhibit B (the ""Enterprise License"") save                                                      ------------------        as amended to comply with the provisions of this Article III.",86
12789,"GOOSEHEADINSURANCE,INC_04_02_2018-EX-10.6-Franchise Agreement",No-Solicit Of Customers,"You further covenant and agree that, for a continuous period of two (2) years after (1) the expiration of this Agreement, (2) the non-renewal of this Agreement, (3) the termination of this Agreement, and/or (4) a transfer as contemplated in Section 16 above: 19.5.1 you will not directly or indirectly, for yourself, or through, on behalf of, or in conjunction with any person, firm, partnership, corporation, or other entity, sell, assign, lease, and/or transfer the Approved Location to any person, firm, partnership, corporation, or other entity that you know, or have reason to know, intends to operate a Competitive Business at the Approved Location; and 19.5.2 you will not solicit, divert, or attempt to solicit or divert any actual or potential business or customer of the Franchised Business to any Competitive Business.",132
3335,DigitalCinemaDestinationsCorp_20111220_S-1_EX-10.10_7346719_EX-10.10_Affiliate Agreement,No-Solicit Of Customers,"During the Term and for a period of twelve (12) months thereafter Network Affiliate will not, without NCM's prior written  consent, either alone or in concert with others directly or indirectly solicit, entice, induce, or encourage:",36
3406,VERTICALNETINC_04_01_2002-EX-10.19-MAINTENANCE AND SUPPORT AGREEMENT,Unlimited/All-You-Can-Eat-License,"Except as the parties may otherwise agree in writing, Converge, to the extent it has the legal right to do so, hereby grants to Vert an irrevocable, perpetual, world-wide, non-exclusive right and license to use, load, store, transmit, execute, copy, market, distribute, in any medium or distribution technology whatsoever, known or unknown, display, perform and sublicense the Converge-Independent Materials and the Third-Party Materials, in both Source Code and Object Code formats, and to make unlimited





instantiations thereof, for any and all purposes.",82
11601,ENTERPRISEPRODUCTSPARTNERSLP_07_08_1998-EX-10.3-TRANSPORTATION CONTRACT,Price Restrictions,"When for Shipper's convenience a trailer is set out at the facilities of the    Consignor or Consignee or any other site designated, a charge of $10.00 per    hour or fraction thereof will apply, subject to a maximum charge of $100.00    per trailer in any consecutive twenty-four (24) hour period.",49
9428,TELKOMSALTD_01_30_2003-EX-10-LICENCE AND MAINTENANCE AGREEMENT,Source Code Escrow,"TELKOM shall have a non-exclusive, non-transferable LICENCE to USE the   Source Code solely for its own use in order to support and maintain the   SOFTWARE and for no other purpose whatsoever.",31
4287,MRSFIELDSORIGINALCOOKIESINC_01_29_1998-EX-10-FRANCHISE AGREEMENT,No-Solicit Of Customers,"Neither  Franchisee  nor any of its Owners shall divert or attempt to divert any business or any customers of any Pretzel Time Unit to any  Competitive  Business or employ or seek to employ any  person who is  employed  by Pretzel  Time,  its Affiliates  or a franchisee  of Pretzel Time nor induce or attempt to induce any such person to leave said  employment  without the prior written consent of such person's employer.",71
5565,ALLISONTRANSMISSIONHOLDINGSINC_12_15_2014-EX-99.1-COOPERATION AGREEMENT,Non-Disparagement,"Each member of the ValueAct Group agrees that, during the Covered Period, (unless specifically requested in writing by the Company, acting through a resolution of a majority of the Company's directors not including the ValueAct Designee), it shall not, and shall cause each of its Affiliates or Associates (as such terms are defined in Rule 12b-2 promulgated by the SEC under the Exchange Act) (collectively and individually, the ""ValueAct Affiliates,"" provided that no portfolio company of the ValueAct Group shall be deemed a ""ValueAct Affiliate"" so long as such portfolio company (A) has not discussed any of the actions set forth in this subsection (a) with the ValueAct Group or the ValueAct Designee, (B) has not received from the ValueAct Group or the ValueAct Designee information concerning the Company or its business, and (C) is not acting at the request of, in coordination with or on behalf of the ValueAct Group or the ValueAct Designee), not to, directly or indirectly, in any manner, alone or in concert with others:",169
4040,CardlyticsInc_20180112_S-1_EX-10.16_11002987_EX-10.16_Maintenance Agreement1,Source Code Escrow,"Bank of America may temporarily release the Source Code for this purpose only, but all copies of the Source Code shall be returned to the designated storage location as soon as the verification is completed.",35
11162,Monsanto Company - SECOND A_R EXCLUSIVE AGENCY AND MARKETING AGREEMENT ,Non-Disparagement,"The parties will ensure that marketing, promotional and selling plans promote the sale of the Natural Products in a manner that is consistent with this Agreement and complementary to Roundup Products, and does not directly or indirectly disparage or advertise against Roundup Products, as set forth in this Agreement.",49
10305,CybergyHoldingsInc_20140520_10-Q_EX-10.27_8605784_EX-10.27_Affiliate Agreement,Non-Disparagement,"Company shall not specify the business practices of MA, nor regulate the manner in which MA shall operate its business, provided that MA (a) conducts business in a manner that reflects favorably at all times on the Technology sold and the good name, goodwill and reputation of Company and its affiliates",51
8537,InnerscopeHearingTechnologiesInc_20181109_8-K_EX-10.6_11419704_EX-10.6_Distributor Agreement,Non-Disparagement,"Distributor shall not do anything which is contrary to or which in Erchonia's reasonable business judgment is harmful to its honor, goodwill or reputation.",24
8395,EhaveInc_20190515_20-F_EX-4.44_11678816_EX-4.44_License Agreement_ Reseller Agreement,Third Party Beneficiary,"Ehave shall be a third party beneficiary hereunder, but shall not have any obligations to the End User thereunder.",19
7812,NmfSlfIInc_20200115_10-12GA_EX-10.5_11946987_EX-10.5_Trademark License Agreement,Third Party Beneficiary,"The parties agree that the Investment Advisor shall be a third party beneficiary of this Agreement, and shall have the rights and protections provided to the Licensee under this Agreement.",30
9955,"DRIVENDELIVERIES,INC_05_22_2020-EX-10.4-CONSULTING AGREEMENT",No-Solicit Of Customers,"Consultant also expressly agrees that he will not, without the prior written consent of the Company, either directly or indirectly on his own behalf, or in the service or on behalf of others, solicit, divert, or attempt to solicit or divert any customer, client, supplier or vendor of the Company for a period of five (5) years for any reason, and without limitation for the purpose of harming the Company or of obtaining and disseminating its trade secrets, or other proprietary and confidential information",84
9257,SoupmanInc_20150814_8-K_EX-10.1_9230148_EX-10.1_Franchise Agreement1,Third Party Beneficiary,"Every covenant required by this Section 7.6 shall be in a form satisfactory to us, including, without limitation, specific identification of us as a third party beneficiary of such covenants with an independent right to enforce them.",37
8717,GAINSCOINC_01_21_2010-EX-10.41-SPONSORSHIP AGREEMENT,Most Favored Nation,"The Sponsor acknowledges that Racing has arranged and may arrange in the future for other sponsors  for the Racing Team. Racing agrees that, during the term of this Agreement, (i) Sponsor shall have the right to approve or disapprove any  additional sponsor identified by Racing, and (ii) unless another proposed sponsor has agreed to pay a sponsorship fee that exceeds the amount  paid by Sponsor, no other sponsor shall receive any benefit of greater value (including either an equivalent or a more prominent use of another  sponsor's name, logo or other identifying information) than the Benefits provided to the Sponsor hereunder.",101
5444,BUFFALOWILDWINGSINC_06_05_1998-EX-10.3-FRANCHISE AGREEMENT,No-Solicit Of Customers,"You covenant that during the term of this Agreement, except as otherwise approved in writing by us, you will not, either directly or indirectly, for yourself, or through, on behalf of, or in conjunction with any person, persons, partnership, corporation or company:

            1.    Divert or attempt to divert any business or customer of the Franchised Restaurant to any competitor, by direct or indirect inducement or otherwise, or do or perform, directly or indirectly, any other act injurious or prejudicial to the goodwill associated with the Marks or the System.",89
13809,PerformanceSportsBrandsInc_20110909_S-1_EX-10.10_7220214_EX-10.10_Endorsement Agreement,Non-Disparagement,Company and North shall at all times deal with each other in good faith and strive to maintain and enhance each other's positive  image and reputation.,26
12611,SCOUTCAMINC_05_12_2020-EX-10.22-SERVICES AGREEMENT,No-Solicit Of Customers,"During the term of this Agreement and for a period of two (2) years after expiration or termination for any reason of this Agreement, Maimon agrees not to:",28
756,PfHospitalityGroupInc_20150923_10-12G_EX-10.1_9266710_EX-10.1_Franchise Agreement1,No-Solicit Of Customers,"17.1.2. Divert or attempt to divert any business or customer, or potential business or customer, to any Competitive Business;",19
9719,OLDAPIWIND-DOWNLTD_01_08_2016-EX-1.3-AGENCY AGREEMENT1,Third Party Beneficiary,"With respect to any Indemnified Party who is not a party to this Agreement, the Agents shall obtain and hold the rights and benefits of this Section 11 in trust for and on behalf of such Indemnified Party.",38
1511,WPPPLC_04_30_2020-EX-4.28-SERVICE AGREEMENT,No-Solicit Of Customers,"(c) solicit or attempt to solicit, canvass, interfere with or entice away from the Company or any Relevant Group Company the custom or any prospective custom of any Client or any Prospect with a view to providing to that Client or Prospect any products or services which are the same as or materially similar to any Restricted Business in competition with the Company or any Relevant Group Company;",68
4867,EdietsComInc_20001030_10QSB_EX-10.4_2606646_EX-10.4_Co-Branding Agreement,Price Restrictions,"Following the Initial Term, Women.com shall have the right, upon no fewer than sixty (60) days prior written notice to eDiets, to increase the amount of the Payment Schedule; provided, that (i) Women.com may not increase the Payment Schedule more than once in any period of twelve (12) consecutive months; and (ii) such increase may not exceed twenty percent (20%) of the then current Payment Schedule.",66
12792,"GOOSEHEADINSURANCE,INC_04_02_2018-EX-10.6-Franchise Agreement",No-Solicit Of Customers,"Member covenants and agrees that during the term of the Franchise Agreement, except as otherwise approved in writing by Franchisor, Member will not, either directly or indirectly, for itself, or through, on behalf of, or in conjunction with any person, persons, partnership, corporation, or entity:",45
853,CORIOINC_07_20_2000-EX-10.5-LICENSE AND HOSTING AGREEMENT,Unlimited/All-You-Can-Eat-License,(iv) sublicense an unlimited number of         Customers to access and use the Software and MarketSite.net Service only         through the installation on Corio servers;,23
24,LIMEENERGYCO_09_09_1999-EX-10-DISTRIBUTOR AGREEMENT,Price Restrictions,The prices set forth in                            Section   2.4(a)  shall  be  subject  to   adjustment                            annually  on the  first  day  of  each  Product  Year                            beginning in the calendar  year 2000 and on the first                            day of each succeeding Product Year for the remainder                            of the Term and all  renewals  of this  Agreement  in                            proportion   to  the  increase  or  decrease  in  the                            Consumer  Price Index (CPI) as compared to the CPI as                            it  existed  on the  first  day of the  Term  of this                            Agreement.,80
