doc,original_text,reference_summary,summary_word_count
Pokemon GO Terms of Service,by using our services you are agreeing to these terms our trainer guidelines and our privacy policy. if you are the parent or legal guardian of a child under the age of 13 the parent you are agreeing to these terms on behalf of yourself and your child ren who are authorized to use the services pursuant to these terms and in our privacy policy. if you don t agree to these terms our trainer guidelines and our privacy policy do not use the services.,by playing this game you agree to these terms. if you re under 13 and playing your parent guardian agrees on your behalf.,23
Pokemon GO Terms of Service,if you want to use certain features of the services you will have to create an account with us an account. you can create an account if you have a a pre existing google account b a pre existing pokémon trainer club ptc account c a pre existing account with facebook or d such other pre existing third party accounts as we may choose to support in the future notification of which will be provided by allowing selection of such pre existing accounts on the relevant account creation screen. we will create your account by extracting from your google ptc facebook or other pre existing third party account certain personal information such as your email address that your privacy settings on the applicable account permit us to access. it s important that you provide us with accurate complete and up to date information for your account and you agree to update such information as needed to keep it accurate complete and up to date. if you don t we might have to suspend or terminate your account. you agree that you won t disclose your account password to anyone and you ll notify us immediately of any unauthorized use of your account. you re responsible for all activities that occur under your account whether or not you know about them. registration by childrenwe comply with the children s online privacy protection act coppa through the verification and consent process handled by ptc. if you are over the age of 13 and register to create an account through ptc ptc will enable you to access and use the services. the parent of each child under the age of 13 must register with the pokémon company international inc tpci through ptc before a child may use the services. tpci requires the parent to verify that he or she is the parent of the child and to consent to the creation of an account with us for the child. upon receipt of both parental verification and consent tpci will enable the parent to create an account with us for the child. if a parent does not consent to a child s access to and use of the services or does not verify the parent s consent through the consent process niantic will bar that child s registration for an account prevent the child s access to and use of the services and ensure that such child s information is not accessible through the services. if a parent has consented to a child s access to and use of the services but wishes to rescind such consent the parent should contact us at https pokemongo nianticlabs com support delete en to submit the request. we will discontinue that child s access to and use of the services and ensure that such child s information is no longer accessible through the services. parents of children under the age of 13 understand and agree that tpci and or niantic may provide information submitted to tpci and or niantic or collected via the services to third parties who use such information for the sole purpose of administering or providing services e g third party security monitoring services and web hosting companies. please see our privacy policy available athttp www nianticlabs com privacy pokemongo en for more information on how we collect use and disclose information from our users.,you have to use google pokemon trainer club or facebook to sign up and play. if you re under 13 your parent guardian has to do this for you. we might ban your account if your information is inaccurate.,39
Pokemon GO Terms of Service,during game play please be aware of your surroundings and play safely. you agree that your use of the app and play of the game is at your own risk and it is your responsibility to maintain such health liability hazard personal injury medical life and other insurance policies as you deem reasonably necessary for any injuries that you may incur while using the services. you also agree not to use the app to violate any applicable law rule or regulation including but not limited to the laws of trespass or the trainer guidelines and you agree not to encourage or enable any other individual to violate any applicable law rule or regulation or the trainer guidelines. without limiting the foregoing you agree that in conjunction with your use of the app you will not inflict emotional distress on other people will not humiliate other people publicly or otherwise will not assault or threaten other people will not enter onto private property without permission will not impersonate any other person or misrepresent your affiliation title or authority and will not otherwise engage in any activity that may result in injury death property damage and or liability of any kind. to the extent permitted by applicable law niantic the pokémon company tpc and tpci disclaim all liability related to any property damage personal injury or death that may occur during your use of our services including any claims based on the violation of any applicable law rule or regulation or your alleged negligence or other tort liability. further in the event that you have a dispute with one or more other users of the app you release niantic tpc and tpci and our officers directors agents subsidiaries joint ventures and employees from all claims demands and damages actual and consequential of every kind and nature known and unknown suspected and unsuspected disclosed and undisclosed arising out of or in any way connected with such disputes.,don t die or hurt others and if you do it s not our fault.,15
Pokemon GO Terms of Service,subject to your compliance with these terms niantic grants you a limited nonexclusive nontransferable non sublicensable license to download and install a copy of the app on a mobile device and to run such copy of the app solely for your own personal noncommercial purposes. except as expressly permitted in these terms you may not a copy modify or create derivative works based on the app b distribute transfer sublicense lease lend or rent the app to any third party c reverse engineer decompile or disassemble the app or d make the functionality of the app available to multiple users through any means. niantic reserves all rights in and to the app not expressly granted to you under these terms. if you accessed or downloaded the app from the apple store then you agree to use the app only a on an apple branded product or device that runs ios apple s proprietary operating system software and b as permitted by the usage rules set forth in the apple store terms of service. if you accessed or downloaded the app from any app store or distribution platform like the apple store google play or amazon appstore each an app provider then you acknowledge and agree that these terms are concluded between you and niantic and not with app provider and that as between us and the app provider niantic is solely responsible for the app. app provider has no obligation to furnish any maintenance and support services with respect to the app. in the event of any failure of the app to conform to any applicable warranty you may notify app provider and app provider will refund the purchase price for the app to you if applicable and to the maximum extent permitted by applicable law app provider will have no other warranty obligation whatsoever with respect to the app. any other claims losses liabilities damages costs or expenses attributable to any failure of an app to conform to any warranty will be the sole responsibility of niantic. app provider is not responsible for addressing any claims you have or any claims of any third party relating to the app or your possession and use of the app including but not limited to i product liability claims ii any claim that the app fails to conform to any applicable legal or regulatory requirement and iii claims arising under consumer protection or similar legislation. in the event of any third party claim that the app or your possession and use of the app infringes that third party s intellectual property rights niantic will be solely responsible for the investigation defense settlement and discharge of any such intellectual property infringement claim to the extent required by these terms. app provider and its subsidiaries are third party beneficiaries of these terms as related to your license of the app and that upon your acceptance of the terms and conditions of these terms app provider will have the right and will be deemed to have accepted the right to enforce these terms as related to your license of the app against you as a third party beneficiary thereof. you must also comply with all applicable third party terms of service when using the app. you agree to comply with all u s and foreign export laws and regulations to ensure that neither the app nor any technical data related thereto nor any direct product thereof is exported or re exported directly or indirectly in violation of or used for any purposes prohibited by such laws and regulations. by using the app you represent and warrant that i you are not located in a country that is subject to a u s government embargo or that has been designated by the u s government as a terrorist supporting country and ii you are not listed on any u s government list of prohibited or restricted parties.,don t copy modify resell distribute or reverse engineer this app.,11
Pokemon GO Terms of Service,the app permits the purchase of virtual currency virtual money and use of that virtual money to purchase virtual items or services that we expressly make available for use in the app virtual goods. the purchase of virtual money and virtual goods is limited to account holders who are either a 18 years of age or older or b under the age of 18 and have the consent of a parent to make the purchase. parents of children under the age of 18 can consult the ios or google play settings for their app to restrict in app purchases but should also monitor their children s accounts for unexpected activity including the purchase of virtual money or virtual goods. purchases of virtual money and virtual goodsvirtual money is a category of content so the purchase of virtual money grants you only a limited nontransferable non sublicensable revocable license to use such virtual money to access and purchase virtual goods in conjunction with your personal noncommercial use of the services. you acknowledge that you do not acquire any ownership rights in or to the virtual money virtual goods or other content any balance of virtual goods or virtual money does not reflect any stored value. you agree that virtual money and virtual goods have no monetary value and do not constitute actual currency or property of any type. virtual money may be redeemed only for virtual goods and can never be sold transferred or exchanged for real money real goods or real services from us or anyone else. you also agree that you will only obtain virtual money and or virtual goods from us and through means provided by us and not from any third party platform exchange broker or other mechanism unless expressly authorized. once you acquire a license to virtual money or virtual goods you may not trade or transfer the virtual money or virtual goods to another individual or account unless such functionality is provided to you by us by way of a feature or service whether inside the app or through some other method e g our website. we may cancel any virtual money or virtual goods sold transferred or exchanged in violation of these terms. any such sale transfer or exchange or attempt to do so is prohibited and may result in the termination of your account. during the term of your license to your virtual money you have the right to redeem your virtual money for selected virtual goods. if you are the parent and you are accepting these terms on behalf of your child you accept and acknowledge that your child has your consent to exercise this right independently. pricing and availability of virtual money and virtual goods are subject to change without notice. we reserve the right at any time to change and update our pricing and inventory of virtual money and virtual goods. as set forth below all virtual money virtual goods and other content is provided as is without any warranty. you agree that all sales by us to you of virtual money and virtual goods are final and that we will not permit exchanges or refunds for any unused virtual money or virtual goods once the transaction has been made. purchases by end users outside the u s virtual money and virtual goods may only be purchased and held by legal residents of countries where access to and use of the services are permitted. if you live in the european union you have certain rights to withdraw from online purchases. however please note that once you download virtual money from us your right of withdrawal ends. you agree that a purchase of virtual money involves immediate download of such content and b you lose your right of withdrawal once your purchase is complete. if you live in the european union we will provide you with a vat invoice when we are required to do so by law. you agree that these invoices may be electronic in format. we reserve the right to control regulate change or remove any virtual money or virtual goods without any liability to you.,you can spend money on coins pokeballs. we ain t giving you that money back. want to buy gold online. too bad. oh and the eu gives people refund rights in some cases. not this one.,36
Pokemon GO Terms of Service,you agree that you are responsible for your own conduct and user content while using the services and for any consequences thereof. please refer to our trainer guidelines https pokemongo nianticlabs com support guidelines en for information about the kinds of conduct and user content that are prohibited while using the services. by way of example and not as a limitation you agree that when using the services and content you will not defame abuse harass harm stalk threaten or otherwise violate the legal rights including the rights of privacy and publicity of others upload post email transmit or otherwise make available any unlawful inappropriate defamatory obscene pornographic vulgar offensive fraudulent false misleading or deceptive content or message promote or engage in discrimination bigotry racism hatred or harassment against any individual or group trespass or in any manner attempt to gain or gain access to any property or location where you do not have a right or permission to be violate or encourage any conduct that would violate any applicable law or regulation or would give rise to civil liability upload post or otherwise make available commercial messages or advertisements pyramid schemes or other disruptive notices impersonate or misrepresent your affiliation with another person or entity promote or provide instructional information about illegal or harmful activities or substances promote or engage in physical harm violence or injury against any group or individual transmit any viruses worms defects trojan horses or any items of a destructive nature submit fake falsified misleading or inappropriate data submissions edits or removals post upload publish submit or transmit any content that infringes misappropriates or violates a third party s patent copyright trademark trade secret moral rights or other intellectual property rights or rights of publicity or privacy use display mirror or frame the services or any individual element within the services niantic s name any niantic trademark logo or other proprietary information or the layout and design of any page or form contained on a page without niantic s express written consent access tamper with or use nonpublic areas of the services niantic s computer systems or the technical delivery systems of niantic s providers attempt to probe scan or test the vulnerability of any niantic system or network or breach any security or authentication measures avoid bypass remove deactivate impair descramble or otherwise circumvent any technological measure implemented by niantic or any of niantic s providers or any other third party including another user to protect the services or content attempt to access or search the services or content or download content from the services through the use of any technology or means other than those provided by niantic or other generally available third party web browsers including without limitation automation software bots spiders crawlers data mining tools or hacks tools agents engines or devices of any kind extract scrape index copy or mirror the services or content or portions thereof including but not limited to the pokéstop database and other information about users or gameplay use any meta tags or other hidden text or metadata utilizing a niantic trademark logo url or product name without niantic s express written consent forge any tcp ip packet header or any part of the header information in any email or newsgroup posting or in any way use the services or content to send altered deceptive or false source identifying information attempt to decipher decompile disassemble or reverse engineer any of the software used to provide the services or content interfere with or attempt to interfere with the access of any user host or network including without limitation sending a virus overloading flooding spamming or mail bombing the services take any action that imposes or may impose an unreasonable or disproportionately large load on the services or niantic s infrastructure delete obscure or in any manner alter any attribution warning or link that appears in the services or the content use the services or content or any portion thereof for any commercial purpose or for the benefit of any third party or in a manner not permitted by these terms including but not limited to a gathering in app items or resources for sale outside the app b performing services in the app in exchange for payment outside the app or c sell resell rent or lease the app or your account collect or store any personally identifiable information from the services from other users of the services without their express permission violate any applicable law or regulation orencourage or enable any other individual to do any of the foregoing. although we re not obligated to monitor access to or use of the services or content or to review or edit any content we have the right to do so for the purpose of operating the services to ensure compliance with these terms and to comply with applicable law or other legal requirements. we reserve the right but are not obligated to remove or disable access to any content at any time and without notice including but not limited to if we at our sole discretion consider any content to be objectionable or in violation of these terms. we have the right to investigate violations of these terms or conduct that affects the services. we may also consult and cooperate with law enforcement authorities to prosecute users who violate the law.,don t be a jerk. don t hack or cheat. we don t have to ban you but we can. we ll also cooperate with law enforcement.,27
Pokemon GO Terms of Service,we welcome feedback comments and suggestions for improvements to the services feedback. you can submit feedback by reaching out to us on facebook twitter or google. you grant to us a nonexclusive worldwide perpetual irrevocable fully paid royalty free sublicensable and transferable license under any and all intellectual property rights that you own or control to use copy modify create derivative works based upon and otherwise exploit the feedback for any purpose.,give us feedback and we can do whatever we want with it.,12
Pokemon GO Terms of Service,the services and app may contain links to third party websites or resources. we provide these links only as a convenience and are not responsible for the content products or services on or available from those websites or resources or links displayed on such websites. you acknowledge sole responsibility for and assume all risk arising from your use of any third party websites or resources.,we might link to other people s websites but we re not responsible for what they do.,17
Pokemon GO Terms of Service,we may terminate your access to and use of the services at our sole discretion at any time and without notice to you. you may cancel your account at any time by accessing the pokémon go help center available at https pokemongo nianticlabs com support delete en. upon any termination discontinuation or cancellation of services or your account the following provisions of these terms will survive arbitration notice content ownership rights granted by you effect of termination on trading items virtual money and virtual goods feedback disclaimer of warranties indemnity limitation of liability dispute resolution general terms and this sentence of termination.,both you and we can terminate your account and access to services at any time for any reason.,18
Pokemon GO Terms of Service,your use of the app and services are at your own risk. to the extent permitted by applicable law the services and content are provided as is without warranty of any kind. without limiting the foregoing niantic tpc and tpci explicitly disclaim any warranties of merchantability fitness for a particular purpose quiet enjoyment or non infringement and any warranties arising out of course of dealing or usage of trade. niantic tpc and tpci make no warranty that the services will meet your requirements or be available on an uninterrupted secure or error free basis and we make no warranty regarding the quality accuracy timeliness truthfulness completeness or reliability of any content. you assume all risks relating to your online or offline communications and interactions with other users of the services and with other persons with whom you communicated or interact as a result of your use of the services. you understand that niantic tpc and tpci do not screen or inquire into the background of any users of the services. niantic tpc and tpci make no representations or warranties as to the conduct of users of the services. you agree to take reasonable precautions in all communications and interactions with other users of the services and with other persons with whom you communicate or interact as a result of your use of the services particularly if you decide to meet offline or in person.,lots of yelling. oh you re responsible for your use of these services.,13
Pokemon GO Terms of Service,you will indemnify and hold harmless niantic tpc and tpci and their respective officers directors employees and agents from and against any claims disputes demands liabilities damages losses and costs and expenses including without limitation reasonable legal and accounting fees arising out of or in any way connected with a your access to or use of the services or content b your user content or c your violation of these terms.,don t hold us accountable and pay up if there s a lawsuit.,13
Pokemon GO Terms of Service,to the extent permitted by applicable law neither niantic nor tpc or tpci or any other party involved in creating producing or delivering the services or content will be liable to you for any indirect incidental special punitive exemplary or consequential damages including lost profits loss of data or goodwill service interruption computer damage or system failure or the cost of substitute services arising out of or in connection with these terms or from the use of or inability to use the services or content or from any communications interactions or meetings with other users of the services or persons with whom you communicate or interact as a result of your use of the services whether based on warranty contract tort including negligence product liability or any other legal theory and whether or not niantic tpc or tpci have been advised of the possibility of such damages even if a limited remedy set forth herein is found to have failed of its essential purpose. some jurisdictions do not allow the exclusion or limitation of liability for consequential or incidental damages so the foregoing limitation of liability shall apply to the fullest extent permitted by law in the applicable jurisdiction in no event will the total liability of niantic tpc or tpci arising out of or in connection with these terms or from the use of or inability to use the services or content exceed one thousand dollars 1 000. the exclusions and limitations of damages set forth above are fundamental elements of the basis of the bargain between niantic and you.,as much as the law permits it s not our fault if people lose money or data. if it is our fault we can t owe you more than 1000.,30
Pokemon GO Terms of Service,governing lawthese terms and any action related thereto will be governed by the laws of the state of california without regard to its conflict of laws provisions. agreement to arbitrateyou and niantic agree that any dispute claim or controversy arising out of or relating to these terms or the breach termination enforcement interpretation or validity thereof or the use of the services or content collectively disputes will be settled by binding arbitration except that each party retains the right a to bring an individual action in small claims court and b to seek injunctive or other equitable relief in a court of competent jurisdiction to prevent the actual or threatened infringement misappropriation or violation of a party s copyrights trademarks trade secrets patents or other intellectual property rights the action described in this clause b an ip protection action. without limiting the preceding sentence you will also have the right to litigate any other dispute if you provide niantic with written notice of your desire to do so by email or regular mail at termsofservice nianticlabs com or 2 bryant st ste. 220 san francisco ca 94105 within thirty 30 days following the date you first accept these terms such notice an arbitration opt out notice. if you don t provide niantic with an arbitration opt out notice within the thirty 30 day period you will be deemed to have knowingly and intentionally waived your right to litigate any dispute except as expressly set forth in clauses a and b above. the exclusive jurisdiction and venue of any ip protection action or if you timely provide niantic with an arbitration opt out notice will be the state and federal courts located in the northern district of california and each of the parties hereto waives any objection to jurisdiction and venue in such courts. unless you timely provide niantic with an arbitration opt out notice you acknowledge and agree that you and niantic are each waiving the right to a trial by jury or to participate as a plaintiff or class member in any purported class action or representative proceeding. further unless both you and niantic otherwise agree in writing the arbitrator may not consolidate more than one person s claims and may not otherwise preside over any form of any class or representative proceeding. if this specific paragraph is held unenforceable then the entirety of this dispute resolution section will be deemed void. except as provided in the preceding sentence this dispute resolution section will survive any termination of these terms. arbitration rulesthe arbitration will be administered by the american arbitration association aaa in accordance with the commercial arbitration rules and the supplementary procedures for consumer related disputes the aaa rules then in effect except as modified by this dispute resolution section. the aaa rules are available at www adr org arb_med or by calling the aaa at 1 800 778 7879. the federal arbitration act will govern the interpretation and enforcement of this section. arbitration processa party who desires to initiate arbitration must provide the other party with a written demand for arbitration as specified in the aaa rules. the aaa provides a general demand for arbitration the arbitrator will be either a retired judge or an attorney licensed to practice law and will be selected by the parties from the aaa s roster of arbitrators. if the parties are unable to agree upon an arbitrator within seven 7 days of delivery of the demand for arbitration then the aaa will appoint the arbitrator in accordance with the aaa rules. arbitration location and procedureunless you and niantic otherwise agree the arbitration will be conducted in the county where you reside. if your claim does not exceed 10 000 then the arbitration will be conducted solely on the basis of the documents that you and niantic submit to the arbitrator unless you request a hearing or the arbitrator determines that a hearing is necessary. if your claim exceeds 10 000 your right to a hearing will be determined by the aaa rules. subject to the aaa rules the arbitrator will have the discretion to direct a reasonable exchange of information by the parties consistent with the expedited nature of the arbitration. arbitrator s decisionthe arbitrator will render an award within the time frame specified in the aaa rules. the arbitrator s decision will include the essential findings and conclusions upon which the arbitrator based the award. judgment on the arbitration award may be entered in any court having jurisdiction thereof. the arbitrator s award of damages must be consistent with the terms of the limitation of liability section above as to the types and amounts of damages for which a party may be held liable. the arbitrator may award declaratory or injunctive relief only in favor of the claimant and only to the extent necessary to provide relief warranted by the claimant s individual claim. if you prevail in arbitration you will be entitled to an award of attorneys fees and expenses to the extent provided under applicable law. niantic will not seek and hereby waives all rights it may have under applicable law to recover attorneys fees and expenses if it prevails in arbitration. feesour responsibility to pay any aaa filing administrative and arbitrator fees will be solely as set forth in the aaa rules. however if your claim for damages does not exceed 75 000 niantic will pay all such fees unless the arbitrator finds that either the substance of your claim or the relief sought in your demand for arbitration was frivolous or was brought for an improper purpose as measured by the standards set forth in federal rules of civil procedure 11 b changesnotwithstanding the provisions of the changes to terms or services section above if niantic changes this dispute resolution section after the date you first accepted these terms or accepted any subsequent changes to these terms you may reject any such change by sending us written notice including by email to termsofservice nianticlabs com within 30 days of the date such change became effective as indicated in the last updated date above or in the date of niantic s email to you notifying you of such change. by rejecting any change you are agreeing that you will arbitrate any dispute between you and niantic in accordance with the provisions of this dispute resolution section as of the date you first accepted these terms or accepted any subsequent changes to these terms.,if you have issues with these terms you agree to use an independent party to settle it with us instead of suing us. if it s really serious or you write us in advance you can sue us.,38
Pokemon GO Terms of Service,these terms and any action related thereto will be governed by the laws of the state of california without regard to its conflict of laws provisions. these terms constitute the entire and exclusive understanding and agreement between niantic and you regarding the services and content and these terms supersede and replace any and all prior oral or written understandings or agreements between niantic and you regarding the services and content. if any provision of these terms is held invalid or unenforceable either by an arbitrator appointed pursuant to the terms of the dispute resolution section above or by a court of competent jurisdiction but only if you timely opt out of arbitration by sending us an arbitration opt out notice in accordance with the terms set forth above that provision will be enforced to the maximum extent permissible and the other provisions of these terms will remain in full force and effect. you may not assign or transfer these terms by operation of law or otherwise without niantic s prior written consent. any attempt by you to assign or transfer these terms without such consent will be null. niantic may freely assign or transfer these terms without restriction. subject to the foregoing these terms will bind and inure to the benefit of the parties their successors and permitted assigns. any notices or other communications provided by niantic under these terms including those regarding modifications to these terms will be given a via email or b by posting to the services. for notices made by email the date of receipt will be deemed the date on which such notice is transmitted. niantic s failure to enforce any right or provision of these terms will not be considered a waiver of such right or provision. the waiver of any such right or provision will be effective only if in writing and signed by a duly authorized representative of niantic. except as expressly set forth in these terms the exercise by either party of any of its remedies under these terms will be without prejudice to its other remedies under these terms or otherwise.,california governs these terms. we ll let you know if we make changes to the terms and we might forget to enforce them sometimes.,24
TLDRLegal Terms of Service,c you may use the sites only for your personal use. if you are permitted to use content you must include any copyright notice originally included with the content in all copies displays or representations of the content in any form media or technology now known or later developed. if you represent a company organization or other legal entity you may use the sites only for internal business purposes. tldr welcomes editorial use of the sites and content. d if you are a journalist blogger commentator etc. you may use the content in the course of writing editorial material. if you create such editorial material using the sites or content you must follow any applicable attribution requirements k content explicitly licensed to you by tldr under the creative commons attribution 3 0 license cc by shall be governed by that license unless otherwise marked. the text of the cc by license is found at http creativecommons org licenses by 3 0 legalcode and is hereby incorporated into these terms by reference and you agree that you will follow the attribution requirements of the cc by license where applicable. tldr hereby designates tldr as the sole attribution party under section 4 b of the cc by license for such content. you will ensure that any such use of content includes a visual display or otherwise indicates the source of the content as originating from the site supplying the content. this indication may be through an unobtrusive text string and or use of a logo with the name of the site or some other unobtrusive but clear visual indication. you will include near to or as a part of any such internet use of the content a hyperlink to the location within the sites that presents the content. some content may be offered by the sites under the terms of a copyright license accompanying that content. in such cases you may use this content under the terms of its license and you are responsible for such use. you agree to abide by the license obligations and restrictions of any content that you access through the sites. in some cases the sites automatically collect data and other material from third party sites and services. tldr may choose not to screen this collected data. you agree that you assume all risks of using such content including but not limited to risks arising from its source ownership accuracy completeness timeliness suitability for intended purpose or its reliability. you acknowledge that tldr does not endorse any content nor does tldr guarantee that any content does not infringe the rights of any third party. under no circumstances is tldr liable for any content including but not limited to liabilities from infringement errors and omissions or for any loss or damage of any kind from the use of content posted to downloaded or linked from accessed by or otherwise made available from the sites.,you may use tldr for personal use or for internal business purposes. when you source information you must include any copyright notices and give credit i e. a linkback. content is licensed under creative commons attribution 3 0 cc by.,40
TLDRLegal Terms of Service,you agree not to use the sites to 1. try to gain unauthorized access to any portion of the sites or any other systems or networks connected to it or to any tldr server or to any of the content offered on or through the sites by circumventing the site s access control measures either by hacking password mining or any other means 2. take any action that imposes an unreasonable or disproportionately large load on the infrastructure of the sites or tldr s systems or networks or any systems or networks connected to the sites or to tldr 3. post illegal material or use the sites for illegal activity 4. post or use the sites to distribute junk mail spam chain letters pyramid schemes phishing or other unsolicited advertising or promotion or material without significant value to the community designed to drive traffic mask its source or deceive as to authorship distribute viruses trojans or other malware or whose purpose is affiliate marketing 5. remove circumvent disable damage or otherwise interfere with features of the sites that implement security or usage limitations including those that are part of the sites robots txt api limitations or any other mechanisms 6. use any means to damage deny the use of or restrict others use of the sites 7. post deceptive or inaccurate material intended to affect the sites analyses and or search algorithms game reputation or scoring systems that are a part of the sites or engage in activity on other websites which are automatically accessed by the sites as part of the sites normal operation intended solely to affect the sites analyses 8. post libelous or defamatory material intimidate or harass others 9. engage in identity theft or infringe upon the privacy of others including phishing posting others personally identifying information in your possession or attempting to use another user s account 10. falsify your identity or misrepresent your affiliation with another person or entity 11. post or transmit any software exploits computer viruses or trojans or software intended to interrupt disrupt damage destroy or limit the function or access to computer software hardware or telecommunications equipment or otherwise interfere with or disrupt other sites on the internet or post or transmit any material that is harmful threatening offensive hateful discriminatory obscene contrary to any applicable laws or regulations or that incites an illegal act. any of the above usage of the sites or content any other violation of these terms or any other fraudulent or illegal activity may result in the immediate suspension or termination of your registered user account and blocking of your access to the sites without notice. without the express written consent from tldr you may not and may not authorize another to party to 1 frame or utilize framing techniques to enclose any portion or aspect of the sites content or the information 2 scrape or actively or dynamically use information or data from the sites 3. co brand with the sites 4. link content or information from the sites to another website 5. use content or information from the sites in a manner that could cause the impression to a third party that tldr has permitted such use 6. use sites content or information or materials that may constitute or be confused as tldr designs design elements user interfaces or copyright protectable works or elements or 7 disguise the origin of information transmitted through the sites.,no illegal shady stuff with tldrlegal or usage of the site brand in ways not intended.,16
TLDRLegal Terms of Service,as a condition to using some features of the sites tldr may require you to register for an account create a user profile and select a user name and password. you agree to provide tldr with accurate and complete identity information including your email address and agree to update your identity information promptly if it changes. you agree not to impersonate another person falsify your identity use another user s account or otherwise take action to gain access to content to which you do not have the rights to access or use the sites in any way to which you do not have authorization. you are solely responsible for all activity that takes place under the authorization of your account. you hereby release tldr from any and all liabilities arising from such activity. you are responsible for maintaining the security of your password. you agree to promptly inform tldr if you know or suspect that your account s password or security has been breached. c tldr expressly disclaims any and all liability arising from revocation cancellation or suspension of your account for any reason. your account and registration will terminate immediately upon your breach of any of the terms. you may terminate your account and participation as a registered user at any time without notice. d tldr respects your right to privacy. tldr will use any personally identifying information collected by the sites in accordance with tldr s privacy policy located at www tldrlegal com privacy. the servers on which certain personally identifiable information will be collected may be located in the united states or such other jurisdiction as tldr may determine.,you are responsible for all your actions on tldr. we can terminate your account if you breach these terms.,19
TLDRLegal Terms of Service,the sites may offer you opportunities to contribute content contribution s. in order to make a contribution to the sites you must have a registered account. the owner of any contribution retains copyright rights to such content. if you make a contribution you must have the right to contribute this contribution under cc by either through ownership of the copyright because the contribution is in the public domain or through a license that grants you this right consistent with these terms. if your contribution is protected by copyright then unless it is licensed under cc by or under a license which grants you the right to contribute it under cc by you must not provide the contribution to tldr. you warrant represent and assert that you have the right to provide the contribution that no contribution violates or infringes the rights of any third party including copyright trademark privacy publicity or any other personal or proprietary rights that the contribution does not constitute confidential or trade secret information and is not defamatory libelous or unlawful. you can otherwise license your own copyrighted contribution any way you like or not at all. but when you provide a contribution to the sites you are explicitly granting tldr a license under cc by without regard to any other licenses you apply to your contribution. you understand and agree that the sites and content are a collective work or compilation under the copyright laws of the united states and other countries and that the sites and content do not constitute a joint work under copyright law. you will not assert or attempt to assert any rights over the sites and content as a whole through your contributions. c you hereby designate tldr and its contributors as the sole attribution party under section 4 b of the cc by license to attribute your contribution as part of the collective content of the sites. with this designation you release tldr from the obligation to specifically attribute your contributions to you. d you understand that the cc by license under which you provide a contribution allows tldr and its licensors to use your contribution for any purpose. e you agree that any source code contribution to a project hosted on the sites will be contributed under and subject to the posted license of that project. you acknowledge that you are responsible for including all copyright notices and licenses for your contributions. should you fail to include these notices and licenses you assume all risks of failing to do so including the possible loss of your rights to your contributions. f tldr may but is not obligated to review your contributions. tldr may refuse to accept or delete any contribution that in its sole discretion tldr determines to violate these terms be illegal or objectionable violate the rights or threaten the safety of others deems not to fulfill the purpose of the sites or for any other reason. tldr may in its sole discretion terminate or suspend your registered account if your contribution violates the terms. acceptance of a contribution does not constitute an endorsement or sponsorship of the contribution by tldr g. you hereby grant tldr a royalty free perpetual irrevocable worldwide non exclusive and fully sub licensable right and license under your intellectual property rights and under the terms of the cc by license to reproduce modify adapt publish translate create derivative works from distribute perform display and use your contributions in whole or part and to incorporate them in other works in any form media or technology now known or later developed for the purpose of providing the sites even in the event that you have subsequently deleted the contribution. you agree that you alone are responsible for creating backup copies of your contribution. h if you delete your contribution the cc by license under which you provided your contribution will remain in full force. if you delete your contributions tldr does not warrant that it will be able to or will take responsibility for removing deleted contributions from websites including but not limited to those outside of its reasonable control including email archives wikis project web sites community sites or others computers including those to whom you or others may have forwarded your contribution.,you must own the content that you contribute and release it under our cc by terms with tldrlegal as the attribution party. for simplicity when people link back you allow them to mention only tldrlegal explicitly. tldr is allowed to publish and adapt this content.,45
TLDRLegal Terms of Service,to the fullest extent permitted by the applicable law tldr offers the sites information content and services as is and makes no representations or warranties of any kind concerning the sites information content and services express implied statutory or otherwise including without limitation warranties of title merchantibility fitness for a particular purpose or noninfringement. tldr does not warrant that the sites information content and services will be uninterrupted or error free that defects will be corrected or that tldr s servers are free of viruses or other harmful components. tldr does not warrant or make any representation regarding use or the result of use of the sites information content and services in terms of accuracy reliability or otherwise vii. limitation of liability a. except to the extent required by applicable law and then only to that extent in no event will tldr its employees attorneys managers officers directors affiliates or agents tldr parties be liable to you on any legal theory for any incidental direct indirect punitive actual consequential special exemplary or other damages including without limitation loss of revenue or income lost profits pain and suffering emotional distress cost of substitute goods or services or other damages suffered or incurred by you or any third party that arise in connection with the sites information content and services or the termination thereof for any reason even if the tldr parties have been advised of the possibility of such damages b. the tldr parties shall not be responsible or liable whatsoever in any manner for any information or content on the sites or with the services or posted on the sites including claims of copyright patent trademark tradesecret infringement or the infringement of other property rights relating to content posted on the sites or provided with services for your use of the sites and services or for the conduct of third parties whether on the sites in connection with the sites or services or otherwise relating to the sites or services c. tldr is not a law firm and does not provide legal advice. using the sites or services including sending us an email asking for legal services or otherwise does not create an attorney client relationship. in particular but without limitation any use of any of tldr s sites services content information including without limitation any tools summaries or licenses and or using any licenses attribution generator results license comparisons or any other information or materials does not constitute legal advice nor does it create an attorney client relationship. you are advised to consult with your own legal counsel before using any of the above. d you agree that tldr will have absolutely no liability in connection with the sites and content including without limitation any liability for damage to your computer hardware data information or business resulting from the content available on the sites. without limiting the generality of the foregoing tldr will have no liability for 1. any loss or injury caused in whole or in part by its actions omissions or negligence including but not limited to procuring compiling or delivering the sites or content 2. any errors omissions or inaccuracies in the content offered by the sites regardless of how caused or delays or interruptions in delivery of such content or 3. any decision made or action taken or not taken in reliance upon the content or other information or materials offered by the sites. e tldr makes no warranty representation or guarantee as to the sequence accuracy timeliness or completeness of the content or that the content may be relied upon for any reason. tldr makes no warranty representation or guarantee that the content will be uninterrupted or error free or that any defects can be corrected. f tldr reserves the right to do any of the following at any time without notice to modify suspend or terminate operation of or access to the sites or any portion of the sites for any reason. viii. indemnityyou agree to defend indemnify and hold harmless the tldr parties from and against any and all liabilities including but not limited to losses expenses damages costs and reasonable attorneys fees resulting from or in connection with whether directly or indirectly your use of the sites services content information or violation of these terms. you also agree to defend indemnify and hold harmless the tldr parties from and against any and all claims brought by third parties arising out of your use of any of the sites and any contribution you make available via any of the sites by any means including without limitation through a posting a link or otherwise. tldr parties may participate in the defense and settlement at its own expense with counsel of its own choosing. you shall not settle any claim or action without the tldr parties prior written consent.,we re not a law firm nor liable for the content on the site and offer no warranty.,18
Minecraft End User Licence Agreement,minecraft end user licence agreementin order to protect minecraft our game and the members of our community we need these end user licence terms to set out some rules for downloading and using our game. we don t like rules any more than you do so we have tried to keep this as short as possible. if you break these rules we may stop you from using our game. if we think it is necessary we might even have to ask our lawyers to get in touch. if you buy download use or play our game you are agreeing to stick to the rules of these end user licence terms eula. if you don t want to or can t agree to these rules then you must not buy download use or play our game. this eula incorporates the terms of use for the mojang com website account terms our brand and asset usage guidelines and our privacy policy. by agreeing to this eula you also agree to all parts of these three documents so please read through them carefully.,by using minecraft you agree to the end user licence agreement. if you break rules we might keep you from playing minecraft.,22
Minecraft End User Licence Agreement,one major rulethe one major rule is that you must not distribute anything we ve made. by distribute anything we ve made what we mean is give copies of the game away make commercial use of try to make money from or let other people get access to our game and its parts in a way that is unfair or unreasonable. so the one major rule is that unless we specifically agree it such as in brand and asset usage guidelines you must not give copies of our game to anyone else make commercial use of anything we ve made try to make money from anything we ve made orlet other people get access to anything we ve made in a way that is unfair or unreasonable and so that we are crystal clear what we have made includes but is not limited to the client or the server software for our game. it also includes modified versions of a game part of it or anything else we ve made. otherwise we are quite relaxed about what you do in fact we really encourage you to do cool stuff but just don t do those things that we say you can t.,you may not give copies of the game to anyone else or try to make money from anything we ve made.,21
Minecraft End User Licence Agreement,using our gameyou have bought the game so you can use it yourself on your computer. below we also give you limited rights to do other things but we have to draw a line somewhere or else people will go too far. if you wish to make something pertaining to anything we ve made we re humbled but please make sure that it can t be interpreted as being official and that it complies with this eula and the brand and asset usage guidelines and above all do not make commercial use of anything we ve made. the permission we give you to use and play our game can be revoked if you break the terms of this eula when you buy our game we give you permission to install the game on your own personal computer and use and play it on that computer as set out in this eula. this permission is personal to you so you are not allowed to distribute the game or any part of it to anyone else. this also means you cannot sell or rent the game or make it available for access to other people and you cannot pass on or resell any licence keys. you may however give gift codes that have been bought through our official gift code system. this is important to help us stop piracy and fraud and to protect our game. it is also important to prevent members of our community from buying pirated versions of our game or fraudulent licence keys which we may cancel such as in the case of fraud.,you may only use the game on your computer but you may give gift codes.,15
Minecraft End User Licence Agreement,if you ve bought the game you may play around with it and modify it. we d appreciate it if you didn t use this for griefing though and remember not to distribute the changed versions of our software. basically mods or plugins or tools are cool you can distribute those hacked versions of the game client or server are not you can t distribute those.,you may mod the game but don t distribute hacked clients.,11
Minecraft End User Licence Agreement,any tools you write for the game from scratch belong to you. modifications to the game mods including pre run mods and in memory mods and plugins for the game also belong to you and you can do whatever you want with them as long as you don t sell them for money try to make money from them. we have the final say on what constitutes a tool mod plugin and what doesn t.,mods you make belong to you just don t sell them.,11
Minecraft End User Licence Agreement,if you are going to make something available on or through our game it must not be offensive to people or illegal it must be honest and it must be your own creation. the types of things you must not make available using our game include posts that include racist or homophobic language posts that are bullying or trolling posts that might damage our or another person s reputation posts that include porn advertising or someone else s creation or image or posts that impersonate a moderator or try to trick or exploit people.,things you make available on or through the game must not be offensive to people or illegal.,17
Minecraft End User Licence Agreement,our liability. when you get a copy of our game we provide it as is. updates and upgrades are also provided as is. this means that we are not making any promises to you about the standard or quality of our game or that our game will be uninterrupted or error free or for any loss or damage that they cause. we only promise to provide the game and any services with reasonable skill and care and even then you have to accept that we may release games well before they are complete and so they may and often will have bugs but that s a price you pay for getting them so early. the law in most countries says that we can t disclaim liability for death or personal injury caused by our negligence so if your computer gets up and stabs you because of something we ve done wrong then we ll take the hit on that.,the game is provided as is updates and upgrades not promised.,11
Minecraft End User Licence Agreement,termination. if we want we can terminate this eula if you breach the terms. you can terminate it too at any time all you have to do is uninstall the game from your computer and the eula will be terminated. if the eula is terminated you will no longer be allowed to play our game. the paragraphs about ownership of our game our liability and general stuff will continue to apply even after the eula is terminated.,you can terminate the eula by uninstalling the game.,9
YouTube Terms of Service,your acceptance by using or visiting the youtube website or any youtube products software data feeds and services provided to you on from or through the youtube website collectively the service you signify your agreement to 1 these terms and conditions the terms of service 2 google s privacy policy found at http www youtube com t privacy and incorporated herein by reference and 3 youtube s community guidelines found at http www youtube com t community_guidelines and also incorporated herein by reference. if you do not agree to any of these terms the google privacy policy or the community guidelines please do not use the service. although we may attempt to notify you when major changes are made to these terms of service you should periodically review the most up to date version http www youtube com t terms. youtube may in its sole discretion modify or revise these terms of service and policies at any time and you agree to be bound by such modifications or revisions. nothing in these terms of service shall be deemed to confer any third party rights or benefits.,you also accept google s privacy policy and youtube s community guidelines. we may change these terms at any time.,20
YouTube Terms of Service,youtube accounts in order to access some features of the service you will have to create a youtube or google account. you may never use another s account without permission. when creating your account you must provide accurate and complete information. you are solely responsible for the activity that occurs on your account and you must keep your account password secure. you must notify youtube immediately of any breach of security or unauthorized use of your account. although youtube will not be liable for your losses caused by any unauthorized use of your account you may be liable for the losses of youtube or others due to such unauthorized use.,don t lie when you create your account. tell us immediately when your account has been compromised.,17
YouTube Terms of Service,general use of the service permissions and restrictionsyoutube hereby grants you permission to access and use the service as set forth in these terms of service provided that you agree not to distribute in any medium any part of the service or the content without youtube s prior written authorization unless youtube makes available the means for such distribution through functionality offered by the service such as the embeddable player you agree not to alter or modify any part of the service. you agree not to access content through any technology or means other than the video playback pages of the service itself the embeddable player or other explicitly authorized means youtube may designate. you agree not to use the service for any of the following commercial uses unless you obtain youtube s prior written approval the sale of access to the service the sale of advertising sponsorships or promotions placed on or within the service or content orthe sale of advertising sponsorships or promotions on any page of an ad enabled blog or website containing content delivered via the service unless other material not obtained from youtube appears on the same page and is of sufficient value to be the basis for such sales. prohibited commercial uses do not include uploading an original video to youtube or maintaining an original channel on youtube to promote your business or artistic enterprise showing youtube videos through the embeddable player on an ad enabled blog or website subject to the advertising restrictions set forth above in section 4 d orany use that youtube expressly authorizes in writing. for more information about what constitutes a prohibited commercial use see our faq. if you use the embeddable player on your website you may not modify build upon or block any portion or functionality of the embeddable player including but not limited to links back to the youtube website. if you use the youtube uploader you agree that it may automatically download and install updates from time to time from youtube. these updates are designed to improve enhance and further develop the uploader and may take the form of bug fixes enhanced functions new software modules and completely new versions. you agree to receive such updates and permit youtube to deliver these to you as part of your use of the uploader. you agree not to use or launch any automated system including without limitation robots spiders or offline readers that accesses the service in a manner that sends more request messages to the youtube servers in a given period of time than a human can reasonably produce in the same period by using a conventional on line web browser. notwithstanding the foregoing youtube grants the operators of public search engines permission to use spiders to copy materials from the site for the sole purpose of and solely to the extent necessary for creating publicly available searchable indices of the materials but not caches or archives of such materials. youtube reserves the right to revoke these exceptions either generally or in specific cases. you agree not to collect or harvest any personally identifiable information including account names from the service nor to use the communication systems provided by the service e g comments email for any commercial solicitation purposes. you agree not to solicit for commercial purposes any users of the service with respect to their content. in your use of the service you will comply with all applicable laws. youtube reserves the right to discontinue any aspect of the service at any time.,don t create a youtube clone showing our content especially if you earn money with it. and please leave your bots at home.,23
YouTube Terms of Service,content is provided to you as is. you may access content for your information and personal use solely as intended through the provided functionality of the service and as permitted under these terms of service. you shall not download any content unless you see a download or similar link displayed by youtube on the service for that content. you shall not copy reproduce distribute transmit broadcast display sell license or otherwise exploit any content for any other purposes without the prior written consent of youtube or the respective licensors of the content. youtube and its licensors reserve all rights not expressly granted in and to the service and the content.,you are not allowed to download videos.,7
YouTube Terms of Service,d you understand that when using the service you will be exposed to content from a variety of sources and that youtube is not responsible for the accuracy usefulness safety or intellectual property rights of or relating to such content. you further understand and acknowledge that you may be exposed to content that is inaccurate offensive indecent or objectionable and you agree to waive and hereby do waive any legal or equitable rights or remedies you have or may have against youtube with respect thereto and to the extent permitted by applicable law agree to indemnify and hold harmless youtube its owners operators affiliates licensors and licensees to the fullest extent allowed by law regarding all matters related to your use of the service.,you cannot hold us liable for the videos on youtube. it s not our fault you got sick after following that cooking video s recipe.,25
YouTube Terms of Service,your content and conductas a youtube account holder you may submit content to the service including videos and user comments. you understand that youtube does not guarantee any confidentiality with respect to any content you submit. you shall be solely responsible for your own content and the consequences of submitting and publishing your content on the service. you affirm represent and warrant that you own or have the necessary licenses rights consents and permissions to publish content you submit and you license to youtube all patent trademark trade secret copyright or other proprietary rights in and to such content for publication on the service pursuant to these terms of service. for clarity you retain all of your ownership rights in your content. however by submitting content to youtube you hereby grant youtube a worldwide non exclusive royalty free sublicenseable and transferable license to use reproduce distribute prepare derivative works of display and perform the content in connection with the service and youtube s and its successors and affiliates business including without limitation for promoting and redistributing part or all of the service and derivative works thereof in any media formats and through any media channels. you also hereby grant each user of the service a non exclusive license to access your content through the service and to use reproduce distribute display and perform such content as permitted through the functionality of the service and under these terms of service. the above licenses granted by you in video content you submit to the service terminate within a commercially reasonable time after you remove or delete your videos from the service. you understand and agree however that youtube may retain but not display distribute or perform server copies of your videos that have been removed or deleted. the above licenses granted by you in user comments you submit are perpetual and irrevocable. you further agree that content you submit to the service will not contain third party copyrighted material or material that is subject to other third party proprietary rights unless you have permission from the rightful owner of the material or you are otherwise legally entitled to post the material and to grant youtube all of the license rights granted herein. you further agree that you will not submit to the service any content or other material that is contrary to the youtube community guidelines currently found at http www youtube com t community_guidelines which may be updated from time to time or contrary to applicable local national and international laws and regulations. youtube does not endorse any content submitted to the service by any user or other licensor or any opinion recommendation or advice expressed therein and youtube expressly disclaims any and all liability in connection with content. youtube does not permit copyright infringing activities and infringement of intellectual property rights on the service and youtube will remove all content if properly notified that such content infringes on another s intellectual property rights. youtube reserves the right to remove content without prior notice.,you are responsible for your uploaded content. don t violate copyright laws. our community guidelines define what we don t want you to submit.,24
YouTube Terms of Service,warranty disclaimer you agree that your use of the services shall be at your sole risk. to the fullest extent permitted by law youtube its officers directors employees and agents disclaim all warranties express or implied in connection with the services and your use thereof. youtube makes no warranties or representations about the accuracy or completeness of this site s content or the content of any sites linked to this site and assumes no liability or responsibility for any i errors mistakes or inaccuracies of content ii personal injury or property damage of any nature whatsoever resulting from your access to and use of our services iii any unauthorized access to or use of our secure servers and or any and all personal information and or financial information stored therein iv any interruption or cessation of transmission to or from our services iv any bugs viruses trojan horses or the like which may be transmitted to or through our services by any third party and or v any errors or omissions in any content or for any loss or damage of any kind incurred as a result of the use of any content posted emailed transmitted or otherwise made available via the services. youtube does not warrant endorse guarantee or assume responsibility for any product or service advertised or offered by a third party through the services or any hyperlinked services or featured in any banner or other advertising and youtube will not be a party to or in any way be responsible for monitoring any transaction between you and third party providers of products or services. as with the purchase of a product or service through any medium or in any environment you should use your best judgment and exercise caution where appropriate 10. limitation of liabilityin no event shall youtube its officers directors employees or agents be liable to you for any direct indirect incidental special punitive or consequential damages whatsoever resulting from any i errors mistakes or inaccuracies of content ii personal injury or property damage of any nature whatsoever resulting from your access to and use of our services iii any unauthorized access to or use of our secure servers and or any and all personal information and or financial information stored therein iv any interruption or cessation of transmission to or from our services iv any bugs viruses trojan horses or the like which may be transmitted to or through our services by any third party and or v any errors or omissions in any content or for any loss or damage of any kind incurred as a result of your use of any content posted emailed transmitted or otherwise made available via the services whether based on warranty contract tort or any other legal theory and whether or not the company is advised of the possibility of such damages. the foregoing limitation of liability shall apply to the fullest extent permitted by law in the applicable jurisdiction you specifically acknowledge that youtube shall not be liable for content or the defamatory offensive or illegal conduct of any third party and that the risk of harm or damage from the foregoing rests entirely with you.,there are no warranties and we are not liable for anything bad that happens when using youtube.,17
YouTube Terms of Service,12. ability to accept terms of serviceyou affirm that you are either more than 18 years of age or an emancipated minor or possess legal parental or guardian consent and are fully able and competent to enter into the terms conditions obligations affirmations representations and warranties set forth in these terms of service and to abide by and comply with these terms of service. in any case you affirm that you are over the age of 13 as the service is not intended for children under 13. if you are under 13 years of age then please do not use the service. there are lots of other great web sites for you. talk to your parents about what sites are appropriate for you.,you must be 13 years or older.,7
YouTube Terms of Service,13. assignmentthese terms of service and any rights and licenses granted hereunder may not be transferred or assigned by you but may be assigned by youtube without restriction 14. generalyou agree that i the service shall be deemed solely based in california and ii the service shall be deemed a passive website that does not give rise to personal jurisdiction over youtube either specific or general in jurisdictions other than california. these terms of service shall be governed by the internal substantive laws of the state of california without respect to its conflict of laws principles. any claim or dispute between you and youtube that arises in whole or in part from the service shall be decided exclusively by a court of competent jurisdiction located in santa clara county california. these terms of service together with the privacy notice at http www youtube com t privacy and any other legal notices published by youtube on the service shall constitute the entire agreement between you and youtube concerning the service. if any provision of these terms of service is deemed invalid by a court of competent jurisdiction the invalidity of such provision shall not affect the validity of the remaining provisions of these terms of service which shall remain in full force and effect. no waiver of any term of this these terms of service shall be deemed a further or continuing waiver of such term or any other term and youtube s failure to assert any right or provision under these terms of service shall not constitute a waiver of such right or provision. youtube reserves the right to amend these terms of service at any time and without notice and it is your responsibility to review these terms of service for any changes. your use of the service following any amendment of these terms of service will signify your assent to and acceptance of its revised terms. you and youtube agree that any cause of action arising out of or related to the services must commence within one 1 year after the cause of action accrues. otherwise such cause of action is permanently barred.,the jurisdiction is california.,4
Android SDK License Agreement (June 2014),you may not use the sdk for any purpose not expressly permitted by the license agreement. except to the extent required by applicable third party licenses you may not a copy except for backup purposes modify adapt redistribute decompile reverse engineer disassemble or create derivative works of the sdk or any part of the sdk or b load any part of the sdk onto a mobile handset or any other hardware device except a personal computer combine any part of the sdk with other software or distribute any software or device incorporating a part of the sdk.,don t hack the sdk.,5
Android SDK License Agreement (June 2014),you agree that you will not take any actions that may cause or result in the fragmentation of android including but not limited to distributing participating in the creation of or promoting in any way a software development kit derived from the sdk.,don t fork the sdk.,5
Android SDK License Agreement (June 2014),you agree that the form and nature of the sdk that google provides may change without prior notice to you and that future versions of the sdk may be incompatible with applications developed on previous versions of the sdk. you agree that google may stop permanently or temporarily providing the sdk or any features within the sdk to you or to users generally at google s sole discretion without prior notice to you.,it won t be around for ever.,7
Android SDK License Agreement (June 2014),you agree to use the sdk and write applications only for purposes that are permitted by a the license agreement and b any applicable law regulation or generally accepted practices or guidelines in the relevant jurisdictions including any laws regarding the export of data or software to and from the united states or other relevant countries.,stay within the law and license agreement.,7
Android SDK License Agreement (June 2014),you agree that if you use the sdk to develop applications you will protect the privacy and legal rights of users. if users provide you with user names passwords or other login information or personal information you must make the users aware that the information will be available to your application and you must provide legally adequate privacy notice and protection for those users. if your application stores personal or sensitive information provided by users it must do so securely. if users provide you with google account information your application may only use that information to access the user s google account when and for the limited purposes for which each user has given you permission to do so.,protect users sensitive data and have an adequate privacy notice.,10
Android SDK License Agreement (June 2014),you agree that you will not engage in any activity with the sdk including the development or distribution of an application that interferes with disrupts damages or accesses in an unauthorized manner the servers networks or other properties or services of google or any third party.,no malware.,2
Android SDK License Agreement (June 2014),you agree that you are responsible for maintaining the confidentiality of any developer credentials that may be issued to you by google or which you may choose yourself and that you will be solely responsible for all applications that are developed under your developer credentials.,keep your password certificates safe.,5
Android SDK License Agreement (June 2014),6 1 in order to continually innovate and improve the sdk google may collect certain usage statistics from the software including but not limited to a unique identifier associated ip address version number of the software and information on which tools and or services in the sdk are being used and how they are being used. before any of this information is collected the sdk will notify you and seek your consent. if you withhold consent the information will not be collected 6 2 the data collected is examined in the aggregate to improve the sdk and is maintained in accordance with google s privacy policy located at http www google com policies privacy.,google collect stats and analyses aggregated data.,7
Android SDK License Agreement (June 2014),if you use any api to retrieve data from google you acknowledge that the data may be protected by intellectual property rights which are owned by google or those parties that provide the data or by other persons or companies on their behalf. your use of any such api may be subject to additional terms of service. you may not modify rent lease loan sell distribute or create derivative works based on this data either in whole or in part unless allowed by the relevant terms of service.,data provided by google may be protected.,7
Android SDK License Agreement (June 2014),if you use any api to retrieve a user s data from google you acknowledge and agree that you shall retrieve data only with the user s explicit consent and only when and for the limited purposes for which the user has given you permission to do so.,get explicit consent if you want to use any user s data.,12
Android SDK License Agreement (June 2014),10 1 you expressly understand and agree that your use of the sdk is at your sole risk and that the sdk is provided as is and as available without warranty of any kind from google 10 2 your use of the sdk and any material downloaded or otherwise obtained through the use of the sdk is at your own discretion and risk and you are solely responsible for any damage to your computer system or other device or loss of data that results from such use. without limiting the foregoing you understand that the sdk may contain errors defects and security vulnerabilities that can result in significant damage including the complete irrecoverable loss of use of your computer system or other device.,sdk is provided as is use it at your own risk.,11
Android SDK License Agreement (June 2014),google further expressly disclaims all warranties and conditions of any kind whether express or implied including but not limited to the implied warranties and conditions of merchantability fitness for a particular purpose and non infringement.,it comes with no warranty.,5
Android SDK License Agreement (June 2014),to the maximum extent permitted by law you agree to defend indemnify and hold harmless google its affiliates and their respective directors officers employees and agents from and against any and all claims actions suits or proceedings as well as any and all losses liabilities damages costs and expenses including reasonable attorneys fees arising out of or accruing from a your use of the sdk b any application you develop on the sdk that infringes any intellectual property rights of any person or defames any person or violates their rights of publicity or privacy and c any non compliance by you of the license agreement.,don t blame google.,4
"Google Play Game Services (May 15th, 2013)",you agree to comply with the google platform developer policies set forth athttp developers google com policies and the google play content policies set forth at http play google com about developer content policy html or other such urls as google may provide for this purpose from time to time the content of your api client including any content supplied by your users or other content providers must follow the google user content and conduct policy at http www google com intl en policy content html.,you must also abide by the developer content and user content policies also.,13
"Google Play Game Services (May 15th, 2013)",you may not use user data from our apis for advertising purposes unless i you are explicitly authorized by google or ii you are using an advertising solution that google provides for this purpose. you may not and may not permit any third party to sell or transmit any user data received from our apis including anonymized aggregate or derivative data to any third party ad network or service data broker or other advertising or marketing provider.,don t use the data for advertising some google adverts allowed.,11
"Google Play Game Services (May 15th, 2013)",notwithstanding the foregoing or section b 1 of the google platform developer policies and provided that you don t operate as an ad network you may use user data from our apis to target ads within your api client where you have sold the ad slot to the advertiser directly directly sold ads and you may make anonymized user data from our apis available to a third party solely to enable that third party to serve directly sold ads to your api client.,if you re not an ad network and you sell ads direct to clients you can use the data to target ads.,22
"Google Play Game Services (May 15th, 2013)",you shall not permit your api client to submit any false gameplay information such as invalid scores for a user in a leaderboard or an achievement that a user did not earn to google. you shall not permit your api client to send or accept an invite to a multiplayer game including automatching requests or to take a turn without an explicit action or request from a user.,don t allow users to fake scores. no multiplayer invites.,10
"Google Play Game Services (May 15th, 2013)",for api clients that use their own avatar naming system in place of the user s google identity then you must make clear to users that their gameplay information will still be submitted to google and associated with their google identity and viewable within different google products.,if using avatars usernames tell the user that their g identity will still be used by google.,17
"Google Play Game Services (May 15th, 2013)",the indemnification provision in section 9 of the api tos is deleted in its entirety and replaced with the following you agree to hold harmless and indemnify google and its subsidiaries affiliates officers agents and employees or partners from and against any third party claim arising from or in any way related to your misuse of google play game servicesyour violation of these terms orany third party s misuse of google play game services or actions that would constitute a violation of these terms provided that you enabled such third party to access the apis or failed to take reasonable steps to prevent such third party from accessing the apis including any liability or expense arising from all claims losses damages actual and consequential suits judgments litigation costs and attorneys fees of every kind and nature. in such a case google will provide you with written notice of such claim suit or action.,don t blame google.,4
Facebook Terms of Service (Statement of Rights and Responsibilities),you own all of the content and information you post on facebook and you can control how it is shared through your privacy and application settings. in addition for content that is covered by intellectual property rights like photos and videos ip content you specifically give us the following permission subject to yourprivacy and application settings you grant us a non exclusive transferable sub licensable royalty free worldwide license to use any ip content that you post on or in connection with facebook ip license. this ip license ends when you delete your ip content or your account unless your content has been shared with others and they have not deleted it. when you delete ip content it is deleted in a manner similar to emptying the recycle bin on a computer. however you understand that removed content may persist in backup copies for a reasonable period of time but will not be available to others when you use an application the application may ask for your permission to access your content and information as well as content and information that others have shared with you. we require applications to respect your privacy and your agreement with that application will control how the application can use store and transfer that content and information. to learn more about platform including how you can control what information other people may share with applications read our data use policy and platform page. when you publish content or information using the public setting it means that you are allowing everyone including people off of facebook to access and use that information and to associate it with you i e your name and profile picture.,facebook can use stuff that you post on or in connection with facebook that you have intellectual property rights to. facebook loses rights to your stuff if you delete it or your account so long as others have not shared without later deleting your stuff. publishing stuff using the public setting gives everyone else rights to that stuff.,58
Facebook Terms of Service (Statement of Rights and Responsibilities),if you include our social plugins such as the share or like buttons on your website the following additional terms apply to you we give you permission to use facebook s social plugins so that users can post links or content from your website on facebook. you give us permission to use and allow others to use such links and content on facebook. you will not place a social plugin on any page containing content that would violate this statement if posted on facebook.,you can t use facebook plugins on your own pages if stuff on those pages violates these terms.,18
Facebook Terms of Service (Statement of Rights and Responsibilities),facebook users provide their real names and information and we need your help to keep it that way. here are some commitments you make to us relating to registering and maintaining the security of your account you will not provide any false personal information on facebook or create an account for anyone other than yourself without permission. you will not create more than one personal account. if we disable your account you will not create another one without our permission. you will not use your personal timeline primarily for your own commercial gain and will use a facebook page for such purposes. you will not use facebook if you are under 13 you will not use facebook if you are a convicted sex offender. you will keep your contact information accurate and up to date. you will not share your password or in the case of developers your secret key let anyone else access your account or do anything else that might jeopardize the security of your account. you will not transfer your account including any page or application you administer to anyone without first getting our written permission. if you select a username or similar identifier for your account or page we reserve the right to remove or reclaim it if we believe it is appropriate such as when a trademark owner complains about a username that does not closely relate to a user s actual name.,you can t fake your personal info create a new account if facebook disables yours use a personal facebook only for business be under 13 be a convicted sex offender or transfer your account without permission. you can only have one personal account and have to keep your contact information accurate.,51
Facebook Terms of Service (Statement of Rights and Responsibilities),if you are a developer or operator of a platform application or website the following additional terms apply to you you are responsible for your application and its content and all uses you make of platform. this includes ensuring your application or use of platform meets our facebook platform policies and our advertising guidelines. your access to and use of data you receive from facebook will be limited as follows you will only request data you need to operate your application. you will have a privacy policy that tells users what user data you are going to use and how you will use display share or transfer that data and you will include your privacy policy url in the developer application. you will not use display share or transfer a user s data in a manner inconsistent with your privacy policy. you will delete all data you receive from us concerning a user if the user asks you to do so and will provide a mechanism for users to make such a request. you will not include data you receive from us concerning a user in any advertising creative. you will not directly or indirectly transfer any data you receive from us to or use such data in connection with any ad network ad exchange data broker or other advertising related toolset even if a user consents to that transfer or use. you will not sell user data. if you are acquired by or merge with a third party you can continue to use user data within your application but you cannot transfer user data outside of your application. we can require you to delete user data if you use it in a way that we determine is inconsistent with users expectations. we can limit your access to data. you will comply with all other restrictions contained in our facebook platform policies. you will not give us information that you independently collect from a user or a user s content without that user s consent. you will make it easy for users to remove or disconnect from your application. you will make it easy for users to contact you. we can also share your email address with users and others claiming that you have infringed or otherwise violated their rights. you will provide customer support for your application. you will not show third party ads or web search boxes on www facebook com. we give you all rights necessary to use the code apis data and tools you receive from us. you will not sell transfer or sublicense our code apis or tools to anyone. you will not misrepresent your relationship with facebook to others. you may use the logos we make available to developers or issue a press release or other public statement so long as you follow our facebook platform policies. we can issue a press release describing our relationship with you. you will comply with all applicable laws. in particular you will if applicable have a policy for removing infringing content and terminating repeat infringers that complies with the digital millennium copyright act comply with the video privacy protection act vppa and obtain any opt in consent necessary from users so that user data subject to the vppa may be shared on facebook. you represent that any disclosure to us will not be incidental to the ordinary course of your business. we do not guarantee that platform will always be free. you give us all rights necessary to enable your application to work with facebook including the right to incorporate content and information you provide to us into streams timelines and user action stories. you give us the right to link to or frame your application and place content including ads around your application. we can analyze your application content and data for any purpose including commercial such as for targeting the delivery of advertisements and indexing content for search to ensure your application is safe for users we can audit it. we can create applications that offer similar features and services to or otherwise compete with your application.,when you develop anything using facebook tools you must have a privacy policy and let users delete data. you let facebook analyze anything about your stuff for any purpose and let them build competing applications. you can t sell user data and you can t use it in a way that we determine is inconsistent with users expectations.,58
Facebook Terms of Service (Statement of Rights and Responsibilities),we do our best to keep facebook safe but we cannot guarantee it. we need your help to keep facebook safe which includes the following commitments by you you will not post unauthorized commercial communications such as spam on facebook. you will not collect users content or information or otherwise access facebook using automated means such as harvesting bots robots spiders or scrapers without our prior permission. you will not engage in unlawful multi level marketing such as a pyramid scheme on facebook. you will not upload viruses or other malicious code. you will not solicit login information or access an account belonging to someone else. you will not bully intimidate or harass any user. you will not post content that is hate speech threatening or pornographic incites violence or contains nudity or graphic or gratuitous violence. you will not develop or operate a third party application containing alcohol related dating or other mature content including advertisements without appropriate age based restrictions. you will follow our promotions guidelines and all applicable laws if you publicize or offer any contest giveaway or sweepstakes promotion on facebook. you will not use facebook to do anything unlawful misleading malicious or discriminatory. you will not do anything that could disable overburden or impair the proper working or appearance of facebook such as a denial of service attack or interference with page rendering or other facebook functionality. you will not facilitate or encourage any violations of this statement or our policies. we respect other people s rights and expect you to do the same. you will not post content or take any action on facebook that infringes or violates someone else s rights or otherwise violates the law. we can remove any content or information you post on facebook if we believe that it violates this statement or our policies. we provide you with tools to help you protect your intellectual property rights. to learn more visit our how to report claims of intellectual property infringement page. if we remove your content for infringing someone else s copyright and you believe we removed it by mistake we will provide you with an opportunity to appeal. if you repeatedly infringe other people s intellectual property rights we will disable your account when appropriate. you will not use our copyrights or trademarks including facebook the facebook and f logos fb face poke book and wall or any confusingly similar marks except as expressly permitted by our brand usage guidelines or with our prior written permission. if you collect information from users you will obtain their consent make it clear you and not facebook are the one collecting their information and post a privacy policy explaining what information you collect and how you will use it. you will not post anyone s identification documents or sensitive financial information on facebook. you will not tag users or send email invitations to non users without their consent. facebook offers social reporting tools to enable users to provide feedback about tagging.,don t break these detailed lists of rules. basically don t do anything that negatively impacts the facebook platform or community.,21
Dropbox Terms of Service,thanks for using dropbox. these terms of service terms cover your use and access to the services client software and websites services provided by dropbox inc our privacy policy explains how we collect and use your information while our acceptable use policy outlines your responsibilities when using our services. by using our services you re agreeing to be bound by these terms and to review our privacy and acceptable use policies. if you re using our services for an organization you re agreeing to these terms on behalf of that organization.,by accepting these terms you also agree to the privacy and acceptable use policies linked in the right.,18
Dropbox Terms of Service,when you use our services you provide us with things like your files content email messages contacts and so on your stuff. your stuff is yours. these terms don t give us any rights to your stuff except for the limited rights that enable us to offer the services. we need your permission to do things like hosting your stuff backing it up and sharing it when you ask us to. our services also provide you with features like photo thumbnails document previews email organization easy sorting editing sharing and searching. these and other features may require our systems to access store and scan your stuff. you give us permission to do those things and this permission extends to trusted third parties we work with.,dropbox along with their third parties are allowed to access scan store and duplicate content that you put on the service.,21
Dropbox Terms of Service,you re responsible for your conduct your stuff and you must comply with our acceptable use policy. content in the services may be protected by others intellectual property rights. please don t copy upload download or share content unless you have the right to do so. we may review your conduct and content for compliance with these terms and our acceptable use policy. with that said we have no obligation to do so. we aren t responsible for the content people post and share via the services. please safeguard your password to the services make sure that others don t have access to it and keep your account information current. finally our services are not intended for and may not be used by people under the age of 13. by using our services you are representing to us that you re over 13 we respect the intellectual property of others and ask that you do too. we respond to notices of alleged copyright infringement if they comply with the law and such notices should be reported using our dmca process. we reserve the right to delete or disable content alleged to be infringing and terminate accounts of repeat infringers. our designated agent for notice of alleged copyright infringement on the services is.,you have to respect the content of others via the acceptable use policy and are responsible for any content you share. dropbox isn t liable for stuff you post on the site and can remove any copyright infringing material. also you must be over 13.,45
Dropbox Terms of Service,billing. you can increase your storage space and add paid features to your account turning your account into a paid account. we ll automatically bill you from the date you convert to a paid account and on each periodic renewal until cancellation. you re responsible for all applicable taxes and we ll charge tax when required to do so. no refunds. you may cancel your dropbox paid account at any time but you won t be issued a refund. downgrades. your paid account will remain in effect until it s cancelled or terminated under these terms. if you don t pay for your paid account on time we reserve the right to suspend it or reduce your storage to free space levels. you re responsible for all taxes and we may charge taxes when required to do so. changes. we may change the fees in effect but will give you advance notice of these changes via a message to the email address associated with your account.,you re responsible to pay any bills you re not entitled to any refunds and if you re late on payments dropbox can suspend or reduce the storage on your account. they can also change their pricing but will email you if they do.,44
Dropbox Terms of Service,you re free to stop using our services at any time. we also reserve the right to suspend or end the services at any time at our discretion and without notice. for example we may suspend or terminate your use of the services if you re not complying with these terms or use the services in a manner that would cause us legal liability disrupt the services or disrupt others use of the services. except for paid accounts we reserve the right to terminate and delete your account if you haven t accessed our services for 12 consecutive months. we ll of course provide you with notice via the email address associated with your account before we do so.,dropbox can end their services at any time without notice. for free accounts they can delete your account if you haven t used dropbox for 12 months. they ll email you before doing so.,34
Apple Website Terms of Service,apple s privacy policy applies to use of this site and its terms are made a part of these terms of use by this reference. to view apple s privacy policy click here. additionally by using the site you acknowledge and agree that internet transmissions are never completely private or secure. you understand that any message or information you send to the site may be read or intercepted by others even if there is a special notice that a particular transmission for example credit card information is encrypted.,apple s privacy policy applies to this site and its terms are part of these terms. you acknowledge and agree that the internet is never completely private or secure and that any message or information sent to this website may be read or intercepted by others.,46
Apple Website Terms of Service,you agree to indemnify and hold apple its officers directors shareholders predecessors successors in interest employees agents subsidiaries and affiliates harmless from any demands loss liability claims or expenses including attorneys fees made against apple by any third party due to or arising out of or in connection with your use of the site.,you agree to compensate apple for harm or loss and hold apple and people associated with them harmless from any demands loss responsibility claims or expenses made against them due to your use of the website.,36
Apple Website Terms of Service,apple administers and operates the www apple com site from its location in cupertino california usa other apple sites may be administered and operated from various locations outside the united states. although the site is accessible worldwide not all features products or services discussed referenced provided or offered through or on the site are available to all persons or in all geographic locations or appropriate or available for use outside the united states. apple reserves the right to limit in its sole discretion the provision and quantity of any feature product or service to any person or geographic area. any offer for any feature product or service made on the site is void where prohibited. if you choose to access the site from outside the united states you do so on your own initiative and you are solely responsible for complying with applicable local laws.,not all apple products or services are available to everyone or in all locations. apple may limit any product or service to any person or area. products and services are not available where prohibited by law. you are responsible for complying with local laws if accessing the website outside of the u s.,53
Apple Website Terms of Service,any feedback you provide at this site shall be deemed to be non confidential. apple shall be free to use such information on an unrestricted basis.,apple may use your feedback without restrictions e g. share it publicly.,12
Privacy Policy,search encrypt does not track search history in any user identifiable way. the most popular search engines create search profiles of specific users in order to retarget ads based on those search queries as the user navigates the internet. search encrypt does not track your search history in any user identifiable way.,this service does not track you.,6
Privacy Policy,we also provide you additional data control options created by the gdpr but provided to the stack overflow community regardless of geographic location with respect to your information including data access and portability including the right to obtain and download a copy of the personal data you provided to stack overflow data correction the ability to update the personal data we collect and display on you in many cases via your account settings data deletion where stack overflow will delete personal information stored on you which we are not required by necessity to maintain and the ability to have us stop processing your personal data with certain exceptions as may be necessary. for more information on these choices you have over how we collect and store your personal data please visit our gdpr page. please also be aware that in order to provide some of these data choices to you we may need to first verify your identity.,you can request access and deletion of personal data.,9
Additional Terms of Service,rvices you grant oath the following worldwide royalty free and non exclusive license the license to use distribute reproduce modify adapt publicly perform and publicly display such content on the services solely for the purpose for which such content was submitted or made available. this license exists only for as long as you elect to continue to include such content on the services and will terminate at the time you remove or oath removes such content from the services.,the copyright license granted to yahoo for photos graphics audio and video is limited solely for the purpose for which such content was submitted or made available.,27
Terms and Conditions,we may change these terms and conditions to reflect a changes in applicable laws. b regulatory or security requirements. c relevant guidance or codes of practice. d technical alterations to jagex products. and e to improve clarity and consistency. please check the terms and conditions whenever you use a jagex product. if you are not a subscriber we will treat your continued use of a jagex product as acceptance of these changes from their effective date as shown above. if you are a subscriber we will treat the first renewal date of your subscription after the changes as your acceptance of the changes. if you do not agree with the changes you should cancel your subscription as explained below in section 14 of these terms and conditions before the renewal date.,if you are a subscriber jagex will treat the first renewal date of your subscription after the changes as your acceptance of the changes.,24
Privacy Policy,it also enables us to serve you advertising and other relevant content on and off of the academia edu services.,the service uses your personal data to employ targeted third party advertising.,12
Terms of Use,you must not use any automated script or other software to collect information or content from cybernet s sites in any way.,users cannot scrape the website of the service.,8
Terms of Use,you are not permitted to attempt to overload flood spam mailbomb or crash the website or servers.,this service prohibits users sending chain letters junk mail spam or any unsolicited messages.,14
Privacy Policy,sharing data like address book contacts anonymous usage statistics and crash logs is completely optional on your part. you can opt out anytime.,the privacy policy states sharing data like anonymous usage statistics and crash logs is completely optional.,16
Privacy Policy,if you choose to create an account then the minimum we ask is that you choose a unique username and password use a web browser that accepts session cookies and provide a verified email address.,the service allows you to use pseudonyms.,7
Data License,supplementary data the remaining portions of the database are released under the creative commons attribution noncommercial sharealike 3 0 license.,you publish under a free license not a bilateral one.,10
Privacy Policy,you do not have to provide any personal data to be able to browse the contents of the databases published by metabrainz.,no need to register.,4
Privacy Policy,information collected automatically stack overflow receives and records information from your browser or mobile device when you visit the network or use the apps such as your internet protocol ip address or unique device identifier. cookies and data about which pages you visit on our network allow us to operate and optimize the products and services we provide to you. this information is stored in secure logs and is collected automatically. we may combine this browser information with other information we collect about you. this information is used to keep the products and services secure analyze and understand how our products and services are used optimize such usage provide advertising across the network as well as certain products and services to personalize your experience and to help connect you with potential job opportunities in the case of our recruiting products and services.,the service uses your personal data for advertising.,8
Social Contract,the client and server software will remain free and accessible under generally accepted open licenses.,features of the website are made available under a free software license.,12
Privacy Policy,i don t store any personally identifiable data about you as my visitor.,the service provides details about what kinds of personal information they collect.,12
Privacy Policy,you do not have to give your personal or legal name to create an npm account. you can use a pseudonym instead.,the service allows you to use pseudonyms.,7
Open-Source Terms,nothing in this agreement gives npm any ownership rights in intellectual property that you share with npm services such as your account information or any packages you share with npm services your content.,you maintain ownership of your data.,6
Open-Source Terms,your content belongs to you. you decide whether and how to license it. but at a minimum you license npm to provide your content to users of npm services when you share your content. that special license allows npm to copy publish and analyze your content and to share its analyses with others. npm may run computer code in your content to analyze it but npm s special license alone does not give npm the right to run code for its functionality in npm products or services.,users are free to choose the type of copyright license that they want to use over their content.,18
Open-Source Terms,use of npm services is at your sole risk. npm services are provided on an as is and as available basis.,the service is provided as is and to be used at the users sole risk.,15
Open-Source Terms,npm makes no warranty that npm services will meet your requirements operate in an uninterrupted timely secure or error free manner.,the service provider makes no warranty regarding uninterrupted timely secure or error free service.,14
Open-Source Terms,you will be solely responsible for any damage to your computer system and network as well as any data loss that may result from use of npm services or material received via npm services.,users are responsible for any risks damages or losses they may incur by downloading materials.,15
Open-Source Terms,npm services may provide information and software that is inaccurate incomplete misleading illegal offensive or otherwise harmful.,the service does not guarantee accuracy or reliability of the information provided.,12
Privacy Policy,contests surveys and sweepstakes data this personal data is used to allow you to sign up and participate in these types of promotions. the exact personal data collected will vary depending on the promotion.,spotify may merge your current personal info with more if you participate in a special promotion.,16
Terms and Conditions of Use,if you do not want to continue to be charged on a recurring monthly basis you must cancel the applicable paid subscription through your spotify account s subscription page or terminate your spotify account before the end of the recurring monthly period. paid subscriptions cannot be terminated before the end of the period for which you have already paid and except as expressly provided in these terms spotify will not refund any fees that you have already paid. the limitation section sets forth additional terms regarding cancellation of your paid subscription.,spotify doesn t provide refunds.,5
Terms and Conditions of Use,to the fullest extent permitted by applicable law spotify and all owners of the content make no representations and disclaim any warranties or conditions of satisfactory quality merchantability fitness for a particular purpose or non infringement. neither spotify nor any owner of content warrants that the spotify service is free of malware or other harmful components.,there is no guarantee of quality of service. if the service is not delivered to your expectations you still pay for it to the extent of applicable law.,28
Privacy Policy,technical data which may include url information cookie data your ip address the types of devices you are using to access or connect to the spotify service unique device ids device attributes network connection type e g. wifi 3g lte bluetooth and provider network and device performance browser type language information enabling digital rights management operating system and spotify application version.,the service may use tracking pixels web beacons browser fingerprinting and or device fingerprinting on users.,16
Privacy Policy,open book publishers will not send you email that you have not agreed to receive. if you are a member of our mailing list you may be contacted with announcements news portfolio additions and new products or services. with each email sent you have the option of unsubscribing from our mailing list at any time thereby disabling any further such email communication from being sent.,you can opt out of promotional communications.,7
Privacy Policy,where you request that we delete your account from our system we will immediately lock the account and archive the information then delete it from our severs within approximately 7 days from the date of your request.,you can delete your content from this service.,8
Privacy Policy,the app may use third party code and libraries that use cookies to collection information and to improve their services.,this service allows tracking via third party cookies for purposes including targeted advertising.,13
Privacy Policy,we also save searches but again not in a personally identifiable way as we do not store ip addresses or unique user agent strings.,this service does not track you.,6
Privacy Policy,if this policy is substantively updated we will update the text of this page and provide notice to you at https duckduckgo com about by writing updated in red next to the link to this page in the footer for a period of at least 30 days.,conditions may change but your continued acceptance is not inferred from an earlier acceptance flow.,15
Privacy Policy,we also allow specific partners to collect information from your browser or device for advertising and measurement purposes using their own cookies or similar technologies.,the service may use tracking pixels web beacons browser fingerprinting and or device fingerprinting on users.,16
Privacy Policy,things could change. we may amend or terminate any terms of this agreement at any time and such amendment or termination will be effective at the time we post the revised terms on the site.,terms may be changed any time at their discretion without notice to the user.,14
Terms of Service and Privacy,if you are not subject to the special arbitration provision for united states or canada users section below you agree that you will resolve any claim you have with us relating to arising out of or in any way in connection with our terms us or our services each a dispute and together disputes exclusively in the united states district court for the northern district of california or a state court located in san mateo county in california and you agree to submit to the personal jurisdiction of such courts for the purpose of litigating all such disputes. governing law. the laws of the state of california govern our terms as well as any disputes whether in court or arbitration which might arise between whatsapp and you without regard to conflict of law provisions.,the court of law governing the terms is in the state of california.,13
Privacy Policy,sharing with third parties we share information with third parties that help us operate provide improve integrate customize support and market our services. service providers we work with third party service providers to provide website and application development hosting maintenance backup storage virtual infrastructure payment processing analysis and other services for us which may require them to access or use information about you. if a service provider needs to access information about you to perform services on our behalf they do so under instruction from us including abiding by policies and procedures designed to protect your information. trello partners we work with third parties who provide consulting sales support and technical services to deliver and implement customer solutions around the services including the atlassian global partner network 7 we may share your information with these third parties in connection with their services such as to assist with billing and collections to provide localized support and to provide customizations. we may also share information with these third parties where you have agreed to that sharing like when you agree to us sharing your information with a trello expert for support related questions. third party apps you your administrator or other service users may choose to add new functionality or change the behavior of the services by enabling third party apps like power ups within the services. doing so may give third party apps access to your account and information about you like your name and email address and any content you choose to use in connection with those apps. if you are an administrator or contact listed on an account we share your details with the third party app provider upon installation. third party app policies and procedures are not controlled by us and this privacy policy does not cover how third party apps use your information. we encourage you to review the privacy policies of third parties before connecting to or using their applications or services to learn more about their privacy and information handling practices. if you object to information about you being shared with these third parties please disable the app. links to third party sites the services may include links that direct you to other websites or services whose privacy practices may differ from ours. your use of and any information you submit to any of those third party sites is governed by their privacy policies not this one. third party widgets some of our services contain widgets and social media features such as the twitter tweet button. these widgets and features collect your ip address which page you are visiting on the services and may set a cookie to enable the feature to function properly. widgets and social media features are either hosted by a third party or hosted directly on our services. your interactions with these features are governed by the privacy policy of the company providing it. with your consent we share information about you with third parties when you give us consent to do so. for example we often display personal testimonials of satisfied customers on our public websites. with your consent we may post your name alongside the testimonial. compliance with enforcement requests and applicable laws. enforcement of our rights in exceptional circumstances we may share information about you with a third party if we believe that sharing is reasonably necessary to a comply with any applicable law regulation legal process or governmental request including to meet national security requirements b enforce our agreements policies and terms of service c protect the security or integrity of our products and services d protect trello our customers or the public from harm or illegal activities or e respond to an emergency which we believe in good faith requires us to disclose information to assist in preventing the death or serious bodily injury of any person. for more information on how we respond to government requests see our guidelines for law enforcement8 and our transparency report 9.,third parties may be involved in operating the service.,9
Information for Authors,your work your copyright all our titles are published using creative commons licences. these licences mean that you are in full control of your own copyright and can choose how your work is used by other people. we recommend creative commons attribution licences cc by which allows others to copy distribute display and perform your copyrighted work but ensures that they must give you full credit.,users are free to choose the type of copyright license that they want to use over their content.,18
Privacy Policy,send do not track signals some browsers have incorporated do not track dnt features that can send a signal to the websites you visit indicating you do not wish to be tracked. because there is not yet a common understanding of how to interpret the dnt signal our services do not currently respond to browser dnt signals. you can use the range of other tools we provide to control data collection and use including the ability to opt out of receiving marketing from us as described above.,even though the do not track dnt header was not implemented perfectly services should not track users whose browsers send a dnt header.,23
Iron Horse Games' Privacy Policy,to measure reach and effectiveness of advertisement campaigns to offer targeted advertising to personalize experience by showing advertisements for products and services that are more likely to appeal to you i e. behavioral advertising.,the service uses your personal data to employ targeted third party advertising.,12
Iron Horse Games' Privacy Policy,information we collect about you from third party companies including but not limited to publishing partners platforms advertising platforms and partners and data aggregators which may include attributes about you and your interests as well as other games and services you use and demographic and general location information.,the service may collect extra data about you through promotions.,10
Iron Horse Games' Privacy Policy,ad identifiers are non permanent non personal identifiers such as the android advertising id and or apple s id for advertising the idfa which are uniquely associated with your device. similar technologies include tracking pixels within ads.,the service may use tracking pixels web beacons browser fingerprinting and or device fingerprinting on users.,16
License Terms,you must be 18 to accept these terms and buy the app you must be 18 or over to accept these terms and buy the app.,this service is only available to users of a certain age.,11
Privacy Policy,device information. in addition to log data we may also collect information about the device you re using pinterest on including what type of device it is what operating system you re using device settings unique device identifiers and crash data. whether we collect some or all of this information often depends on what type of device you re using and its settings. for example different types of information are available depending on whether you re using a mac or a pc or an iphone or an android phone. to learn more about what information your device makes available to us please also check the policies of your device manufacturer or software provider.,the service may use tracking pixels web beacons browser fingerprinting and or device fingerprinting on users.,16
Terms of Service,these terms and the relationship between you and weebly shall be governed by the laws of the state of california without regard to its conflict of law provisions.,the court of law governing the terms is in location the state of california.,14
Terms of Service,to the fullest extent permitted by applicable law in no event will ibm be liable to any party for any direct indirect incidental special exemplary or consequential damages of any type whatsoever related to or arising from this web site or any use of this web site or of any site or resource linked to referenced or accessed through this web site or for the use or downloading of or access to any materials information products or services including without limitation any lost profits business interruption lost savings or loss of programs or other data even if ibm is expressly advised of the possibility of such damages.,this service assumes no liability for any losses or damages resulting from any matter relating to the service.,18
Terms of Use,by submitting any feedback you grant us the right to use the feedback without any restriction or any compensation to you.,if you offer suggestions to the service they become the owner of the ideas that you give them.,18
Terms of Service,you agree to defend indemnify and hold harmless the site its affiliates and licensors and their respective officers directors employees contractors agents and licensors from and against any claims liabilities damages judgments awards losses costs expenses or fees including reasonable attorneys fees resulting from your violation of these terms and conditions or your use of the site including without limitation any use of the site s content services or items purchased through the site.,you agree to defend indemnify and hold the service harmless in case of a claim related to your use of the service.,22
Terms of Use,to the extent that you provide user content you grant coursera a fully transferable royalty free perpetual sublicensable non exclusive worldwide license to copy distribute modify create derivative works based on publicly perform publicly display and otherwise use the user content.,this service can use your content for all their existing and future services.,13
Terms of Use,indemnificationyou agree to indemnify defend and hold harmless the coursera parties from any and all claims liabilities expenses and damages including reasonable attorneys fees and costs made by any third party related to a your use or attempted use of the services in violation of these terms. b your violation of any law or rights of any third party. or c user content including without limitation any claim of infringement or misappropriation of intellectual property or other proprietary rights.,you agree to defend indemnify and hold the service harmless in case of a claim related to your use of the service.,22
Terms of Use,jetbrains reserves the right at its sole discretion to change add or remove any part of these terms of use at any time without prior notice to you. we may at our discretion choose to notify those subscribed to our newsletters and rss feeds of such changes. however it is up to you to check these terms of use for changes.,terms may be changed any time at their discretion without notice to the user.,14
Terms of Use,jetbrains reserves the exclusive right to revoke authorization to view download and print site content at any time and you shall discontinue such use immediately upon notice from jetbrains.,the service can delete your account without prior notice and without a reason.,13
Terms of Service,you agree that disputes between you and us will be resolved by binding individual arbitration and you waive your right to participate in a class action lawsuit or class wide arbitration. we explain some exceptions and how you can opt out of arbitration below.,by agreeing to instagram s terms you agree that you can only bring any claim against them on your own behalf. you waive your right to being part of a class action or participating in claims brought in any representative capacity.,41
Terms of Service,we may change our service and policies and we may need to make changes to these terms so that they accurately reflect our service and policies. unless otherwise required by law we will notify you for example through our service before we make changes to these terms and give you an opportunity to review them before they go into effect.,when the service wants to change its terms users are notified a week or more in advance.,17
Terms of Service,your payments to the site are nonrefundable.,no refund policy.,3
Terms of Service,the laws of the state of california to the extent not preempted by or inconsistent with federal law will govern these terms and any claim without regard to conflict of law provisions.,the court of law governing the terms is in the state of california.,13
Data Policy,since the like button is a little piece of facebook embedded on another website the browser is sending info about the request to load facebook content on that page. we record some of this info to help show you a personalized experience on that site and to improve our products.,many third parties are involved in operating the service.,9
Terms of Service,we can refuse to provide or stop providing all or part of the service to you including terminating or disabling your account immediately to protect our community or services or if you create risk or legal exposure for us violate these terms of use or our policies including our instagram community guidelines if you repeatedly infringe other people s intellectual property rights or where we are permitted or required to do so by law.,the service can suspend your account for several reasons.,9
Privacy Policy,here are some of the types of information we collect log data. when you use pinterest or go to a webpage or use an app that has pinterest features like our pin it button our servers automatically record information log data including information that your browser sends whenever you visit a website or your mobile app sends when you re using it. this log data may include your internet protocol address the address of the web pages you visited that had pinterest features browser type and settings the date and time of your request how you used pinterest and cookie data.,pinterest collects user log data such as ip addresses browser type and settings the date and time people access pinterest and the way they use it. they also collect user log data on other websites that contain pin it buttons.,40
Privacy Policy,we do not use cookies for tracking purposes.,this service only uses temporary session cookies.,7
Terms of Use,you also agree to register one account only for your use of the site. the site administrators reserve the right to ban users because of accessing the site with more than one account. the information we obtain through your use of this site including your registration data is subject to our privacy policy which is specifically incorporated by reference into these terms of use.,service does not allow alternative accounts.,6
Privacy Policy,offer you targeted advertising in order to personalize your experience by showing you advertisements that are more relevant to you.,the service uses your personal data for advertising.,8
Terms of Service,researchgate strives to connect the world of science. it is essential for the credibility of the world of science and for the reputation of researchers that researchers identify themselves using their real names and their affiliation. you must therefore provide only true and non misleading statements and your real name. you may not use pseudonyms or pen names. you may not accept adopt or post content that falsely or misleadingly implies an incorrect identity inaccurate biographical facts or misleading information about your qualifications work experience or achievements. you warrant and represent that all personal information you provide is accurate and complete. you are obliged to update such data when it changes. if you choose to use a profile photo you must use a photo where you can be clearly identified. images of other people animals text and logos are not permitted. this again is essential for the credibility of the researchers using the service and is in the best interest of the world of science.,pseudonym not allowed user to user trust is relevant for service.,11
Privacy Policy,we collect content of your files and communications when necessary to provide you with the services you use.,the service can read your private messages.,7
Privacy Policy,our use of web beacons and analytics services microsoft web pages may contain electronic images known as web beacons also called single pixel gifs that we use to help deliver cookies on our sites count users who have visited those sites and deliver co branded services. we also include web beacons in our promotional email messages or newsletters to determine whether you open and act on them.,tracking pixels used in service to user communication.,8
Legal information,we do not use cookies or any other tracking technology.,this service does not track you.,6
About our edit tool,when cancelling your account we scramble your data in our database so you cannot recover your account and we don t loose your contributions.,this service will continue using anonymized user generated content even after erasure of personal information.,15
About our edit tool,phoenix is hosted on heroku for development purposes. please refer to their tos for any more details.,tos dr refers users to heroku s terms of service for more information.,13
Privacy Policy,we may update this privacy policy from time to time at our sole discretion.,terms may be changed any time at their discretion without notice to the user.,14
About our edit tool,nothing here should be considered legal advice. we express our opinion with no guarantee and we do not endorse any service in any way. please refer to a qualified attorney for legal advice. reading tos dr is in no way a replacement for reading the full terms to which you are bound.,tos dr gives no guarantee regarding quality.,7
CoReadingWebPrivacyPolicy,public disclosure as a general rule the city does not disclose any personally identifiable information collected online except where you have given us permission or where the information is public information under the pennsylvania right to know act 65 p s. 66 1 et seq or other applicable laws. visitors should be aware that information collected by the city on its website may be subject to examination and inspection if such information is a public record and not otherwise protected from disclosure.,the service will not allow third parties to access your personal information without a legal basis.,16
CoReadingWebPrivacyPolicy,choice you may decline participation in any activity that asks for information i e surveys or emails. your choice to not participate will have no effect on your ability to access information on the city s web sites.,you can choose with whom you share content.,8
CoReadingWebPrivacyPolicy,cookies to better serve you we occasionally use cookies to customize your browsing experience. cookies are simple text files stored by your web browser and they provide a method of distinguishing among visitors to the web sites. cookies created on your computer by using our web sites do not contain personally identifiable information and do not compromise your privacy or security. we use the cookie feature to store a randomly generated identifying tag on your computer. you can refuse the cookie or delete the cookie file from your computer at any time by using any one of a number of widely available methods.,the cookies used by this service do not contain information that would personally identify you.,15
CoReadingWebPrivacyPolicy,security the city has taken steps to safeguard the submission of information by implementing detailed technology and security policies. security measures have been integrated into the design implementation and day to day operations of the entire operating environment as part of our continuing commitment to the security of electronic content as well as the electronic transmission of information.,this service prohibits users from attempting to gain unauthorized access to other computer systems.,14
Linking Policy,readingpa gov will not approve a link to any web site that exhibits hate bias or discrimination.,users agree not to submit libelous harassing or threatening content.,10
Linking Policy,furthermore the city of reading pa reserves the right to deny or remove any link that contains misleading information or unsubstantiated claims or is determined to be in conflict with the city of reading pa mission or policies.,prohibits the posting of content which promotes or glorifies violence or politically or religiously extremist values.,16
Privacy Policy,when we post changes to this privacy policy we will revise the last updated date at the top of this privacy policy.,there is a date of the last update of the terms.,11
Privacy Policy,we may also automatically collect device specific information when you install access or use our services. this information may include information such as the hardware model operating system information app version app usage and debugging information browser information ip address and device identifiers.,the service may use tracking pixels web beacons browser fingerprinting and or device fingerprinting on users.,16
Terms of Service,you and 500px agree that any proceedings to resolve or litigate any dispute arising hereunder will be conducted solely on an individual basis and that you will not seek to have any dispute heard as a class action a representative action a collective action a private attorney general action or in any proceeding in which you act or propose to act in a representative capacity. you further agree that no proceeding will be joined consolidated or combined with another proceeding without the prior written consent of 500px and all parties to any such proceeding.,you waive your right to a class action.,8
Terms of Service,by posting visual content to the site you grant to 500px a non exclusive or exclusive transferable fully paid worldwide license to use sublicense distribute reproduce modify adapt publicly perform and publicly display such visual content in connection with the services. this license will exist for the period during which the visual content is posted on the site and will automatically terminate upon the removal of the visual content from the site subject to the terms of any license granted by an authorized 500px distributor the license granted to 500px includes the right to use visual content fully or partially for promotional reasons and to distribute and redistribute visual content to other parties websites authorized agents applications and other entities provided such visual content is attributed in accordance with the required credits i e. username or collection name profile picture photo title descriptions tags and other accompanying information if any and as appropriate as submitted to 500px subject to any credit requirements governing the licensing of visual content pursuant to the contributor agreement notwithstanding the foregoing no inadvertent failure to provide appropriate attribution shall be considered a breach of these terms 500px and its distributors have the right to modify alter and amend photo titles descriptions tags metadata and other accompanying information for any visual content and the right to submit visual content to other parties and authorized agents for the purpose of creating tags for visual content.,the copyright license you grant to 500px is transferable and sublicensable. the copyright license is limited for use in connection with the services which includes promotional uses and redistribution to other parties web sites applications and other entities if you are credited properly. the license on your content terminates when you remove such content.,54
Privacy Policy,ithaka may also transfer personally identifiable information to third parties including third parties located internationally such as applicable publishers other content providers and libraries who can better assist with your inquiries to facilitate order fulfillment for the journals hosting program and to enable them to inform users of services provided by ithaka and or the third parties products and services that may be of interest.,many third parties are involved in operating the service.,9
Privacy Policy,we may update this privacy policy to reflect changes to our information practices. if we make any change in how we use your personal information we will notify you by email sent to the e mail address specified in your account. we encourage you to periodically review this page for the latest information on our privacy practices.,users should revisit the terms periodically although in case of material changes the service will notify.,16
Terms of Use,we may in our sole discretion a suspend or terminate your account and or your access to the service.,the service can delete your account without prior notice and without a reason.,13
Terms of Use,we reserve the right to modify or discontinue the service at any time including by limiting or discontinuing certain features of the service without notice to you. we will have no liability whatsoever on account of any change to the service.,they may stop providing the service at any time.,9
Privacy Policy,company aggregates non personal data which cannot identify a user. such data includes the apps installs the frequency of the launches and the use of different screens in the application. we also collect non personalized data about the devices models software versions the countries where the application is used and the language. also the users may be asked to leave an email to get access to certain additional features.,the service provides details about what kinds of personal information they collect.,12
Terms of Service,only one account per user is allowed. users caught with more than one account may be permanently banned and have all their accounts disabled.,service does not allow alternative accounts.,6
Privacy Policy,certain parts of non personalized data can be shared with the partners of the company in the amounts necessary to ensure cooperation between the company and its partners or service providers.,third parties may be involved in operating the service.,9
Terms & Rules,you are granting us with a non exclusive permanent irrevocable unlimited license to use publish or re publish your content in connection with the service.,the copyright license that users grant to the service is limited for the purposes of that same service and not third parties.,22
Terms & Rules,you agree to not use the service to submit or link to any content which is defamatory abusive hateful threatening spam or spam like likely to offend contains adult or objectionable content contains personal information of others risks copyright infringement encourages unlawful activity or otherwise violates any laws.,users agree not to submit illegal content.,7
Privacy Policy,we currently do not offer website functionality for you to opt out of any do not track signals or listings.,this service ignores the do not track dnt header and tracks users anyway even if they set this header.,19
Privacy Policy,disqus may in its sole discretion modify or update this privacy policy from time to time and so you should review this page periodically. when we change the policy we will update the last modified date at the bottom of this page. your continued use of the site following the posting of any changes to this policy means you accept such changes.,they can change the terms of service any time they see fit even without notification to the user. your use of the service supposedly constitutes acceptance of the changes in the terms.,32
Steam Subscriber Agreement,valve may amend this agreement including any subscription terms or rules of use unilaterally at any time in its sole discretion. in this case you will be notified by e mail of any amendment to this agreement made by valve within 60 sixty days before the entry into force of the said amendment. you can view the agreement at any time at http www steampowered com. your failure to cancel your account within thirty 30 days after the entry into force of the amendments will constitute your acceptance of the amended terms.,when the service wants to change its terms users are notified a month or more in advance.,17
Terms of Service,the courts sitting in seattle washington will have exclusive jurisdiction over any claim arising from or related to these terms and conditions.,the court of law governing the terms is in seattle washington.,11
Steam Subscriber Agreement,if you live in the european union this section 11 does not apply to you. most user concerns can be resolved by use of our steam support site at https support steampowered com. if valve is unable to resolve your concerns and a dispute remains between you and valve this section explains how the parties have agreed to resolve it. you and valve agree to resolve all disputes and claims between us in individual binding arbitration. that includes but is not limited to any claims arising out of or relating to i any aspect of the relationship between us. ii this agreement. or iii your use of steam your account or the content and services. it applies regardless of whether such claims are based in contract tort statute fraud unfair competition misrepresentation or any other legal theory. however this section does not apply to the following types of claims or disputes which you or valve may bring in any court with jurisdiction i claims of infringement or other misuse of intellectual property rights including such claims seeking injunctive relief. and ii claims related to or arising from any alleged unauthorized use piracy or theft. this section does not prevent you from bringing your dispute to the attention of any federal state or local government agencies that can if the law allows seek relief from us for you. an arbitration is a proceeding before a neutral arbitrator instead of before a judge or jury. arbitration is less formal than a lawsuit in court and provides more limited discovery. it follows different rules than court proceedings and is subject to very limited review by courts. the arbitrator will issue a written decision and provide a statement of reasons if requested by either party. you understand that you and valve are giving up the right to sue in court and to have a trial before a judge or jury. you and valve agree to make reasonable good faith efforts to informally resolve any dispute before initiating arbitration. a party who intends to seek arbitration must first send the other a written notice that describes the nature and basis of the claim or dispute and sets forth the relief sought. if you and valve do not reach an agreement to resolve that claim or dispute within 30 days after the notice is received you or valve may commence an arbitration.,you waive your right to a class action.,8
Steam Refunds,you can request a refund for nearly any purchase on steam for any reason. maybe your pc doesn t meet the hardware requirements. maybe you bought a game by mistake. maybe you played the title for an hour and just didn t like it. it doesn t matter. valve will upon request via help steampowered com issue a refund for any reason if the request is made within fourteen days of purchase and the title has been played for less than two hours. there are more details below but even if you fall outside of the refund rules we ve described you can ask for a refund anyway and we ll take a look.,users are entitled to a refund if certain thresholds or standards are not met by the service.,17
Privacy Policy Agreement,we use cookies which are text files placed on your computer to help us analyze how users use our services and similar technologies e g. web beacons pixels ad tags and device identifiers to recognize you and or your device s on off and across different devices and our services as well as to improve the services we are offering to improve marketing analytics or website functionality. the use of cookies is standard on the internet. although most web browsers automatically accept cookies the decision of whether to accept or not is yours. you may adjust your browser settings to prevent the reception of cookies or to provide notification whenever a cookie is sent to you. you may refuse the use of cookies by selecting the appropriate settings on your browser. the management of the use of cookies for each browser is further detailed on the following help page https support steampowered com kb_article php ref 9076 qyoj 0930. however please note that if you do this you may not be able to access the full functionality of our websites. when you visit any of our services our servers log your global ip address which is a number that is automatically assigned to the network your computer is part of.,the service may use tracking pixels web beacons browser fingerprinting and or device fingerprinting on users.,16
"Privacy & Cookie Policy, Terms of Service",cookies web beacons pixel tags clear gifs and other similar files or technologies may be used to collect and store the information automatically collected about your computer device and service usage.,the service may use tracking pixels web beacons browser fingerprinting and or device fingerprinting on users.,16
Terms of Use,by registering for an account you further agree to a provide accurate truthful current and complete information.,you have to provide accurate truthful current and complete information when creating an account on couchsurfing.,16
Terms of Use,if you post member content to our services you hereby grant us a perpetual i e. lasting forever worldwide irrevocable non exclusive royalty free and fully sublicensable i e. we can grant this right to others license to use reproduce display perform adapt modify create derivative works from distribute have distributed and promote such member content in any form in all media now known or hereinafter created including in emails or other communications to our members to administer operate develop and otherwise provide the couchsurfing services.,may retain certain information as required by law for legitimate business purposes and to protect member safety. they say they will hold data from already closed accounts in order to help them combat fraud on the platform.,37
Terms of Use,by accessing or using our services you agree to adhere to the community guidelines.,you should follow the community guidelines.,6
Terms of Use,if you provide a submission whether by email or otherwise you agree that it is non confidential unless couchsurfing states otherwise in writing and shall become the sole property of couchsurfing. couchsurfing shall own exclusive rights including all intellectual property rights and shall be entitled to the unrestricted use and dissemination of submissions for any purpose commercial or otherwise. you acknowledge that couchsurfing is not obligated to provide acknowledgment or compensation to you in exchange for submissions.,if you offer suggestions to the service they become the owner of the ideas that you give them.,18
Cookies and Privacy Policy - About Privacy,advertising cookies cookies are widely used in online advertising. neither us advertisers or our advertising partners can gain personally identifiable information from these cookies.,this service allows tracking via third party cookies for purposes including targeted advertising.,13
Terms of Service,we will not be liable for any loss or damage caused by a distributed denial of service attack viruses or other technologically harmful material that may infect your computer equipment computer programs data or other proprietary material due to your use of the site or any services or items obtained through the site or to your downloading of any material posted on it or on any site linked to it.,this service assumes no liability for any losses or damages resulting from any matter relating to the service.,18
Privacy Policy,apple and our partners and licensees may collect use and share precise location data including the real time geographic location of your apple computer or device. where available location based services may use gps bluetooth and your ip address along with crowd sourced wi fi hotspot and cell tower locations and other technologies to determine your devices approximate location. unless you provide consent this location data is collected anonymously in a form that does not personally identify you and is used by apple and our partners and licensees to provide and improve location based products and services. for example your device may share its geographic location with application providers when you opt in to their location services.,this service may collect use and share location data.,9
Application-Based Services Terms of Use,apple may change add or remove any part of these terms at any time. if it does so apple will post such changes on www apple com internetservices terms. if any future changes are unacceptable to you you should discontinue using the services. your continued use of the services now or following the posting of notice of any such changes will indicate your acceptance of these terms and of any such changes.,they can change the terms of service any time they see fit even without notification to the user. your use of the service supposedly constitutes acceptance of the changes in the terms.,32
Application-Based Services Terms of Use,except as required by applicable non u s local or national law the laws of the state of california excluding its conflicts of law rules govern these terms and your use of the services.,the court of law governing the terms is in the state of california.,13
Website Terms of Service,you agree to the personal jurisdiction by and venue in the state and federal courts in santa clara county california and waive any objection to such jurisdiction or venue.,the court of law governing the terms is in santa clara county california.,13
Terms of Service,you hereby agree to indemnify defend and hold harmless soundcloud its successors assigns affiliates agents directors officers employees and shareholders from and against any and all claims obligations damages losses expenses and costs including reasonable attorneys fees resulting from i any violation by you of these terms of use or our community guidelines ii any third party claim of infringement of copyright or other intellectual property rights or invasion of privacy arising from the hosting of your content on the platform and or your making available thereof to other users of the platform and or the actual use of your content by other users of the platform or linked services in accordance with these terms of use and the parameters set by you with respect to the distribution and sharing of your content iii any activity related to your account be it by you or by any other person accessing your account with or without your consent unless such activity was caused by the act or default of soundcloud.,you agree to indemnify soundcloud from all claims resulting from any third party for infringement of copyright or invastion of privacy related to your content or any activity related to your account.,32
Terms of Service,to the extent it is necessary in order for soundcloud to provide you with any of the aforementioned hosting services to undertake any of the tasks set forth in these terms of use including the distribution of advertising or other promotional material on our platform and or to enable your use of the platform you hereby grant such licenses to soundcloud on a limited worldwide non exclusive royalty free and fully paid basis. by uploading your content to the platform you also grant a limited worldwide non exclusive royalty free fully paid up license to other users of the platform and to operators and users of any other websites apps and or platforms to which your content has been shared or embedded using the services linked services to use copy listen to offline repost transmit or otherwise distribute publicly display publicly perform adapt prepare derivative works of compile make available and otherwise communicate to the public your content utilizing the features of the platform from time to time and within the parameters set by you using the services.,you only grant to soundcloud the rights necessary to operate the services. you grant to the public the rights to listen and to share your tracks within the parameters set by you for each track. you can also publish easily your tracks under a creative commons license of your choice.,50
Terms of Service,this agreement is subject to the laws of the federal republic of germany excluding the un convention on contracts for the international sale of goods cisg and excluding the principles of conflict of laws international private law.,the court of law governing the terms is in germany.,10
Terms of Service,if you are banned from patook for whatever reason you will make no attempt to ever register an account again without patook s written express permission. you agree to pay patook the sum of 1 000 if you create a new account after having been banned and an extra 1 000 for each subsequent account you create after being banned.,users can be fined 1000 if they re register an account after being banned however the service does not notify users if they re banned and provides no way to check.,31
Terms of Service,this license continues even if you stop using our services for example for a business listing you have added to google maps. some services may offer you ways to access and remove content that has been provided to that service. also in some of our services there are terms or settings that narrow the scope of our use of the content submitted in those services.,the license that you grant to google on content you upload to their services will continue even if you stop using the services. while this makes sense for some services e g. google maps this applies by default to all google services. otherwise you need to check each service for ways to remove content and for specific clauses that restrict the license in time.,64
Terms of Service,the laws of california u s a excluding california s conflict of laws rules will apply to any disputes arising out of or relating to these terms or the services. the laws of california u s a excluding california s conflict of laws rules will apply to any disputes arising out of or relating to these terms or the services. all claims arising out of or relating to these terms or the services will be litigated exclusively in the federal or state courts of santa clara county california usa and you and google consent to personal jurisdiction in those courts.,the court of law governing the terms is in california.,10
Terms of Service,when you upload submit store send or receive content to or through our services you give google and those we work with a worldwide license to use host store reproduce modify create derivative works such as those resulting from translations adaptations or other changes we make so that your content works better with our services communicate publish publicly perform publicly display and distribute such content.,the copyright license you grant is for the limited purpose of operating promoting and improving existing and new google services. however please note that the license does not end if you stop using the google services.,36
Privacy Policy,the information we collect includes unique identifiers browser type and settings device type and settings operating system mobile network information including carrier name and phone number and application version number. we collect device specific information such as your hardware model operating system version unique device identifiers and mobile network information including phone number. google may associate your device identifiers or phone number with your google account.,google may collect your device fingerprint.,6
Privacy Policy,when we detect spam malware illegal content and other forms of abuse on our systems in violation of our policies we may disable your account or take other appropriate action. en quote do not use our services improperly. fr quote n utilisez pas nos services de façon impropre.,users agree not to use the service for illegal purposes.,10
Terms of Service,enforcement of these terms and conditions is solely in our discretion and failure to enforce the terms and conditions in some instances does not constitute a waiver of our right to enforce them in other instances.,failure to enforce any provision of the terms of service does not constitute a waiver of such provision.,18
Terms of Service and License Agreement,if grammarly updates or revises this agreement grammarly will notify you either by email to your most recently provided email address by posting the updated or revised terms of service and end user license agreement on the site or by any other manner chosen by grammarly in its commercially reasonable discretion.,terms may be changed any time at their discretion without notice to the user.,14
Terms of Service and License Agreement,by uploading or entering any user content you give grammarly and those it works with a nonexclusive worldwide royalty free and fully paid transferable and sublicensable perpetual and irrevocable license to copy store and use your user content and if you are an authorized user your enterprise subscriber s user content in connection with the provision of the software and the services and to improve the algorithms underlying the software and the services.,this service can use your content for all their existing and future services.,13
Privacy Policy,this is the data we store for an account¹ account number expiry date.,the service does not log any user information.,8
Terms of Service,15 1 this agreement shall be effective for a 30 day term at the end of which it will automatically and continuously renew for subsequent 30 day terms until such time when you or airbnb terminate the agreement in accordance with this provision. 15 2 you may terminate this agreement at any time by sending us an email. if you cancel your airbnb account as a host any confirmed booking s will be automatically cancelled and your guests will receive a full refund. if you cancel your airbnb account as a guest any confirmed booking s will be automatically cancelled and any refund will depend upon the terms of the listing s cancellation policy.,users have the right to cancel their account at any time. however this cancellation is only effective after the 30 day term of the agreement is over.,27
Terms of Service,unless you provide specific consent airbnb does not claim any ownership rights in any member content and nothing in these terms will be deemed to restrict any rights that you may have to use or exploit your member content.,you maintain ownership of your data.,6
Terms of Service,should any part of these terms and conditions be rendered or declared invalid by an appropriate authority such invalidation of such part or portion of these terms and conditions should not invalidate the remaining portions thereof and they shall remain in full force and effect.,invalidity of any portion of the terms of service does not entail invalidity of its remainder.,16
Terms of Service,airbnb reserves the right to modify these terms at any time in accordance with this provision. if we make changes to these terms we will post the revised terms on the airbnb platform and update the last updated date at the top of these terms. we will also provide you with notice of the modifications by email at least thirty 30 days before the date they become effective. if you disagree with the revised terms you may terminate this agreement with immediate effect. we will inform you about your right to terminate the agreement in the notification email. if you do not terminate your agreement before the date the revised terms become effective your continued access to or use of the airbnb platform will constitute acceptance of the revised terms.,when the service wants to change its terms users are notified a month or more in advance.,17
Terms of Service,15 3 unless your country of residence is the united states without limiting our rights specified below airbnb may terminate this agreement for convenience at any time by giving you thirty 30 days notice via email to your registered email address.,the service gives 30 days of notice before closing your account.,11
Terms of Service,15 7 when this agreement has been terminated you are not entitled to a restoration of your airbnb account or any of your member content. if your access to or use of the airbnb platform has been limited or your airbnb account has been suspended or this agreement has been terminated by us you may not register a new airbnb account or access and use the airbnb platform through an airbnb account of another member.,users who have been permanently banned from this service are not allowed to re register under a new account.,19
Terms of Service,20. feedback we welcome and encourage you to provide feedback comments and suggestions for improvements to the airbnb platform feedback. you may submit feedback by emailing us through the contact section of the airbnb platform or by other means of communication. any feedback you submit to us will be considered non confidential and non proprietary to you. by submitting feedback to us you grant us a non exclusive worldwide royalty free irrevocable sub licensable perpetual license to use and publish those ideas and materials for any purpose without compensation to you.,if you offer suggestions to the service they become the owner of the ideas that you give them.,18
Terms of Service,22 4 if any provision of these terms is held to be invalid or unenforceable such provision will be struck and will not affect the validity and enforceability of the remaining provisions.,invalidity of any portion of the terms of service does not entail invalidity of its remainder.,16
Privacy Policy,information you have shared with others e g reviews forum postings may continue to be publicly visible on the airbnb platform even after your airbnb account is cancelled. however attribution of such information to you will be removed.,this service will continue using anonymized user generated content even after erasure of personal information.,15
Privacy Policy,6 4 data retention and erasure. we generally retain your personal information for as long as is necessary for the performance of the contract between you and us and to comply with our legal obligations. if you no longer want us to use your information to provide the airbnb platform to you you can request that we erase your personal information and close your airbnb account.,you can request access and deletion of personal data.,9
Privacy Policy,personal information you provide to us is stored on a password protected server accessible only by administrator.,your private content may be accessed by people working for the service.,12
Privacy Policy,please note that if you request the erasure of your personal information we may retain some of your personal information as necessary for our legitimate business interests such as fraud detection and prevention and enhancing safety. for example if we suspend an airbnb account for fraud or safety reasons we may retain certain information from that airbnb account to prevent that member from opening a new airbnb account in the future. we may retain and use your personal information to the extent necessary to comply with our legal obligations. for example airbnb and airbnb payments may keep some of your information for tax legal reporting and auditing obligations.,this service may keep personal data after a request for erasure for business interests or legal obligations.,17
Terms of Service,d collection is a static page with no active contents. it doesn t have any scripts cookies ads trackers facebook links or anything else that might poke around in your private parts. you don t have to log in register pay or sell your soul in order to use it. just browse it read it as long as you wish leave when you re done. feel free to.,ip addresses of website visitors are not tracked.,8
Privacy & Terms,nanowrimo claims no copyright on projects created or shared on our website and will not be held liable for any content therein.,you maintain ownership of your data.,6
Terms of Service,gitlab reserves the right at its sole discretion to modify or replace any part of this agreement. it is your responsibility to check this agreement periodically for changes. your continued use of or access to the website following the posting of any changes to this agreement constitutes acceptance of those changes. gitlab may also in the future offer new services and or features through the website including the release of new tools and resources. such new features and or services shall be subject to the terms and conditions of this agreement. gitlab may also in the future remove features at any time without warning.,the service makes critical changes to its terms without user involvement.,11
Terms of Service,the website is available only to individuals who are at least 13 years old.,this service is only available to users of a certain age.,11
Terms of Service,your account and website if you create an account on the website you are responsible for maintaining the security of your account and you are fully responsible for all activities that occur under the account and any other actions taken in connection with the account. you must immediately notify gitlab of any unauthorized use of your account or any other breaches of security. gitlab will not be liable for any acts or omissions by you including any damages of any kind incurred as a result of such acts or omissions.,you are responsible for maintaining the security of your account and for the activities on your account.,17
Terms,we may revise these terms from time to time to better reflect a changes to the law b new regulatory requirements or c improvements or enhancements made to our services. if an update affects your use of the services or your legal rights as a user of our services we ll notify you prior to the update s effective date by sending an email to the email address associated with your account or via an in product notification. these updated terms will be effective no less than 30 days from when we notify you. if you don t agree to the updates we make please cancel your account before they become effective.,they can change the terms of service any time they see fit but they will notify the user. your use of the service supposedly constitutes acceptance of the changes in the terms.,32
Privacy Policy,if you delete your account we ll also delete this information.,dropbox allows you to leave the service.,8
Terms,these and other features may require our systems to access store and scan your stuff. you give us permission to do those things and this permission extends to our affiliates and trusted third parties we work with.,third parties may be involved in operating the service.,9
Privacy Policy,tartle does not sell rent or lease its customer lists to third parties ever.,you maintain ownership of your data.,6
Terms of Service & Privacy Policy,signal does not sell rent or monetize your personal data or content in any way ever.,this service does not sell your personal data.,8
Terms of Service & Privacy Policy,you must be at least 13 years old to use our services. the minimum age to use our services without parental approval may be higher in your home country.,you must be at least 13 years old to use the service.,12
Terms of Service & Privacy Policy,we work with third parties to provide some of our services. for example our third party providers send a verification code to your phone number when you register for our services. these providers are bound by their privacy policies to safeguard that information. if you use other third party services like youtube spotify giphy etc. in connection with our services their terms and privacy policies govern your use of those services.,third parties may be involved in operating the service.,9
Signal and the General Data Protection Regulation (GDPR),signal messages and calls cannot be accessed by us or other third parties because they are always end to end encrypted private and secure. signal messages pictures files and other contents are stored locally on your device. these contents are readable by the open source signal clients. because everything in signal is end to end encrypted the signal service does not have access to any of this data. there are several community developed open source utilities that are capable of parsing locally stored signal content. android users can also help us test a new backup feature that makes it possible to move your local signal data between devices signal settings chats and media chat backups.,you maintain ownership of your data.,6
Signal and the General Data Protection Regulation (GDPR),signal messages pictures files and other contents are stored locally on your device. these contents are readable by the open source signal clients. because everything in signal is end to end encrypted the signal service does not have access to any of this data. you can permanently disable your phone number from being recognized as a signal user by unregistering your phone number here. you will need access to this phone number to verify and complete this action.,you can delete your content from this service.,8
Terms of Service,no claim suit or action may be brought against us after six months from the underlying cause of action.,users have a 6 month time period to take legal action against the service.,14
Terms of Service & Privacy Policy,signal may update the terms from time to time. when we update our terms we will update the last modified date associated with the updated terms. your continued use of our services confirms your acceptance of our updated terms and supersedes any prior terms. you will comply with all applicable export control and trade sanctions laws. our terms cover the entire agreement between you and signal regarding our services. if you do not agree with our terms you should stop using our services.,terms may be changed any time at their discretion without notice to the user.,14
"Grand jury subpoena for Signal user data, Eastern District of Virginia",the transparency report states we ve designed the signal service to minimize the data we retain about signal users so the only information we can produce in response to a request like this is the date and time a user registered with signal and the last date of a user s connectivity to the signal service.,this service does not track you.,6
Terms of Service & Privacy Policy,you may optionally add other information to your account such as a profile name and profile picture. this information is end to end encrypted.,the service allows you to use pseudonyms.,7
"Grand jury subpoena for Signal user data, Eastern District of Virginia",the only information we can produce in response to a request like this is the date and time a user registered with signal and the last date of a user s connectivity to the signal service. notably things we don t have stored include anything about a user s contacts such as the contacts themselves a hash of the contacts any other derivative contact information anything about a user s groups such as how many groups a user is in which groups a user is in the membership lists of a user s groups or any records of who a user has been communicating with. all message contents are end to end encrypted so we don t have that information either.,only necessary user logs are kept by the service to ensure quality.,12
Terms and Conditions.txt,the user is obliged a to provide only true and non misleading statements along with its real name and to refrain from using pseudonyms or pen names.,you must use your real name. using a pseudonym is not allowed.,12
"Terms of Service (deprecated, should be removed)",by visiting or using the service you agree that the laws of the united states and the state of california without regard to principles of conflict of laws and regardless of your location will govern these terms and any dispute of any sort that might arise between you and the company. any claim or dispute between you and the company that arises in whole or in part from these terms or your use of the service shall be decided exclusively by a court of competent jurisdiction located in santa clara county california and you hereby consent to and waive all defenses of lack of personal jurisdiction and forum non conveniens with respect to venue and jurisdiction in the state and federal courts of santa clara county california.,users agree to comply with the law of the service s country.,12
Privacy Policy,this privacy notice was posted on may 1 2015. it is effective upon acceptance for new users and from june 15 2015 for all other users. see previous version of this privacy notice.,ebay s previous privacy notices are available for viewing.,9
Privacy Statement,how do not track requests are handled. this website does not support do not track requests. to determine whether any of the third party services it uses honor the do not track requests please read their privacy policies.,this service ignores the do not track dnt header and tracks users anyway even if they set this header.,19
Terms of Service,we do not guarantee that any of the information provided by patook users to patook is accurate. we do not regularly verify personal information provided by patook users. this also includes but is not limited to date of birth location and age.,the service does not guarantee accuracy or reliability of the information provided.,12
Privacy Policy,we may use third party service providers to support our provision of our services. such will relate to business functions including without limitation it support hosting our data on cloud platforms legal accounting audit consulting and other professional service providers and providers of other services related to our business. portions of our services may be provided by organisations with which we have a contractual relationship including subcontractors and accordingly your personal information may be disclosed to them. we only provide these organisations with the information that they need to be able to perform their services.,third parties may be involved in operating the service.,9
Privacy Policy,we will have in place an agreement with our service providers which will restrict how they are able to process your personal information.,third parties used by the service are bound by confidentiality obligations.,11
Privacy Policy,no personal information will be kept any longer than necessary in order to fulfil the purpose it was collected for and if you ask us to it will be deleted.,you can delete your content from this service.,8
Privacy Policy,digital technology is rapidly evolving. if we decide to change our privacy policy in the future we ll post the changes here and indicate at the top of the policy the last date on which it was updated. unless otherwise noted all changes will be effective when posted.,they can change the terms of service any time they see fit even without notification to the user. your use of the service supposedly constitutes acceptance of the changes in the terms.,32
Privacy Policy,if you wish to cancel your account or request that we no longer use your personal information to provide you services contact us at support groupon com. we will retain and use your personal information as necessary to comply with our legal obligations resolve disputes and enforce our agreements.,if you deactivate your account groupon cannot guarantee that they will always delete records.,14
Privacy Policy,finally we may disclose your personal information upon a transfer or sale to another entity of all or substantially all of our assets or equity securities or upon any other corporate reorganization.,bittorrent may disclose your personal data as part transfer or sale or any other corporate reorganization.,16
Privacy Policy,we claim no ownership rights over user content created by you. the user content you create remains yours. however by sharing user content through the service you agree to allow others to view edit and or share your user content in accordance with this agreement see user content license grants below.,the company takes no ownership for any content posted by you. however it grants other users the rights to view modify or share your created content.,26
Privacy Policy,contains any information or content that is illegal.,users agree not to submit illegal content.,7
Privacy Policy,choosing or changing your choices for subscriptions newsletters and alerts choosing whether to receive from us offers and promotions for our products and services or products and services that we think may be of interest to you choosing whether we share your personal information with other companies so they can send you offers and promotions about their products and services.,by default indiegogo may send users promotional emails.,8
Privacy Policy,the ifttt service is not intended for use by children. if you are under 18 you may use the service only with involvement of a parent or guardian. we do not knowingly collect or solicit personal information from anyone under the age of 13. if you are under 13 please do not attempt to register for the services or send any personal information about yourself to us. if we learn that we have collected personal information from a child under age 13 we will delete that information as quickly as possible.,ifttt is not meant to be used by users who are younger than 18 without the supervision of a parent or guardian.,22
Terms of Service,we don t use any cookie or any other ads tracking device pixel fingerprinting when browsing our services.,this service does not track you.,6
Privacy Policy,personal data that you transmit are never disclosed or sold by qwant to third parties except for job applications that may be shared with recruiting partners unless you ask us not to.,this service does not sell your personal data.,8
Terms of Service,when do we collect personal data and why. qwant does not require any registration to use its search engine. however you may want to register an account to sign in and enjoy advanced functionalities such as the possibility to save search results in favorites or create boards. in such cases we collect some personal data such as your name firstname and email address when you register to our services or when you use forms available on our website. you can modify correct and update information that you submit on the website. qwant also collects connection data not associated with your search queries only to ensure the security of its information system and if you create or modify boards to respect the obligation to identify content creators such as mandated by french law article 6 ii de la loi pour la confiance en l économie numérique. even when you are connected with an id we don t use any cookie nor any other tracking device when you browse the site. the only technology that may be installed on your browser called local storage is used to locally save your settings language activation or deactivation of options. you can delete personal data stored in your local storage by deactivating cookies in your browser. however this deactivation may prevent you from accessing some functionalities of the site such as your browsing preferences. users personal data are collected and processed by qwant solely for the following purposes the technical management of the user s account s and available services the management of information requests and job applications the management of delisting requests and requests associated with personal data access rectification and removal rights the security of qwant s information system the compliance with legal and regulatory obligations.,the service provides information about how they intend to use your personal data.,13
Privacy Policy,qwant has a privacy office dedicated to protecting your privacy. it also has a data protection officer dpo. both work closely with eachother to ensure that the relevant regulation regarding personal data is applied as strongly as it should. the dpo keeps an updated register of all processing of personal data made by qwant for his services. for instance when you create an account on the site you can choose to fill in your profile and this is a processing of personal data for which the register will say how data may be kept and how long and who can access it. the dpo makes this register available to anyone who asks privacy qwant com qwant does not require any registration to use its search engine. however you may want to register an account to sign in and enjoy advanced functionalities such as the possibility to save search results in favorites or create boards. in such cases we collect some personal data such as your name firstname and email address when you register to our services or when you use forms available on our website.,your personal data is used for limited purposes.,8
Terms of Service,if you have created a user account you bear the sole responsibility for information that you fill in when registering or when modifying your account. you acknowledge that you alone are responsible for the contents and consequences following their aggregation and their being shared on your boards. you agree to put the required permissions rights licenses consent and or authorization allowing you to share other s information. on the other hand you are not allowed to publish content that includes elements you are not legally authorized to possess. you will be held responsible for all content that may infringe upon the rights of others or applicable laws including rules related to the right to one s image and rights regarding intellectual property and shared content.,you are responsible for maintaining the security of your account and for the activities on your account.,17
Terms of Service,the services and their terms are governed by french law wherever originates the use of the services. if friendly solutions can t be found or are not sought french courts within the competence of the cour d appel de paris are the only courts competent to know of any litigation arose from the current terms.,the court of law governing the terms is in france.,10
Privacy Policy,qwant also collects connection data not associated with your search queries only to ensure the security of its information system and if you create or modify boards to respect the obligation to identify content creators such as mandated by french law article 6 ii de la loi pour la confiance en l économie numérique. even when you are connected with an id we don t use any cookie nor any other tracking device when you browse the site. the only technology that may be installed on your browser called local storage is used to locally save your settings language activation or deactivation of options.,only necessary user logs are kept by the service to ensure quality.,12
Privacy Policy,when you use qwant no personal information whatsoever is neither captured or transmitted to advertisers. in details no third party cookies no trackers no behavioral targeting no campaigns mixing legit and promotional content native advertising we don t use any cookie nor any tracking device that may allow us to track your browsing habits or to establish your profile.,this service only uses temporary session cookies.,7
Privacy Policy,if we change our privacy policies and procedures we will post those changes on our website to keep you aware of what information we collect how we use it and under what circumstances we may disclose it. changes to this privacy policy are effective when they are posted on this page.,goodreads does not notify you when they change their privacy policy.,11
Terms of Service,counter notice. if you believe that your content that was removed or to which access was disabled is not infringing or that you have the authorization from the copyright owner the copyright owner s agent or pursuant to the law to post and use the material in your content you may send a counter notice containing the following information to the copyright agent your physical or electronic signature identification of the content that has been removed or to which access has been disabled and the location at which the content appeared before it was removed or disabled a statement that you have a good faith belief that the content was removed or disabled as a result of mistake or a misidentification of the content. and your name address telephone number and e mail address a statement that you consent to the jurisdiction of the federal court in san francisco california and a statement that you will accept service of process from the person who provided notification of the alleged infringement. if a counter notice is received by the copyright agent youtube may send a copy of the counter notice to the original complaining party informing that person that it may replace the removed content or cease disabling it in 10 business days. unless the copyright owner files an action seeking a court order against the content provider member or user the removed content may be replaced or access to it restored in 10 to 14 business days or more after receipt of the counter notice at youtube s sole discretion.,if you are the target of a copyright holder s take down notice youtube gives you a chance to defend your right in front of the jurisdiction of california. see section counter notice.,33
Terms of Service,youtube may retain but not display distribute or perform server copies of your videos that have been removed or deleted.,this service holds onto content that you ve deleted.,9
Conditions of Use,amazon reserves the right to refuse service terminate accounts terminate your rights to use amazon services remove or edit content or cancel orders in its sole discretion.,amazon can cancel your account and remove content at any time.,11
Terms of Service,although we may attempt to notify you when major changes are made to these terms of service you should periodically review the most up to date version.,users should revisit the terms periodically although in case of material changes the service will notify.,16
Privacy Policy,if you wish to cancel your account or request that we no longer use your information to provide you with our services or request that we no longer maintain your information please contact us at info reputation com.,reputation com service cannot be canceled online but via email with a guaranteed response time.,15
Terms of Use,these terms of use are subject to binding arbitration and a waiver of class action rights as detailed in sections 11 and 12.,you wave your right to a class action.,8
Terms of Use,changes to terms of use. cnn may modify the terms of use or any part thereof or add or remove terms at any time and such modifications additions or deletions will be effective immediately upon posting. your use of the site after such posting shall be deemed to constitute acceptance by you of such modifications additions or deletions.,terms may be changed any time at their discretion without notice to the user.,14
Terms of Use,you agree not to upload post or otherwise transmit any user content that violates or infringes in any way upon the rights of others including any statements which may defame harass stalk or threaten others.,users agree not to submit libelous harassing or threatening content.,10
Terms of Use,you shall be responsible for protecting the confidentiality of your user name s or password s if any. you are responsible for all use of your account regardless of whether you authorized such access or use and for ensuring that all use of your account complies fully with the provisions of these terms of use.,you are responsible for maintaining the security of your account and for the activities on your account.,17
Terms of Use,contains or advocates pornography or sexually explicit content pedophilia incest bestiality or that is otherwise obscene or lewd.,prohibits the posting of pornographic content.,6
Terms of Use,advocates violent behavior. poses a reasonable threat to personal or public safety. contains violent images of killing or physical abuse that appear to have been captured solely or principally for exploitive prurient or gratuitous purposes.,prohibits the posting of content which promotes or glorifies violence or politically or religiously extremist values.,16
Conditions of Use,you are responsible for maintaining the confidentiality of your account and password and for restricting access to your account and you agree to accept responsibility for all activities that occur under your account or password.,users are responsible for maintaining the security of their amazon account and for the activities on their account.,18
Terms of Use,you agree not to engage in activity that would constitute a criminal offense or give rise to a civil liability.,users agree not to submit illegal content.,7
Terms of Use,you forever waive and agree not to claim or assert any entitlement to any and all moral rights of an author in any of the user content.,sign away moral rights.,4
Terms of Use,cnn reserves the right in its sole discretion to remove or edit user content by you.,the service can delete specific content without prior notice and without a reason.,13
Privacy Policy,softpedia allows other companies called third party ad servers or ad networks to serve advertisements within the softpedia site.,softpedia uses third party targeted advertising.,6
Terms of Use,we will also notify you either through the site user interface in an email notification or through other reasonable means. any such changes will become effective no earlier than fourteen 14 days after they are posted except that changes addressing new functions of the site or changes made for legal reasons will be effective immediately.,when the service wants to change its terms users are notified a week or more in advance.,17
Terms of Use,if you are under 13 years of age you are not authorized to register to use the site.,this service is only available to users of a certain age.,11
Terms of Use,you are responsible for maintaining the confidentiality of your password and account if any and are fully responsible for any and all activities that occur under your password or account. you agree to a immediately notify y combinator of any unauthorized use of your password or account or any other breach of security and b ensure that you exit from your account at the end of each session when accessing the site.,you are responsible for maintaining the security of your account and for the activities on your account.,17
Terms of Use,you acknowledge that y combinator may establish general practices and limits concerning use of the site including without limitation the maximum period of time that data or other content will be retained by the site and the maximum storage space that will be allotted on y combinator s servers on your behalf. you agree that y combinator has no responsibility or liability for the deletion or failure to store any data or other content maintained or uploaded by the site.,this services gives no guarantee regarding quality.,7
Privacy Policy,we may and we may allow third party service providers to use cookies or similar technologies to collect information about your browsing activities over time and across different websites following your use of the site.,this service tracks you on other websites.,7
Privacy Policy,for example we use google analytics a web analytics service provided by google inc google. google analytics uses cookies to help us analyze how users use the site and enhance your experience when you use the site. for more information on how google uses this data go to www google com policies privacy partners.,this service allows tracking via third party cookies for purposes including targeted advertising.,13
Terms of Use,with respect to the content or other materials you upload through the site or share with other users or recipients collectively user content you represent and warrant that you own all right title and interest in and to such user content including without limitation all copyrights and rights of publicity contained therein.,you maintain ownership of your data.,6
Terms of Use,you agree that y combinator in its sole discretion may suspend or terminate your account or any part thereof or use of the site and remove and discard any content within the site for any reason.,the service can delete your account without prior notice and without a reason.,13
Privacy Policy,please note that we have no obligation to delete any of stories favorites or comments listed in your profile or otherwise remove their association with your profile or username.,you cannot delete your account for this service.,8
Privacy Policy,y combinator may disclose your personal data if required to do so by law or in the good faith belief that such action is necessary to i comply with a legal obligation ii protect and defend the rights or property of y combinator or individuals associated with y combinator iii act in urgent circumstances to protect the personal safety of users of the site or the public or iv protect against legal liability.,this service can share your personal information to third parties.,10
Privacy Statement,as also explicitly stated in the terms of service we are obliged to provide access to lawful interception requests issued by a swiss judge. these are then processed by our staff and either granted or rejected. as a country that places a high value on privacy switzerland is extremely reluctant with such access and all the statistics of such lawful interceptions li are always provided in anonymized form by the authorities themselves including detailed spreadsheets that allow you to control the grounds for approval. as you can see for yourself in the detailed overview for 2014 and the one for 2012 2013 there were only 12 20 in 2012 31 in 2013 cases of real time internet wire tapping in all of switzerland and a further 18 26 in 2012 32 in 2013 for retroactive communication meta information. although that information is not provided to our knowledge none of these was for email specifically. we do however know that this information is complete. for more information please see our overview on the swiss legal framework. what we do know is that kolab systems has received a total of 0 requests to access customer data 0 such requests were granted and 0 such requests were denied and we have received 1 administrative request and 2 unauthorized attempts for administrative requests. please see the complete statistics for more information. should these numbers change we ll update this page accordingly and without delay.,kolabnow is very strict when providing access to lawful interception requests.,11
Terms of Service,these terms and the service prices may need to be modified in the future to adjust to changes in the service to adhere to applicable legislation or to reflect economic necessities. when we change terms or prices we will notify you by email to your main account in this service. after receiving that email you have 30 days to respond a by informing us that you agree to the new terms or prices b by informing us that you disagree in which case kolab systems ag may on a case to case basis agree to continue providing you with the service under the previous terms and or prices or c by giving us notice that you terminate this agreement regardless of the remaining duration you had agreed to under the previous terms. continuation of use after 30 days will constitute agreement to the new terms.,when the service wants to change its terms users are notified a month or more in advance.,17
Privacy Statement,cookies are only used in so far as they are required for the technical working of the system and we never use them to track you on third party sites.,this service does not track you.,6
Terms of Service,you agree to license your contents according to creative commons by default unless otherwise specified.,you publish under a free license not a bilateral one.,10
Terms of Service,modifications to this agreement tumblr reserves the right to modify this agreement by 1 posting a revised agreement on and or through the services and 2 providing notice to you that this agreement has changed generally via email where practicable and otherwise through the services such as through a notification on your tumblr dashboard or in our mobile applications. modifications will not apply retroactively. you are responsible for reviewing and becoming familiar with any modifications to this agreement. we may sometimes ask you to review and to explicitly agree to or reject a revised version of this agreement. in such cases modifications will be effective at the time of your agreement to the modified version of this agreement. if you do not agree at that time you are not permitted to use the services. in cases where we do not ask for your explicit agreement to a modified version of this agreement but otherwise provide notice as set forth above the modified version of this agreement will become effective fourteen days after we have posted the modified agreement and provided you notification of the modifications. your use of the services following that period constitutes your acceptance of the terms and conditions of this agreement as modified. if you do not agree to the modifications you are not permitted to use and should discontinue your use of the services. note that if you have prepaid for any paid services as defined below prior to a modification of this agreement your use of such prepaid paid services is governed by the version of this agreement in effect at the time tumblr received your prepayment.,they can change the terms of service any time they see fit but they will notify the user. your use of the service supposedly constitutes acceptance of the changes in the terms.,32
Terms of Service,19. special provisions for subscribers located outside of the united states.,tumblr has provisions for users outside the us.,8
Terms of Service,we re also going to make it a practice to post old versions so it s easy to see changes additions deletions. to see old versions scroll down to the end of this document.,they provide transparency on how the current policies differ from earlier versions and when they changed.,16
Terms of Service,tumblr retains the right to create limits on and related to use of the services in its sole discretion at any time with or without notice. tumblr may also impose limits on certain services or aspects of those services or restrict your access to parts or all of the services without notice or liability. tumblr may change suspend or discontinue any or all of the services at any time including the availability of any product feature database or content as defined below. tumblr may also terminate or suspend accounts as defined below at any time in its sole discretion.,tumblr can limit restrict suspend services at any time without prior notice.,12
Privacy Policy,ip logging by default protonmail does not keep permanent ip logs. we also don t record your login ip address unless this feature is specifically enabled by the user. however ip logs are sometimes kept to combat abuse and fraud and your ip address may be retained if you are engaged in activities that breach our terms and conditions spamming ddos attacks against protonmail infrastructure brute force attacks etc.,ip addresses of website visitors are not tracked.,8
Privacy Policy,if permitted by law protonmail will always contact a user first before any data disclosure. under swiss law it is obligatory to notify the target of a data request although such notification may come from the authorities and not from the company.,the service is transparent regarding government requests or inquiries that may involve user data.,14
Legal Documents,modifications to terms of service discogs may at any time revise the tos by updating this posting. by using discogs you agree to be bound by any such revisions and should therefore periodically visit this page to determine the then current tos to which you are bound. your continued use of discogs constitutes an affirmative 1 acknowledgment by you of the tos and tos modifications. and 2 agreement by you to abide and be bound by the tos and tos modifications.,terms may be changed any time at their discretion without notice to the user.,14
Legal Documents,if you are under the minimum age of consent to enter into a contract in your jurisdiction then you may not use or access the services at any time or in any manner. for example in the united states you must be at least 13 years of age to establish an account and use the service and you must be at least 18 years old to purchase and sell items through the service.,to use discogs users must be of the minimum age of consent which varies by jurisdiction. in the case of the united states users must be at least 13 years old to sign up for an account and 18 years old to buy and sell items on discogs.,48
Legal Documents,by using the discogs website and affiliated websites you are indicating your agreement to be bound by all of the terms and conditions of the tos.,users are subject to the policies and guidelines of the service.,11
Legal Documents,modifications to service discogs reserves the right to modify or discontinue the service with or without notice to you. discogs shall not be liable to you or any third party should discogs exercise tos right to modify or discontinue the service.,the service can not only be discontinued but also modified at any time. discogs do not need to notify users of these changes.,23
Legal Documents,indemnity you agree to indemnify and hold discogs and its subsidiaries affiliates officers agents co branders or other partners and employees harmless from any alleged claim or demand including reasonable attorney fees made by any third party due to or arising out of your use of the service your connection to the service your violation of the tos or your violation of any rights of another whether you are a registered user or not. you are solely responsible for your actions when using the service including but not limited to costs incurred for internet access.,you agree to defend indemnify and hold the service harmless in case of a claim related to your use of the service.,22
Legal Documents,you are entirely responsible for any and all activities which occur under your account if you do not maintain the confidentiality of your password and account. furthermore you are entirely responsible for any and all activities which occur under your account by you or someone you authorize to use your account.,you are responsible for maintaining the security of your account and for the activities on your account.,17
Legal Documents,you may change your password at any time. you may also set up a new account and close an old one at your convenience.,you have the right to leave this service at any time.,11
Legal Documents,discogs grants you a limited license to access and make personal use of this site and not to download other than page caching or modify it or any portion of it except with express written consent of discogs. this license does not include any resale or commercial use of this site or its contents any collection and use of any product listings descriptions or prices any derivative use of this site or its contents any downloading or copying of account information for the benefit of another merchant or any use of data mining robots or similar data gathering and extraction tools. this site or any portion of this site may not be reproduced duplicated copied sold resold visited or otherwise exploited for any commercial purpose without express written consent of discogs.,discogs is only available for use individually and non commercially except with written consent.,14
Privacy Policy,github uses cookies to make interactions with our service easy and meaningful. we use cookies and similar technologies like html5 localstorage to keep you logged in remember your preferences and provide information for future development of github. we also use cookies to identify a device for security reasons. by using our website you agree that we can place these types of cookies on your computer or device. if you disable your browser or device s ability to accept cookies you will not be able to log in or use github s services. we provide a web page on cookies and tracking that describes the cookies we set the needs we have for those cookies and the types of cookies they are temporary or permanent. it also lists our third party analytics and service providers and details exactly which parts of our website we permit them to track.,github requires cookies.,3
Legal Documents,links the service or relevant third parties may provide links to other websites or resources. because discogs has no control over such sites and resources you acknowledge and agree that discogs is not responsible for the availability of such external sites or resources and does not endorse and is not responsible or liable for any content advertising products or other materials on or available from such sites or resources.,this service assumes no responsibility and liability for the contents of links to other websites.,15
Legal Documents,your use of the service is subject to all applicable local state national and international laws and regulations. you agree 1 to comply with u s and applicable international law regarding the transmission of technical data exported from the your country through the service.,users agree to comply with u s law.,8
Legal Documents,you agree 2 not to use the service for illegal purposes 3 not to interfere or disrupt networks connected to the service and 4 to comply with all regulations policies and procedures of networks connected to the service. the service makes use of the internet to send and receive certain messages therefore your conduct is subject to internet regulations policies and procedures. you will not use the service for chain letters junk mail spamming or any use of distribution lists to any person who has not given specific permission to be included in such a process. you agree not to transmit through the service any unlawful harassing libelous abusive threatening or harmful material of any kind or nature. you further agrees not to transmit any material that encourages conduct that could constitute a criminal offense give rise to civil liability or otherwise violate any applicable local state national or international law or regulation. attempts to gain unauthorized access to other computer systems are prohibited. you shall not interfere with another person s use and enjoyment of the service or another entity s use and enjoyment of similar services.,users agree not to use the service for illegal purposes.,10
Legal Documents,if you cease using discogs services you confirm that discogs is entitled to continue using your user generated content and may continue display your user name along with your content pursuant to the rights granted above.,this service keeps a license on user generated content even after users close their accounts.,15
Legal Documents,you will not use the service for chain letters junk mail spamming or any use of distribution lists to any person who has not given specific permission to be included in such a process.,this service prohibits users sending chain letters junk mail spam or any unsolicited messages.,14
Legal Documents,you agree not to transmit through the service any unlawful harassing libelous abusive threatening or harmful material of any kind or nature. you further agrees not to transmit any material that encourages conduct that could constitute a criminal offense give rise to civil liability or otherwise violate any applicable local state national or international law or regulation.,users agree not to submit libelous harassing or threatening content.,10
Terms of Service,you ll have great fun on bumble but if you feel the need to leave you can delete your account at any time by going to the settings page when you are logged in and clicking on the delete account link. your account will be deleted immediately but it may take a little while for your content to be completely removed from the app.,you have the right to leave this service at any time.,11
Terms of Service,any other information requested such as your real name is optional unless you are accepting these terms on behalf of a legal entity in which case we need more information about the legal entity or if you opt for a paid account in which case additional information will be necessary for billing purposes.,you agree to provide your full legal name when you register to the service. it does not prevent you from using a pseudonym.,23
Legal Documents,disclaimer of warranties you expressly understand and agree that a your use of the service is at your sole risk. the service is provided on an as is and as available basis. discogs expressly disclaims all warranties of any kind whether express or implied including but not limited to the implied warranties of merchantability fitness for a particular purpose and non infringement.,the service is provided as is and to be used at the users sole risk.,15
Legal Documents,disclaimer of warranties ii the service will be uninterrupted timely secure or error free.,the service provider makes no warranty regarding uninterrupted timely secure or error free service.,14
Legal Documents,b discogs makes no warranty that i the service will meet your requirements iv the quality of any products services information or other material purchased or obtained by you through the service will meet your expectations.,this service does not guarantee that it or the products obtained through it meet the users expectations or requirements.,19
Legal Documents,c any material downloaded or otherwise obtained through the use of the service is done at your own discretion and risk and that you will be solely responsible for any damage to your computer system or loss of data or other liability that results from the download of any such material.,discogs is not liable for any damages to the users computer systems that occur as a result of downloading material from discogs.,22
Legal Documents,e discogs does not promote or condone any ideas or messages contained in the items listed via the service.,discogs distances itself from any messages or ideas users include in the content they generate on the website.,18
Legal Documents,you expressly understand and agree that discogs shall not be liable for any direct indirect incidental special consequential or exemplary damages including but not limited to damages for loss of profits goodwill use data or other intangible losses even if discogs has been advised of the possibility of such damages resulting from i the use or the inability to use the service. ii the cost of procurement of substitute goods and services resulting from any goods data information or services purchased or obtained or messages received or transactions entered into through or from the service. iii unauthorized access to or alteration of your transmissions or data. iv statements or conduct of any third party on the service. or v any other matter relating to the service.,this service assumes no liability for any losses or damages resulting from any matter relating to the service.,18
Legal Documents,the tos is governed by and interpreted in accordance with the laws of the state of oregon united states of america without regard to principles of conflicts of laws. the parties irrevocably and unconditionally submit to the exclusive jurisdiction of the courts of the state of oregon with respect to any dispute or claim arising out of or in connection with the tos.,any conflicts regarding discogs terms of service will be submitted to the courts of the state of oregon usa. the terms will be interpreted according to the laws of oregon. by using discogs users agree to this exclusive jurisdiction.,39
Privacy Policy,when you access and interact with the fox news services fox news and its service providers may collect certain information about those visits. for example in order to permit your connection to the fox news services our servers receive and record information about your computer device and browser including potentially your ip address browser type and other software or hardware information. if you access the fox news services from a mobile or other device we may collect a unique device identifier assigned to that device geolocation data including your precise location or other transactional information for that device. cookies and other tracking technologies such as browser cookies pixels beacons and adobe flash technology including cookies are comprised of small bits of data. fox news websites apps and other services send this data to your browser when you first request a web page and then store the data on your computer or other device so the website or app can access information when you make subsequent requests for pages from that service. these technologies may also be used to collect and store information about your usage of the fox news services such as pages you have visited the video and other content you have viewed search queries you have run and advertisements you have seen.,the service may use tracking pixels web beacons browser fingerprinting and or device fingerprinting on users.,16
Terms of Service,we may suspend the services or terminate the agreement if you your users or attendees are using the services in a manner that is likely to cause harm to us.,user suspension from the service will be fair and proportionate.,10
Terms of Service,lastpass has the right though not the obligation to in lastpass sole discretion i refuse or remove any content that in lastpass reasonable opinion violates any lastpass policy or is in any way harmful or objectionable or ii terminate or deny access to and use of the website to any individual or entity for any reason in lastpass sole discretion. lastpass will have no obligation to provide a refund of any amounts previously paid.,lastpass will not provide refunds if they terminate you account or terminate the service.,14
Terms,you affirm that you are 13 years of age or older and competent to enter into the terms conditions obligations affirmations representations and warranties set forth in these terms of service and to abide by and comply with these terms of service. in any case you affirm that you are 13 or older as the service is not intended for people under 13. if you are under 13 years of age then please do not use the service. there are tons of other fantastic websites for you.,terms of service state you affirm that you are 13 years of age or older and competent to enter into the terms conditions obligations affirmations representations and warranties set forth in these terms of service and to abide by and comply with these terms of service. according to this you must be at least 13 and able to agree to the terms to use the service.,66
Terms,company reserves the right to modify and amend these terms of service at any time and without notice and it is your responsibility to review these terms of service for any changes. your use of the service following any amendment of these terms of service will signify your assent to and acceptance of its revised terms.,terms may be changed any time at their discretion without notice to the user.,14
Terms,15. class action waiver summary no dispute related to these terms of service may be consolidated into a class action. you and company agree not to bring or participate in a class collective or representative action private attorney general action or collective arbitration even if arbitration procedures or rules would otherwise allow one. you and company also agree not to seek to combine any action with any other action without the consent of all parties to this agreement and all other actions. if the agreement in this section not to bring or participate in a class collective or representative action private attorney general action or collective arbitration should be found illegal or unenforceable you and company agree that it shall not be severable that this entire section shall be unenforceable and any claim or dispute would be resolved in court and not in a class or collective action.,you waive your right to a class action.,8
Privacy Policy,at this time we do not respond to browser do not track signals as we await the work of interested stakeholders and others to develop standards for how such signals should be interpreted.,this service ignores the do not track dnt header and tracks users anyway even if they set this header.,19
Terms,we will not sell your email address to anyone.,you maintain ownership of your data.,6
Terms of Use,the policy may be updated from time to time at our discretion. changes will be effective upon posting to the site.,the policy may be updated from time to time at their discretion. changes will be effective upon posting to the site.,21
Privacy Policy,cancelling your account. to cancel your account email deleteaccount foxnews com subject delete my account and include the email address that you registered your account with if different from the email address you re sending the email from.,you can delete your content from this service.,8
Terms of Use,you and company waive the right to bring or participate in a class action in connection with such disputes.,you wave your right to a class action.,8
Terms of Use,the company services are provided as is and as available and company does not guarantee or promise any specific results from use of or continuous availability of the company services. to the fullest extent permitted by applicable law company expressly disclaims any warranties and conditions of any kind whether express or implied including but not limited to the implied warranties of merchantability fitness for a particular purpose and non infringement and warranties implied for a course of performance or course of dealing. without limiting the generality of the foregoing company makes no warranty that your use of the company services will be uninterrupted timely secure or error free that defects to the company services will be corrected that the company services or the servers on which they are available will be free of viruses or other harmful components or that any information obtained by you on through or in connection with the company services or third party services including but not limited to through user content or third party advertisements will be accurate reliable timely or complete. under no circumstances will company be responsible for any loss or damage including but not limited to loss of data property damage personal injury or death resulting from use of the company services problems or technical malfunction in connection with use of the company services attendance at a company event any material downloaded or otherwise obtained in connection with the company services any user content any third party advertisement or third party service transmitted on through or in connection with the company services or the conduct of any users of the company services whether online or offline. your use of user content third party advertisements third party services and the goods or services provided by any third parties is solely your responsibility and at your own risk. you acknowledge and agree that your use of the company services and any information transmitted or received in connection therewith may not be secure and may be intercepted by unauthorized parties. you assume responsibility for the entire cost of any maintenance repair or correction to your computer system or other property or recovery or reconstruction of lost data necessitated by your use of the company services. limitation on liability to the fullest extent permitted by applicable law company will not be liable to you or any third party for any indirect consequential exemplary incidental special or punitive damages including without limitation lost profit damages arising from your use of or inability to use the company services. notwithstanding anything to the contrary contained herein to the fullest extent permitted by applicable law company s liability to you for any cause whatsoever and regardless of the form of the action will at all times be limited to the amount paid if any by you to company for the company services during the term of your use of the company services. you acknowledge and agree that any damages you incur arising out of company s acts or omissions or your use of the company sites or the company services are not irreparable and are insufficient to entitle you to an injunction or other equitable relief restricting the availability of or any person s ability to access any portion of the company sites or the company services. the limitations in this section apply whether the alleged liability is based on contract tort negligence strict liability or any other basis even if company has been advised of the possibility of any such damages.,any liability on behalf of the service is only limited to the fees you paid as a user.,18
Terms of Use,you agree to the arbitration agreement and class action waiver described in section 7 to resolve any disputes with netflix except for matters that may be taken to small claims court.,you waive your right to a class action.,8
Terms of Use,netflix may from time to time change these terms of use. such revisions shall be effective immediately. provided however for existing members such revisions shall unless otherwise stated be effective 30 days after posting.,they can change the terms of service any time they see fit even without notification to the user. your use of the service supposedly constitutes acceptance of the changes in the terms.,32
Terms and Conditions,in addition websaver ca may in its sole discretion and at any time discontinue providing or limit access to the site or any areas of the site.,they may stop providing the service at any time.,9
Terms of Use,microsoft reserves the right at all times to disclose any information as microsoft deems necessary to satisfy any applicable law regulation legal process or governmental request or to edit refuse to post or to remove any information or materials in whole or in part in microsoft s sole discretion.,this service reserves the right to disclose your personal information without notifying you.,13
Services Agreement,the application is licensed not sold. this agreement only gives you some rights to use the application. if microsoft disables the ability to use the applications on your devices pursuant to your agreement with microsoft any associated license rights will terminate. the application publisher reserves all other rights. unless applicable law gives you more rights despite this limitation you may use the application only as expressly permitted in this agreement.,microsoft may remotely disable software you are not licensed to use.,11
Privacy Statement,likewise where we need to collect personal data by law or to enter into or carry out a contract with you and you do not provide the data we will not be able to enter into the contract. or if this relates to an existing product you re using we may have to suspend or cancel it. we will notify you if this is the case at the time.,if they in their opinion require some data to carry out a contract and you don t provide that data they can immediately close your account without prior notice. as the required personal data can be changed at any time and may not even be the same for all customers this is basically a suspension loophole.,56
Terms of Service,unless otherwise agreed to in a written agreement between you and twitch that was signed by an authorized representative of twitch if you submit transmit display perform post or store user content using the twitch services you grant twitch and its sublicensees to the furthest extent and for the maximum duration permitted by applicable law including in perpetuity if permitted under applicable law an unrestricted worldwide irrevocable fully sub licenseable nonexclusive and royalty free right to a use reproduce modify adapt publish translate create derivative works from distribute perform and display such user content including without limitation for promoting and redistributing part or all of the twitch services and derivative works thereof in any form format media or media channels now known or later developed or discovered. and b use the name identity likeness and voice or other biographical information that you submit in connection with such user content.,twitch can use and appropriate broadcaster content for anything.,9
Privacy Policy,we disclose such information to service providers working on our behalf such as to provide website hosting maintenance and security services. fulfill orders. conduct data analysis and create reports. offer certain functionality. or assist twitch in improving the twitch services and creating new services and features. we require that these parties process such information in compliance with this privacy policy we authorize them to use the information only for the purposes for which it is provided to them and we require them to use reasonable confidentiality measures. twitch may make information available to our affiliates meaning entities controlled by controlling or under common control with twitch including amazon com inc and its subsidiaries that are either subject to this privacy policy or follow practices at least as protective as those described in this privacy policy.,this service uses your personal information for many different purposes.,10
Privacy Policy,how do we use information collected. we use your personal information collected via our websites for the following purposes to undertake email actions or compile petitions to update you on our campaigns and activities to ask you to donate or get involved in our campaigns to action your expression of interest in joining amnesty international to administer your membership of amnesty international to process donations that we receive from you to administer and progress your applications for employment or volunteering opportunities with us to monitor the diversity of applicants for employment or volunteering opportunities to share your data with other amnesty international organisations or with trusted third parties further details below to improve our websites to fulfil any legal obligations.,the service provides information about how they intend to use your personal data.,13
Privacy Policy,in some circumstances your information may be shared with us by third parties but only where you have specifically consented. examples include registering for a human rights education course with our external provider or if you register your interest in joining amnesty international or one of its campaigns through facebook facebook will share information such as your name and email address with us.,this service only shares user information with third parties when given specific consent.,13
Privacy Policy,we collect personal information in the following ways when you sign up to online actions or express an interest in joining us as an international member when you make a donation to us when you sign up for our human rights education courses when you participate in other online campaigns or activities for example amnesty decoders when you apply for a job or volunteering opportunity with us.,the service provides information about how they collect personal data.,10
Terms of Use,when you submit text to which you hold the copyright you agree to license it under creative commons attribution sharealike 3 0 unported license cc by sa and gnu free documentation license gfdl unversioned with no invariant sections front cover texts or back cover texts. re users may comply with either license or both. the only exception is if the project edition or feature requires a different license. in that case you agree to license any text you contribute under that particular license.,wikipedia allows users to hold the copyright to any text that they submit under creative commons attribution sharealike 3 0 unported license cc by sa and gnu free documentation license gfdl unversioned with no invariant sections front cover texts or back cover texts. however both of these allow your contributions to be used commercially.,54
Privacy Policy,what types of information do we collect and how. the type and amount of information we receive and store depends on how you use our websites. you can access most of the pages on our websites without telling us who you are and without revealing any personal information.,users can access most of the pages on the service s website without revealing any personal information.,17
Privacy Policy,third party websites on our website we sometimes have links to third party websites or applications. this policy does not apply to such pages or applications hosted or operated by other organisations. this includes the websites or applications of amnesty international sections or related organisations or third party sites. these other sites may have their own privacy policies which apply to them.,the service informs users that its privacy policy does not apply to third party websites.,15
Privacy Policy,if you are aged 18 or under and would like to get involved in amnesty international s work please make sure that you have your parent guardian s permission before giving us personal information.,this service is only available to users of a certain age.,11
Privacy Policy,all our email communications to you will contain an unsubscribe link.,you can opt out of promotional communications.,7
Privacy Policy,access to and your rights over your personal information the personal data we hold about you is yours. you have the following rights over your information to be informed how your data is being processed to access your data to rectify any data that is inaccurate to instruct us to delete your data to restrict our processing of your data which includes contacting you via email at any time.,you can request access and deletion of personal data.,9
Privacy Policy,to the extent that sharing your information in this way requires us to transfer your personal information outside of the eu we have contractual arrangements in place to ensure that your data is shared and processed by the recipient organisation to an eu standard.,if amnesty international shares personal information outside the eu it is processed to an eu standard.,16
Privacy Policy,after this time the data will either be deleted or we may retain a secure anonymised record for research and analytical purposes.,the service may keep a secure anonymized record of users data for analytical purposes even after the data retention period.,20
Terms of Use,if you seek to file a legal claim against us you agree to file and resolve it exclusively in a state or federal court located in san francisco county california. you also agree that the laws of the state of california and to the extent applicable the laws of the united states of america will govern these terms of use as well as any legal claim that might arise between you and us without reference to conflict of laws principles. you agree to submit to the personal jurisdiction of and agree that venue is proper in the courts located in san francisco county california in any legal action or proceeding relating to us or these terms of use.,the court of law governing the terms is in san francisco county california.,13
Cookie Statement,if you do not wish to receive cookies you can set your web browser to restrict or block them. all modern browsers allow you to change your cookie settings typically be found in the options or preferences menu of your browser. in order to understand these settings the following link may be helpful www aboutcookies org if you disable cookies you will not be able to use all the interactive features of our website.,this service employs third party cookies but with opt out instructions.,11
Cookie Policy,we use cookies if you have a facebook account use the facebook products including our website and apps or visit other websites and apps that use the facebook products including the like button or other facebook technologies.,facebook uses cookies.,3
What information does Facebook get when I visit a site with the Like button?,for example when you go to a website with a like button we need to know who you are in order to show you what your facebook friends have liked on that site. the data we receive includes your user id the website you re visiting the date and time and other browser related info. if you re logged out or don t have a facebook account and visit a website with the like button or another social plugin your browser sends us a more limited set of info. for example because you re not logged into facebook you ll have fewer cookies than someone who s logged in. like other sites on the internet we receive info about the web page you re visiting the date and time and other browser related info. we record this info to help us improve our products. as our data policy indicates we use cookies to show you ads on and off facebook. we may also use the info we receive when you visit a site with social plugins to help us show you more interesting and useful ads.,this service tracks you on other websites.,7
What information does Facebook get when I visit a site with the Like button?,since the like button is a little piece of facebook embedded on another website the browser is sending info about the request to load facebook content on that page. we record some of this info to help show you a personalized experience on that site and to improve our products.,this service tracks you on other websites.,7
Terms of Service,when you share post or upload content that is covered by intellectual property rights like photos or videos on or in connection with our products you grant us a non exclusive transferable sub licensable royalty free and worldwide license to host use distribute modify run copy publicly perform or display translate and create derivative works of your content consistent with your privacy and application settings.,the scope of the copyright license granted to facebook includes the rights to transfer and sublicense. this means your content can be licensed by facebook to third parties.,28
Terms of Use,because our services are used by people all over the world personal information that we collect may be stored and processed in the united states of america or any other country in which we or our agents maintain facilities.,your data may be processed and stored anywhere in the world.,11
Data Use Policy,device information as described below we collect information from and about the computers phones connected tvs and other web connected devices you use that integrate with our products and we combine this information across different devices you use. for example we use information collected about your use of our products on your phone to better personalize the content including ads or features you see when you use our products on another device such as your laptop or tablet or to measure whether you took an action in response to an ad we showed you on your phone on a different device. information we obtain from these devices includes device attributes information such as the operating system hardware and software versions battery level signal strength available storage space browser type app and file names and types and plugins. device operations information about operations and behaviors performed on the device such as whether a window is foregrounded or backgrounded or mouse movements which can help distinguish humans from bots. identifiers unique identifiers device ids and other identifiers such as from games apps or accounts you use and family device ids or other identifiers unique to facebook company products associated with the same device or account. device signals bluetooth signals and information about nearby wi fi access points beacons and cell towers. data from device settings information you allow us to receive through device settings you turn on such as access to your gps location camera or photos. network and connections information such as the name of your mobile operator or isp language time zone mobile phone number ip address connection speed and in some cases information about other devices that are nearby or on your network so we can do things like help you stream a video from your phone to your tv. cookie data data from cookies stored on your device including cookie ids and settings. learn more about how we use cookies in the facebook cookies policy and instagram cookies policy.,collects all data you send username email credit card number any kind of info other put about you as well. plus all info about your device.,26
Terms of Service.txt,in addition content you delete may continue to appear if you have shared it with others and they have not deleted it.,this service holds onto content that you ve deleted.,9
Terms of Service,you give us permission to use your name and profile picture and information about actions you have taken on facebook next to or in connection with ads offers and other sponsored content that we display across our products without any compensation to you.,your identity is used in ads that are shown to other users.,12
Sprint Terms and Conditions,call us immediately if your device is lost or stolen because you may be responsible for usage charges before you notify us of the alleged loss or theft. a lost or stolen device does not affect your term commitment and you will still be responsible for an early termination fee if you terminate services early. you will still be responsible for any lease or installment billing obligations as well as any monthly recurring charges associated with the service on your device after you notify us of the alleged loss or theft. you agree to cooperate if we choose to investigate the matter provide facts sworn statements etc.,users are responsible for charges even if device is lost.,10
Sprint Terms and Conditions,we may change prices or any other term of your service or this agreement at any time. we ll provide you notice of any material changes and may provide notice of nonmaterial changes. if you use your service after the change takes effect then you are accepting the change.,users should revisit the terms periodically although in case of material changes the service will notify.,16
Sprint Terms and Conditions,you agree that by entering into this agreement you and sprint are waiving the right to a trial by jury or to participate in a class action or representative action.,you wave your right to a class action.,8
Sprint Terms and Conditions,we can without notice suspend or terminate any service at any time for any reason. for example we can suspend or terminate any service for a late payment. b exceeding an account spending limit. c harassing threatening abusing offending or being excessively impolite to our employees or agents. d interfering with our operations. e using suspicion of using services in a way that violates or is inconsistent with the agreement and policies or adversely affects any of our other customers reputation network property or services. f breaching failing to follow or abusing the agreement or policies. g providing false inaccurate dated or unverifiable information including identification or credit information. h becoming insolvent or bankrupt. i modifying a device from its manufacturer specifications for example rooting the device. j failing to use our services or maintain an active device. k you resell or attempt to resell the services or l if we believe the action protects our interests any customer s interests or our network.,they may stop providing the service at any time.,9
Terms of Service (US),removal of content you acknowledge that apple is not responsible or liable in any way for any content provided by others and has no duty to pre screen such content. however apple reserves the right at all times to determine whether content is appropriate and in compliance with this agreement and may pre screen move refuse modify and or remove content at any time without prior notice and in its sole discretion if such content is found to be in violation of this agreement or is otherwise objectionable.,they can delete any of your data files music messages etc. at any time and without notice.,17
Privacy Policy,a anonymous encrypted code representing your internet protocol ip address or your device identifier if using a mobile device and being used as a persistent identifier anonymous login information browser type and version time zone setting browser plug in types and versions operating system and version device information. as well as.,the service may use tracking pixels web beacons browser fingerprinting and or device fingerprinting on users.,16
Privacy Policy,in addition when you engage with advertisements that are displayed on the services novelty third party advertisers and data service providers may use industry wide tracking methods e g cookies web beacons etc. which store certain information methods and which allow us or such third parties to collect certain data for the purpose of serving advertisements through the use of the novelty services including without limitation serving advertisements that may be of interest to you.,this service allows tracking via third party cookies for purposes including targeted advertising.,13
Privacy Policy,if you have any questions or concerns about novelty s privacy policy or data processing or if you would like to make a complaint about a possible breach of local privacy laws please contact us at novelty magazines ltd email address contact novelty media postal address 1 habarzel street tel aviv israel 69710. telephone number 972 36209614 if you are an eu resident you have the right to make a complaint at any time to the relevant supervisory authority. we would however appreciate the chance to deal with your concerns before you approach such authority so please contact us in the first instance.,the service provides a complaint mechanism for the handling of personal data.,12
Privacy Policy,in such case you will be subject to such third party advertisers privacy policy. please note however that we do not control such third party advertisers or service providers i e. the third party advertisers or service providers solely determine the purposes and means of the processing of personal data and are thus data controllers. we generally do not have any access to the information so collected.,third parties may be involved in operating the service.,9
Privacy Policy,we may make use of third party service providers in the course of collecting storing and or processing information we collect from and receive about you in order to to deliver content or advertising. to perform market research or measure website usage. and to analyze traffic counts your interests and website performance. for example we may tell our advertisers the number of visitors to our website and the most popular features or services accessed.,third parties may be involved in operating the service.,9
Privacy Policy,please be aware that we may transfer your information to israel the european union and other countries through certain third parties that we use to operate and manage the site and services including amazon web services aws or google cloud services.,your data may be processed and stored anywhere in the world.,11
Terms of Service,we may update these terms from time to time. you should check this page regularly to take notice of any changes. your continued use of the services following the posting of revised terms means that you accept and agree to the changes.,terms may be changed any time at their discretion without notice to the user.,14
