clause_text,haiku
"This Agreement shall be binding on the respective transferees and successors of the parties hereto, except that neither this Agreement nor either party's rights or obligations hereunder shall be assigned or transferred by either party without the prior written consent of the other party.","This agreement is binding on anyone who takes over for either party, but neither side can transfer their rights or duties to someone else without the other side's written permission."
"In particular, and without limitation, Reseller shall not","I'm ready to summarize, but the text you've provided appears incomplete. It starts with ""In particular, and without limitation, Reseller shall not"" but doesn't include what the Reseller shall not do.

Please provide the full clause so I can summarize it for you."
"For so long as Rogers is required by Applicable Law to contribute a percentage of its gross annual revenues from the ROD Service to an independently-administered Canadian program production fund, Licensor shall reimburse Rogers for 50% of the amount required to be remitted to such production fund by Rogers in respect of the exhibition of Licensed Programs (the ""Production Fund Commitment"").","Rogers has to pay into a Canadian production fund, and the licensor will reimburse Rogers for half of what Rogers pays into that fund for showing the licensed programs."
"return to WGT within twenty (20) days following the expiration or      termination of the Term, any and all (i) demonstration Product provided to      Distributor; (ii) Products not already paid for in full by Distributor; and      (iii) promotional literature, data, information and other items received by      Distributor under this Agreement;","Within 20 days after this agreement ends, you must return all demo products, unpaid products, and promotional materials that you received."
"This Agreement shall commence as of the Effective Date and shall continue in effect for one (I) year, unless earlier terminated as expressly provided in Sections 1.3. 10.1. or 10.2 of this Agreement (the *Initial Term"")","This agreement lasts for one year from the start date, unless it ends early for reasons listed in other sections of the agreement."
"Such records shall be made available for reasonable review, audit and inspection upon reasonable notice and with reasonable frequency, upon SutroVax's request for the purpose of verifying Sutro's calculations of amounts due hereunder, the basis for such calculations (including Sutro's calculation of the Fully Burdened Manufacturing Costs) or payments and Sutro's compliance with the terms and conditions of this Supply Agreement.",SutroVax must let Sutro review and audit their records when asked to verify that payments and costs are calculated correctly and that SutroVax is following the agreement.
"IBM shall have the option to monitor, inspect, audit and take other necessary actions in order to comply with IBM's requirements to MS regarding any of MS's Code, or documentation, used hereunder.",IBM can monitor and inspect your code and documentation to make sure you're following IBM's requirements.
"Notwithstanding the foregoing, in the event the expiration of this Agreement or termination of this Agreement by Musclepharm pursuant to paragraph 9(a), MusclePharm shall be entitled to sell-off the remaining Licensed Products for six (6) months after such expiration of this Agreement pursuant to paragraph 4(d) herein and shall continue to pay Endorser the Royalty set forth in paragraph 7 herein.","After this agreement ends, MusclePharm can sell remaining products for 6 more months and still has to pay you the royalties during that time."
"HEMISPHERX hereby grants to SCIEN and SCIEN hereby accepts the right, privilege and exclusive license to use of ""Interferon alfa-n3 (human leukocyte derived)"" solely in connection with the terms of the Sales, Marketing, Distribution and Supply Agreement of Product in the Territory for the Term of this Agreement. S",Hemispherx gives Scien an exclusive license to use and sell a specific interferon product in certain territories for as long as their agreement lasts.
"Should the Licensed Materials or any of them become, or in Changepoint's sole opinion be likely to become, the subject of a claim of infringement, misappropriation, or violation of an Intellectual Property Right (an ""Infringement Claim"") Changepoint may (i) procure for Customer, at no cost to Customer the right to continue to use the Licensed Materials which are the subject of the Infringement Claim (ii) replace or modify the Licensed Materials or part thereof subject to such Infringement Claim with software or documentation of at least comparable functionality, at no cost to Customer, or (iii) if neither of the forgoing alternatives are reasonably practical in Changepoint's sole judgement, remove the component that is the subject of the Infringement Claim or any or all other parts of the Licensed Materials and refund to Customer the License Fees paid by Customer for the part removed as depreciated on a straight line five (5) year basis from the date of delivery of the part to Customer.","if someone claims the software violates their intellectual property rights, Changepoint will either let you keep using it, replace it with similar software, or remove it and give you a partial refund based on how long you've had it."
"Roche hereby grants to FMI a non-exclusive, royalty-free, worldwide and perpetual license, sublicensable to Affiliates, to use the Roche-Owned Advanced Genomic Analysis Results to develop, make, have made, use, offer for sale, sell, import and commercialize FMI's products and services relating to genomic analysis.","Roche gives FMI permission to use Roche's genomic analysis results to develop and sell FMI's genomic analysis products and services anywhere in the world forever, and FMI can share this permission with its affiliated companies."
"If the Client, in its reasonable discretion, consents, the Client is hereby granted an exclusive, worldwide, royalty-free, perpetual, irrevocable license to use, distribute, modify, publish, and otherwise exploit the incorporated items in connection with the work product developed for the Client.","If you agree, the client gets unlimited rights to use, change, and share the work product and everything in it forever, without paying royalties."
"All communication with the National Football League (the ""NFL""), its 32 Member Clubs, NFL Legends and Gold Jackets shall be made exclusively and directly through PFHOF.","All contact with the NFL, its teams, players, and legends must go through PFHOF only."
"Customer hereby grants to Manufacturer a non-exclusive license during the Term to use any Customer Property and Customer-Owned Improvements and Developments solely in connection with Manufacturer performing its obligations under this Agreement or the Facility Addendum in accordance with the terms hereof or thereof, as applicable.",You're giving the manufacturer permission to use your property and any improvements you make only for doing the work required by this agreement.
maintain property damage and liability insurance and insurance against  loss or damage to the Transferred Equipment as part of PPI's general liability insurance.,"PPI must have insurance that covers property damage, liability, and loss or damage to the transferred equipment as part of their general liability insurance."
"Quantity of capacity to be released: Max 13,370 Dfli/Day,                                Min 13,370 DthDay.","The maximum and minimum amount of capacity that can be released is 13,370 units per day."
"During the Term, VerticalNet shall not (a) act as an advertising agent or representative for any PaperExchange Competitor and (b) place any advertisements on Pulp and Paper Online from any PaperExchange Competitor.",VerticalNet can't advertise for competitors of PaperExchange or put competitor ads on the Pulp and Paper Online website.
"exclusive rights and title to the PSM and the Properties, or the validity thereof or the validity of this Agreement, and shall not assist others in so doing.",You can't challenge Dropbox's ownership rights to their service or help others do so.
"Subject to the terms and conditions of this Agreement, as of the Distribution Date, Nuance hereby grants to SpinCo and the members of the SpinCo Group a worldwide, non-exclusive, fully paid-up, perpetual and irrevocable, transferable (subject to ARTICLE VIII), sublicensable (subject to Section 3.01(g)) license to install, access, use, reproduce, perform, display, modify (including the right to create improvements and derivative works), further develop, sell, manufacture, distribute and market products and services based on, using or incorporating the Nuance Shared Technology Assets within the SpinCo Field of Use, together with natural extensions and evolutions thereof.","Nuance is giving SpinCo a permanent, worldwide license to use, modify, and sell products based on Nuance's technology within SpinCo's business areas, and SpinCo can transfer or sublicense this right to others."
"ACSI may assign this Agreement to (a) any corporation or other entity resulting from any merger, consolidation, or other reorganization involving ACSI, (b) any of its Affiliates, or (c) any person or entity to which it transfers all or","ACSI can transfer this agreement to companies it merges with, its related companies, or anyone it sells its business to."
"EXCEPT IN CONNECTION WITH A BREACH BY EITHER PARTY OF ARTICLE 10, THE INDEMNIFICATION OBLIGATIONS OF PAPEREXCHANGE UNDER SECTION 12.4(c)  [Indemnification by PaperExchange] AND THE INDEMNIFICATION OBLIGATIONS OF VERTICALNET UNDER SECTION 12.5(c)  [Indemnification by VerticalNet], EACH PARTY'S LIABILITY FOR DAMAGES HEREUNDER SHALL NOT EXCEED $1,000,000.","Each company's total liability for damages is capped at $1 million, except for certain breaches and indemnification claims which may have different limits."
"In the event a Party divests a line of business or line of products or services by (a) spinning off a member of its Group by its sale or other disposition to a Third Party, (b) reducing ownership or control in a member of its Group so that it no longer qualifiers as a member of its Group under this Agreement, (c) selling or otherwise transferring such line of business, products or services to a Third Party or (d) forming a joint venture with a Third Party with respect to such line of business, products or services (each such divested entity or line of business, products or services, a ""Divested Entity""), the Divested Entity","if a company sells off or spins off part of its business to another company, that new company becomes a ""Divested Entity"" under this agreement."
"No Party will make, issue or release any statement which results in any defamation or disparagement of the Village, the City of Canton, the other Party, or any team, person, performer or organization involved in events at the Village.","Neither side can make public statements that damage the reputation of the Village, the City of Canton, the other party, or anyone involved in events at the Village."
"Therefore,      the parties have agreed upon the above payment of liquidated damages in      lieu of WGT's claim for actual damages from such breach.","Instead of suing for actual damages, both sides agreed that you'll pay a set amount of money if you break the agreement."
"If Licensor enters, or has entered, into an agreement or series of agreements (including side letters, understandings or arrangements, whether oral or written, whether formal or informal, whether now or hereafter effective, or whether on a long-term basis or short-term basis) with a third party for the distribution and exhibition of Licensed Programs in the U.S. or the Territory on a VOD basis, or any other basis that permits the downloading of such Licensed Programs and the subsequent viewing of such Licensed Programs by a residential subscriber, on terms (including, without limitation, license fees, copyright royalty payments, encoding fees and obligations, and marketing support) that are more favourable than those contained in this Agreement, then Rogers has the right to incorporate, or substitute, as the case may be, such term or terms into this Agreement, effective as of the date on which such term or terms were accorded to the third party and for the balance of the period such term or terms are applicable to such third party.","If the licensor makes a better deal with another company for distributing programs, Rogers can use those same better terms in this agreement instead."
"Customer hereby grants to Manufacturer a non-exclusive license during the Term to use any Customer Property and Customer-Owned Improvements and Developments solely in connection with Manufacturer performing its obligations under this Agreement or the Facility Addendum in accordance with the terms hereof or thereof, as applicable",You're giving the manufacturer permission to use your property and any improvements you make only for the work they need to do under this agreement.
"foregoing sentence, Customer may more frequently conduct ""for cause"" physical inspections or audits of a Facility with five (5) days' advance written notice to Manufacturer if Customer has reasonable cause to believe that an inspection or audit of such Facility is warranted because Manufacturer's activities with respect to such Facility are in breach of this Agreement, applicable Laws, the Quality Agreement or the applicable Facility Addendum.",the customer can inspect the manufacturer's facility with just 5 days' notice if they have a good reason to believe the manufacturer is breaking the agreement or the law.
"The term of this Agreement shall commence on the Effective Date          and, subject to the provisions of this Agreement, shall continue in          full force and effect for an initial period of five (5) years.",This agreement starts on the effective date and lasts for five years.
"SUTRO'S LIABITY TO SUTROVAX FOR THIRD PARTY PENALTIES, COSTS AND EXPENSES UNDER SECTION 2.9 SHALL NOT EXCEED [REDACTED AMOUNT].",Sutro's responsibility to pay Sutrovax for third-party penalties and costs is limited to a certain amount.
"If Parent or SpinCo is unable to obtain, or to cause to be obtained, any such required consent, substitution, approval, amendment or release as set forth in Section 2.4(a) and the applicable member of the Parent Group continues to be bound by such agreement, lease, license or other obligation or Liability (each, an ""Unreleased SpinCo IP Liability""), SpinCo shall, to the extent not prohibited by Law, as indemnitor, guarantor, agent or subcontractor for such member of the Parent Group, as the case may be, (i) pay, perform and discharge fully all the obligations or other Liabilities of such member of the Parent Group that constitute Unreleased SpinCo IP Liabilities from and after the Effective Time and (ii) use its commercially reasonable efforts to effect such payment, performance or discharge prior to any demand for such payment, performance or discharge is permitted to be made by the obligee thereunder on any member of the Parent Group.","If SpinCo can't get permission to transfer certain agreements or obligations to itself, SpinCo will pay for and handle those obligations on behalf of the parent company instead."
"[REDACTED], Valeant hereby grants to Dova a fully paid-up, royalty free, non-transferable, non- exclusive license (with a limited right to sub-license to its Affiliates) to any Valeant Property that appears on, embodied on or contained in the Product materials or Product Labeling solely for use in connection with Dova's promotion or other commercialization of the Product in the Territory.",Valeant gives Dova a free license to use Valeant's materials that are in the product or its labeling only for selling and promoting the product in the agreed territory.
"for FMI to develop, make, have made, use, offer for sale, sell, import and commercialize the Immuno-Biomarker Discovery Platform, Signature Identification services, Clinical Study assays, CDx assays, or any other FMI testing or services (including that are part of the Genomic Analysis Platform).","FMI has the right to develop, make, use, sell, and commercialize their testing services and platforms."
The initial term of this Agreement and any renewal term thereof shall be automatically extended at the end of the initial term and any renewal term thereof for an additional one (1) year period unless either Party notifies the other Party not less than six (6) months before the end of the then in effect term of its intent to terminate this Agreement,The agreement automatically renews for one more year unless either side tells the other at least 6 months before it ends that they want to stop.
"Unless otherwise provided in the applicable Facility Addendum, this Agreement (a) shall commence on the Effective Date and shall continue for a period of four (4) years from such date (the ""Initial Term"" of this Agreement), unless sooner terminated pursuant to Section 7.3, 7.4, 7.5, 7.6 or 7.7, and (b) may be extended for up to three (3) additional periods of twelve (12) months (each, an ""Extension Period"") by written notice given by Customer to Manufacturer not less than twelve (12) months prior to the expiration of the Initial Term or the applicable Extension Period, as the case may be.","This agreement lasts for four years from the start date, and you can extend it for up to three more one-year periods if you give written notice at least 12 months before it expires."
"During the Term, subject to the terms and conditions of this Agreement, Dova hereby grants to Valeant the right, on a co-exclusive basis (solely with Dova and its Affiliates), to Detail and promote the Product in the Specialty in the Territory in the Field, and to conduct the Valeant Activities and the activities of the institutional account management team (pursuant to and subject to the terms of Section 4.1.5) for the Product in the Territory in the Field in accordance with the terms and conditions of this Agreement.","Valeant can market and promote the product in certain medical specialties and regions, but Dova can also do the same since it's a shared (co-exclusive) agreement."
The initial term of this Agreement and any renewal term thereof shall be automatically extended at the end of the initial term and any renewal term thereof for an additional one (1) year period unless either Party notifies the other Party not less than six (6) months before the end of the then in effect term of its intent to terminate this Agreement.,This agreement automatically renews for one more year unless either side tells the other at least 6 months before it ends that they want to stop.
"In the event of a Triggering Event, Customer's Exclusive Purchase Requirement with respect to each and every Product that is the subject of the Triggering Event shall be temporarily suspended until such time as Manufacturer notifies Customer that Manufacturer is able to resume the manufacture and supply of the subject Product(s) on the terms and conditions of this Agreement (such period referred to as the ""Exclusive Purchase Requirement Suspension Period""); provided that, (i) during such Exclusive Purchase Requirement Suspension Period, Customer shall use commercially reasonable efforts to limit its orders for the subject Product(s) to the quantities specified in the last Forecast that preceded the Triggering Event for the applicable period(s) and promptly notify Manufacturer in the event and to the extent that Customer's orders exceed such quantities specified in such Forecast and (ii) Customer shall be entitled to take delivery of Product(s) ordered during the Exclusive Purchase Requirement Suspension Period even if such delivery is scheduled for or actually occurs subsequent to the Exclusive Purchase Requirement Suspension Period.","if the manufacturer can't make a product due to a triggering event, the customer doesn't have to buy only from them temporarily. during this time, the customer should try to order only what was previously forecasted and tell the manufacturer if they order more. the customer can still receive orders placed during this period even after the manufacturer resumes normal operations."
"(as defined below) for a new customer that turns into a sale of advertising on Pulp and Paper. Online or Packaging Online, including, without limitation, the Co-Branded Sites, VerticalNet shall pay to PaperExchange a commission of ***** of the Net Advertising Revenue resulting from such sale of advertising, with the exception that if such advertising is on the Co-branded Career Center, VerticalNet shall pay PaperExchange a commission of ***** of the Net Advertising Revenue resulting from such sale of advertising.","VerticalNet pays PaperExchange a commission on advertising revenue from new customers, with a different commission rate for ads on the Career Center."
The Auditing Party agrees that any information learned or disclosed by its auditor in connection with such audit is Confidential Information of the Audited Party.,Information that an auditor learns during an audit is considered confidential and belongs to the company being audited.
"Subject to Fox's compliance with the terms and conditions of this Agreement, including its payment obligations in accordance with Section 7, Licensee hereby grants to Fox a limited, non-exclusive, non-transferable (except as permitted in Section 17(d)), right to distribute Licensee Materials (as defined in Paragraph 11 (c)) to VGSL and T-Mobile, solely as incorporated into Wireless Products, and to authorize VGSL and T-Mobile to distribute such Wireless Products to end users outside of the United States.","Fox can distribute your materials to VGSL and T-Mobile for use in wireless products sold outside the US, as long as Fox pays what it owes and follows the agreement."
"FMI agrees that the pricing terms for Products and Services provided by FMI to Roche herein, and services provided under the Molecular Information Platform Program, are, and will be, at least as favorable as the pricing terms granted by FMI to any existing customer or collaborator for such (or substantially similar) products or services.",FMI promises to give Roche prices that are at least as good as the prices it gives to any other customer for the same or similar products and services.
"If Reseller fails to submit Orders with an aggregate value equal to or greater than the MOQ, then Reseller shall pay Supplier a sum equal to the shortfall, within 30 days after the end of the Initial Term.","If you don't order enough products to meet the minimum amount required, you have to pay the supplier the difference within 30 days after your initial contract period ends."
"Valeant shall have the right, at its own expense, during normal business hours and upon reasonable prior notice, through certified public accounting firm or other auditor selected by Valeant and reasonably acceptable to Dova and upon execution of a confidentiality agreement reasonably satisfactory to Dova in form and substance, to inspect and audit the applicable records and books maintained by Dova for purposes of verifying Dova's payment obligations within this Agreement, including the applicable records and books of account maintained by Dova, or any Affiliate, as applicable, with respect to Net Sales in order to confirm the accuracy and completeness of such records and books of account and all payments hereunder; provided, however, that (i) such examination shall not take place more often than once per every twelve (12) months during the Term and once during the one (1) year period following the end of the Term, and (ii) such examination shall not cover a period of time that has previously been audited; provided that Valeant shall have the right to conduct additional ""for cause"" audits to the extent necessary to address significant problems relating to Dova's payment obligations hereunder.","Valeant can audit Dova's financial records once a year during business hours to verify payments are correct, but only after giving notice and having an auditor sign a confidentiality agreement. Valeant can do extra audits if there are serious payment problems."
"Subject to subsections (i)-(iii) of this Section 5.1(a), each Party agrees that prior to the date that is six (6) months after the Effective Time (""Delivery Date""), it will deliver possession of any Tangible/Intangible Information of the other Party that is in its possession or control to the other Party, without retaining any copies.","Each party must return all the other party's information and documents within six months after the deal starts, and can't keep copies for themselves."
"During the Term, Distributor will make Gross      Purchases in an amount at least equal to the cumulative Guaranteed Minimum      Purchase amounts through committed orders placed pursuant to paragraph 3.5      and calling for shipment on or before the dates set forth in Exhibit A.","During the agreement, the distributor must buy at least the minimum amount of products shown in the attached schedule by the dates listed there."
"If the Village Media Company elects to exercise its right of first refusal, the terms of the offer shall apply, the applicable license shall be subject to the terms and conditions of this Agreement and the Village Media Company shall pay to PFHOF a License Fee (as defined below) for such license in accordance with this Agreement.","If Village Media Company uses its right of first refusal, it must accept the offer on the same terms and pay the license fee outlined in this agreement."
"EXCEPT (I) WITH RESPECT TO ANY BREACH OF ARTICLE 8 (CONFIDENTIALITY), (II) FOR THIRD PARTY PENALTIES, COSTS AND EXPENSES AS SET FORTH IN SECTION 2.9, OR (III) FOR [REDACTED AMOUNT], TO THE MAXIMUM EXTENT PERMITTED BY LAW, (A) NEITHER PARTY SHALL BE LIABLE TO THE OTHER PARTY FOR ANY INDIRECT, INCIDENTAL, CONSEQUENTIAL, SPECIAL OR PUNITIVE DAMAGES, WHETHER LIABILITY IS ASSERTED IN CONTRACT, TORT (INCLUDING NEGLIGENCE), STRICT LIABILITY, OR ANY OTHER THEORY OR FORM OF ACTION, EVEN IF SUCH PARTY HAS BEEN ADVISED OF THE POSSIBILITY THEREOF; AND (B) EACH PARTY'S TOTAL LIABILITY TO THE OTHER PARTY UNDER THIS SUPPLY AGREEMENT SHALL NOT EXCEED [REDACTED AMOUNT].","neither company can sue the other for indirect or punitive damages, except for confidentiality breaches or third-party costs. each company's total liability is capped at a certain amount."
Customer is granted an unlimited number of Client Access Licenses.,You can have as many people access the service as you want.
"Network hereby grants to Affiliate the exclusive right via Broadcast Television, and Affiliate hereby accepts such exclusive right and the obligation during the Term to broadcast the Service via Broadcast Television (i) over the transmission facilities of each Station identified on Exhibit A, which is licensed by the FCC to serve the community for each such Station (the ""Licensed Community""), for receipt by TV Households in the DMA in which the Licensed Community is located, as such DMA is identified on Exhibit A, and (ii) over the transmission facilities of any Acquired Station, except to the extent that, as of the date Affiliate notifies Network in writing of its binding agreement to acquire such Acquired Station, (A) another Broadcast Television station in the same DMA as the Acquired Station has exclusive rights to broadcast the Service, or (B) the Acquired Station is obligated to broadcast other material that precludes it from also carrying the Service.","the network gives the affiliate the exclusive right to broadcast a service on specific TV stations in certain areas, unless another station in that area already has exclusive rights or the station is obligated to broadcast other content instead."
"NOTWITHSTANDING ANY OTHER PROVISION OF THIS AGREEMENT TO THE CONTRARY, EXCEPT FOR DAMAGES OR CLAIMS ARISING OUT OF (I) A BREACH OF SECTION 13 OF THIS AGREEMENT, (II) CUSTOMER LIABILITIES PURSUANT TO, AND SUBJECT TO THE LIMITATIONS SET FORTH IN, SECTION 2.5(E), (III) A PARTY'S OR ITS PERSONNEL'S GROSS NEGLIGENCE, FRAUD OR WILLFUL MISCONDUCT, (IV) A PARTY'S WILLFUL BREACH OF THIS AGREEMENT, OR (V) A PARTY'S INDEMNIFICATION OBLIGATION WITH RESPECT TO THIRD PARTY CLAIMS UNDER SECTION 10.1 OR SECTION 10.2, IN NO EVENT SHALL EITHER PARTY BE LIABLE TO THE OTHER PARTY OR ANY INDEMNIFIED PARTY HEREUNDER FOR ANY CONSEQUENTIAL DAMAGES, SPECIAL DAMAGES, INCIDENTAL OR INDIRECT DAMAGES, LOSS OF REVENUE OR PROFITS, DIMINUTION IN VALUE, DAMAGES BASED ON MULTIPLE OF REVENUE OR EARNINGS OR OTHER PERFORMANCE METRIC, LOSS OF BUSINESS REPUTATION, PUNITIVE AND EXEMPLARY DAMAGES OR ANY SIMILAR DAMAGES ARISING OR RESULTING FROM OR RELATING TO THIS AGREEMENT, WHETHER SUCH ACTION IS BASED ON WARRANTY, CONTRACT, TORT (INCLUDING NEGLIGENCE OR STRICT LIABILITY) OR OTHERWISE.","neither party can sue the other for indirect damages like lost profits or business reputation, except in cases of fraud, willful misconduct, serious breaches, or certain liability situations."
"Except as set forth in Sections 4.3  [Non-Competition] and 5.8  [Non-Competition], nothing in this Agreement shall be construed as preventing either party from developing other co-branded versions of its materials, data, information and content.","Both companies can create other branded versions of their materials and information, except in the non-competition sections of the agreement."
"Constellation grants to the HOF Entities a nonexclusive, nontransferable, royalty-free license to use the marks set forth on Exhibit G (""Constellation's Marks"") in the United States or online throughout the Term solely in connection with the Sponsorship Rights, the advertising and promotion of the Village, including any musical, athletic or other live performance events at the Village, in connection with the name of the Center for Excellence and/or any Co-Branded Center for Excellence Logos and otherwise as expressly contemplated by this Agreement.","Constellation lets the HOF Entities use their brand names and logos in the U.S. and online only for promoting the Village, events there, and the Center for Excellence as described in this agreement."
"This Agreement shall be effective as of the Effective Date and shall expire on the Expiration Date set forth above (the ""Initial Term""), unless earlier terminated in accordance with Section 3(b).","This agreement starts on the effective date and ends on the expiration date listed above, unless it's ended early according to the termination rules."
This Agreement shall have an Initial Term of three (3) years.,This agreement lasts for three years.
"Qualigen hereby appoints Sekisui, and Sekisui accepts the appointment to act on an exclusive basis pursuant to the terms and conditions of this Agreement, as a distributor for the sale of the Products in the Territory.",Qualigen is giving Sekisui the exclusive right to sell their products in a specific area.
"The Agreement shall not be assigned and is not assignable or delegable by either Party without the written consent of the other, which consent shall not be unreasonably withheld; provided, that Sekisui and Qualigen each may assign this Agreement without the consent of the other to a successor in connection with the merger, consolidation or sale of such Party or of all or substantially all of its assets or the portion of its business to which this Agreement relates.","Neither party can transfer this agreement to someone else without written permission from the other party, except that either company can transfer it to a buyer if they're sold or merged without asking permission first."
"Member covenants and agrees that during the Post-Term Period (defined below), except as otherwise approved in writing by Franchisor, Member shall not, either directly or indirectly, own, manage, engage in, be employed by, advise, make loans to, consult for, or have any other interest in any Competitive Business that is, or intends to operate, within a three (3) mile radius of the premises of your Franchised Business or within a three (3) mile radius of any Franchised Business then-operating or under construction to operate under the System.","After you stop being a franchisee, you can't work in a competing business within 3 miles of your old location or any other franchise location for a set period of time without written permission."
"Following the Initial Term, either Party may terminate this Agreement without cause upon written notice to the other Party of at least 3 months.","After the first contract period ends, either side can end the agreement by giving the other side 3 months written notice."
"A minimum of:

1 Java Game (2-D or 3-D to be mutually agreed provided that if the parties are unable to reach an agreement, Licensee's decision will prevail)

1 Java Application ('Screensaver') where feasible

5 MMS

10 Wallpapers

5 Voicetones, if talent agreements so allow","You need to create at least one Java game, one screensaver application, five multimedia messages, ten wallpapers, and five voicetones (if allowed by talent agreements)."
"NEITHER PARTY SHALL BE LIABLE TO THE OTHER FOR ANY SPECIAL, CONSEQUENTIAL, INCIDENTAL, PUNITIVE, OR INDIRECT DAMAGES OR FOR LOST PROFITS ARISING FROM OR RELATING TO ANY BREACH OF THIS AGREEMENT, REGARDLESS OF ANY NOTICE OF THE POSSIBILITY OF SUCH DAMAGES.","Neither you nor the company can sue each other for indirect damages or lost profits, even if you knew it might happen."
"(c)      Customer's exclusive remedy and Changepoint's sole obligation with respect to the breach of any of the foregoing warranties is for Changepoint to (i) make commercially reasonable efforts to correct or provide Customer with a workaround for the failure of the Licensed Software to conform substantially to the description thereof in the Documentation or to comply with the Y2K Warranty, as the case may be, or, at Changepoint's sole option, provide Customer with a refund for the License Fees paid with respect to such Licensed Software, and (ii) provide Customer with replacement media in the event there are defects in materials or workmanship in the media upon which the Licensed Software and Documentation are provided if the media is returned to Changepoint within the Warranty Period.","If the software doesn't work as described or has defects, Changepoint will either fix it, give you a workaround, refund your money, or replace the media it came on."
"Upon termination of this Agreement by Customer in whole or in part or upon the termination of any Facility Addendum, in each case, pursuant to Section 7.3, 7.4, 7.5 or 7.6, and on a terminated-Product-by-terminated-Product basis, at Customer's option and pursuant to Customer's instructions, Manufacturer shall provide Customer with sufficient inventory of such terminated Product to ensure business continuity according to then-current terms and pricing (subject to Section 3) until the earlier of: (i) Customer's identification of, and securing of Regulatory Approval for, another supplier of such terminated Product or (ii) unless otherwise set forth in the applicable Facility Addendum as the ""Inventory Tail Period"" for such Product, a time period that reflects Customer's reasonable needs of such Product as mutually agreed upon by the Parties in good faith.","if you end your agreement with the manufacturer, they'll provide you enough inventory of the product you're canceling to keep your business running until you find another supplier or until an agreed-upon time period ends."
"if the agreement is terminated during the Initial Term by PaperExchange pursuant to Section 8.2  [Termination for Cause], VerticalNet shall pay to PaperExchange, as liquidated damages, an amount equal to the product determined by multiplying (1) a fraction, the numerator of which shall be the number of days between the effective date of termination and the scheduled expiration date of the Initial Term, and the denominator of which shall be the number of days","If PaperExchange ends the agreement early for cause, VerticalNet has to pay damages based on how many days are left in the contract term."
"WebMD agrees to grant, and Emdeon agrees to accept, a license to use the Content (as defined below) in connection with various software products it has all right title and interest to (the ""Software"") in accordance with the terms of this Agreement.",WebMD is giving Emdeon permission to use their content with Emdeon's software products according to this agreement.
This  Agreement  shall  be  construed  in accordance with the laws of the State of Kansas.,This agreement is governed by Kansas state law.
"Accordingly, to permit the Quality Agreement to be finalized within such period, Sutro shall provide SutroVax or its designee access to Sutro's Facilities and records to enable SutroVax or its designee to complete an audit pursuant to Section 5.1 within [REDACTED] days after the Effective Date.",Sutro must give SutroVax access to its facilities and records so SutroVax can complete an audit within a certain number of days after the agreement starts.
"(iii) upon any Change of Control (as defined in Section 20.4) of PPI, by repayment to EKR in full of the balance of the  Advanced Royalty Payment not previously used for offsets, which payment shall be made to EKR by PPI within ten  (10) days after the closing date (without any conditions) of any such Change of Control.","if the company changes ownership, it must pay back any unused advance royalty money to EKR within 10 days after the ownership change closes."
"EXCEPT IN CONNECTION WITH A BREACH BY EITHER PARTY OF ARTICLE 10, THE INDEMNIFICATION OBLIGATIONS OF PAPEREXCHANGE UNDER SECTION 12.4(c)  [Indemnification by PaperExchange] AND THE INDEMNIFICATION OBLIGATIONS OF VERTICALNET UNDER SECTION 12.5(c)  [Indemnification by VerticalNet], EACH PARTY'S LIABILITY FOR DAMAGES HEREUNDER SHALL NOT EXCEED $1,000,000.","Each company's total liability for damages is capped at $1 million, except for certain breaches and indemnification claims which may have different limits."
"Network's failure, for reasons other than force majeure, to deliver a signal meeting the requirements of this Section 5(a) for more than twelve (12) hours in any consecutive thirty (30) day period without the written consent of Affiliate shall constitute a material breach of this Agreement, not subject to the cure provisions of Section 10(d); provided, however that Affiliate shall provide Network with notice of each event in which Network fails to deliver a signal meeting the requirements of this Section 5(a) as soon as reasonably practicable.","if the network fails to send a proper signal for more than 12 hours in any 30-day period, it's a serious breach of the agreement that can't be fixed. the affiliate must notify the network as soon as possible when this happens."
"In addition to and without limiting any other provision of this Agreement, in the event the Village Media Company or HOFV fails to pay the Annual Guarantee to PFHOF in accordance with Section 5.1 and such failure is not cured within thirty (30) days of notice thereof by PFHOF, then the rights of first offer granted to HOFV in Section 3.1 of the First Amended and Restated License Agreement, dated as of September 16, 2019 between PFHOF and HOFV (the ""License Agreement"") shall automatically and immediately terminate, regardless of whether PFHOF elects not to terminate this Agreement in accordance Section 4.2.","if the Village Media Company doesn't pay the required annual fee within 30 days of being notified, they lose their right to make the first offer to buy certain things, even if the main agreement stays in effect."
". Each Party shall provide the other with written notice at least [REDACTED AMOUNT] days prior to the cancellation, non renewal or material change in such insurance.","Each side must give the other written notice at least [amount] days before canceling, not renewing, or making major changes to insurance."
"VerticalNet and PaperExchange shall be responsible for the sale of all advertising on the Co-Branded Sites; provided, however, that neither party shall sell advertising on the Co-Branded Sites to a competitor (as defined in 1.16 and 1.25) and provided that each party shall submit any proposed advertising for the Co-Branded Sites to the other party for its prior written approval, such approval not to be unreasonably withheld, delayed or conditioned.","VerticalNet and PaperExchange both handle selling ads on their shared website, but neither can sell ads to competitors and both must approve any ads the other wants to run."
Thereafter  the term of this Agreement shall automatically renew for consecutive periods of two (2) years each.,"Your agreement will automatically renew for another two years after it ends, and this will keep happening unless you cancel it."
"This Agreement shall be governed by and construed in accordance with the laws of the State of Ohio, without reference to principles of conflicts of law.",This agreement is governed by Ohio state law.
"Subject to the terms and conditions of this          Agreement, Changepoint hereby grants to Corio a fee-bearing,          irrevocable, nonexclusive, nontransferable (except in accordance with          Section 14.1 of this Agreement) license in the Territory to (i)          reproduce the Software in machine executable object code format only          for installation on the Corio Servers; (ii) install multiple copies of          the Software on Corio's Servers which will be made remotely accessible          to Corio's Customers for their internal business purposes, (iii) permit          limited access to and use of the Software by Customers through Corio          Servers solely for such Customer's internal business purposes; (iv)          sublicense an unlimited number of Customers to access and use the          Software only through the installation on Corio Servers solely for such          Customer's internal business purposes; and (v) use Changepoint's tools          and utilities, if any, subject to any restrictions placed on the          Changepoint by third party software providers and payment of any          applicable fees required by such third parties, to configure, integrate          and manage the Software. Corio shall not authorize Customers to          download or reproduce the Software for use except as necessary in          connection with the Corio Services.","Changepoint lets Corio use their software on Corio's servers so Corio's customers can access it for their own business needs, but customers can't download or copy the software themselves."
"Subject to the terms and conditions of this Agreement, as of the Distribution Date, SpinCo hereby grants to Nuance and the members of the Nuance Group a worldwide, non-exclusive, fully paid-up, perpetual and irrevocable, transferable (subject to ARTICLE VIII), sublicensable (subject to Section 4.01(g)) license to continue to use any SpinCo IP (other than SpinCo Patents, SpinCo Technology Assets, SpinCo Trademarks, SpinCo Domain Names and SpinCo Data), in each case solely as and to the extent that it is used by the Nuance Group in connection with products and services of the Nuance Business within the Nuance Field of Use, together with natural extensions and evolutions thereof.","SpinCo gives Nuance a permanent, worldwide license to use certain SpinCo intellectual property for Nuance's business and related products, but this doesn't include patents, technology, trademarks, domain names, or data."
"The deposit accounts of the Bank are insured by                the FDIC up to the applicable  limits; and no proceedings for the                termination  or revocation  of such  insurance are pending or, to                the best knowledge of the Company or the Bank, threatened.","The bank's deposit accounts are insured by the FDIC up to certain limits, and there are no plans to end or remove that insurance."
"The parties may mutually agree on a fee allocation different from the foregoing allocations in good faith based on, among other things, the following criteria:   (a) Whether one or both parties have an important relationship that is crucial to securing an assignment   (b) Resource contribution   (c) Product expertise   (d) Industry expertise   (e) Transaction size   (f) Resource constraints","The two parties can agree to split fees differently than the standard way if they both agree, based on things like how important their relationship is, what resources each brings, their expertise, and the size of the deal."
The accounting firm shall disclose to the Requesting Party only whether the reports are correct or incorrect and the specific details concerning any discrepancies.,The accounting firm will tell you if the reports are right or wrong and explain what doesn't match up.
"The Parties will issue a joint press release promptly upon concluding Advertising. this Agreement, which press release shall be subject to the Party's mutual approval, which shall in any event state that Company is the exclusive provider on the ACSI Site of premium spoken-word audio product for download or streaming over the world wide web.","Both sides will issue a joint press release after the advertising deal ends, saying the company is the only provider of premium audio on the website."
"The Escrow Agent shall require Changepoint to place in an          escrow account in Toronto a copy of the source code of the Software          including all Updates and Upgrades thereto, documentation and similar          materials (the ""SOURCE CODE"").",Changepoint must put a copy of the software's source code and related documents into an escrow account in Toronto.
Endorser shall not use or provide endorsements or testimonials for products that compete with MusclePharm Products or the Licensed Products.,You can't give endorsements or testimonials for products that compete with MusclePharm's products.
"TouchStar hereby grants to Reseller, with the additional right                 to grant to Other Resellers who or which enter into an Other                 Reseller Agreement, the nontransferable and nonexclusive right                 and license to use one copy of the TouchStar Software as                 necessary to demonstrate the TouchStar Software to potential                 Customers in the Territory.","TouchStar lets you use their software to show it to potential customers in your area, but you can't transfer this right to anyone else and it's not exclusive to you."
"Any and all liability of PPI to EKR howsoever arising in respect of this Agreement, the Transition Services and Inventory Agreement or the Supply Agreement and their performance, in contract tort or otherwise, shall be limited (except for death or  personal injury caused by the negligence of PPI or its employees while acting in the course of their employment) to [REDACTED] US Dollars ($[REDACTED]);  provided","PPI's total responsibility for damages under these agreements is limited to a specific dollar amount, except for deaths or injuries caused by PPI's negligence."
To issue two (2) million NVOS common stock upon successful target of twenty-five million dollars ($25M) of net profit achieved by the Company each fiscal year,The company will issue 2 million shares of common stock each year if it makes $25 million in net profit that year.
"Up to:

1 Java Game (2-D or 3-D to be mutually agreed provided that if the parties are unable to reach an agreement, Licensee's decision will prevail)

1 Java Application ('Screensaver') where feasible

5 MMS

10 Wallpapers

5 Voicetones, if talent agreements so allow","You can make up to 1 Java game, 1 screensaver, 5 text messages, 10 wallpapers, and 5 ringtones using this license, as long as talent agreements allow it."
"ExxonMobil grants FCE a worldwide, non-exclusive, royalty- free, non-sub-licensable (except as set forth herein), perpetual, irrevocable (except as stated in Paragraphs 12.03 (Failure to Perform), 12.04 (Other Termination), and 12.05 (Bankruptcy)), non- transferable (except pursuant to Article 14 (Assignment)) right and license to practice ExxonMobil Background Information and ExxonMobil Background Patents for Generation 1 Technology in any applications outside of Carbon Capture Applications.","ExxonMobil is giving FCE permission to use their technology and patents worldwide for free, but only for Generation 1 Technology and not for carbon capture uses."
"This Agreement shall commence on the Effective Date and, subject to earlier termination in accordance with the provisions of Section 16, shall continue in force for a period being the longer of fifteen (15) years from first Commercial Launch of the Product in the Territory or until  the expiration of the last valid claim in the PPI Patents covering the Product in any country of the Territory (the ""Initial Term"").","This agreement starts on the effective date and lasts for either 15 years from when the product first sells in the territory or until the patent protection expires, whichever is longer."
"EXCEPT FOR LIABILITY ARISING UNDER SECTIONS 2.7, 8, 10 AND 12.3 OF THIS          AGREEMENT, IN NO EVENT SHALL EITHER PARTY'S LIABILITY ARISING OUT OF OR          RELATED TO THIS AGREEMENT OR THE USE OR PERFORMANCE OF THE SOFTWARE          EXCEED THE TOTAL AMOUNT ACTUALLY PAID BY CORIO HEREUNDER FOR THE          TRANSACTION WHICH THE LIABILITY RELATES TO DURING THE TWELVE (12)          MONTHS IMMEDIATELY PRIOR TO THE CAUSE OF","except in certain situations, neither company can be held responsible for damages worth more than what was paid for the service in the previous 12 months."
"PaperExchange hereby grants VerticalNet a non-exclusive, non-transferable, royalty-free, right and license to link to the PaperExchange Site through a PaperExchange Link.","PaperExchange lets VerticalNet create links to their website for free, but VerticalNet can't transfer this right to anyone else or charge money for it."
"VerticalNet hereby grants to PaperExchange a non-exclusive, non-transferable license to use, reproduce, display and transmit the VerticalNet Content, solely in connection with the development, maintenance and operation of the PaperExchange Site, subject to and in accordance with the terms, conditions and provisions of this Agreement.","VerticalNet lets PaperExchange use their content only to run the PaperExchange website, and PaperExchange can't share this permission with anyone else or use it for other purposes."
"Subject to the terms of this Agreement (including, without limitation, Sections 2.3, 2.4, 2.6 and 5 below), PFHOF hereby grants to the Village Media Company a worldwide, non-exclusive, limited, non-sublicenseable and non-assignable (except to the extent set forth in this Agreement) right and license to (a) Exploit the PFHOF Works and (b) edit, supplement or otherwise adapt, incorporate or otherwise utilize, the PFHOF Works to create, produce and Exploit new, original work(s) (each such work in this clause (b), a ""HOFV Work"").","PFHOF gives Village Media Company permission to use and edit PFHOF's works worldwide, and to create new works based on them, but Village Media cannot share this permission with others or transfer it to someone else."
"VerticalNet hereby grants to PaperExchange a non-exclusive, non-transferable license to use, reproduce, display and transmit the VerticalNet Content, solely in connection with the development, maintenance and operation of the PaperExchange Site, subject to and in accordance with the terms, conditions and provisions of this Agreement.","VerticalNet lets PaperExchange use their content only to run the PaperExchange website, and PaperExchange can't share this permission with anyone else or use it for other purposes."
"(b) directly or indirectly oppose, or assist any Third Party to oppose, in any court proceeding, the grant of any patent or patent application within the MacroGenics Licensed Patents, or, in any court proceeding, dispute or directly or indirectly assist any Third Party to dispute, the validity of any patent within the MacroGenics Licensed Patents or any of the claims thereof; or

(c) bring any claim or proceedings of whatever nature in relation to the MacroGenics Licensed Patents against MacroGenics and/or any of MacroGenics' Affiliates (or in respect of the foregoing their directors and officers) in respect of any activities carried out by them under any MacroGenics Licensed Patents which may be the subject of a Valid Claim of the MacroGenics Licensed Patents.","you can't challenge or help others challenge MacroGenics' patents in court, and you can't sue MacroGenics over how they use their own patents."
"ANY SUBSTITUTE GOODS OR SERVICES. THE AGGREGATE LIABILITY OF SUPPLIER UNDER, OR IN CONNECTION WITH, THIS AGREEMENT SHALL BE EQUAL TO THE LESSER OF: (i) ***; AND (ii) ***.",The supplier's total responsibility for damages is limited to the smaller of two amounts (the specific amounts are redacted in this text).
"Should there be a Change of Control of either Party resulting in the control of such Party by a Third Party which  markets or sells a Competing Product in any part of the Territory, then the rights under this Agreement may not be assigned without the  express consent of the other Party which consent shall not be unreasonably withheld. ""Change of Control"" shall mean (a) the sale, lease,  exchange, license or disposition of all or substantially all of the Party's assets in one transaction or series of related transactions or (b) a  merger or consolidation with an unaffiliated Third Party as a result of which the holders of the Party's issued and outstanding voting  securities immediately before such transaction own or control less than a majority of the voting securities of the continuing or surviving  entity immediately after such transaction.","if either party gets bought by or merges with a company that sells competing products, the other party must approve the deal before rights can be transferred, and they can't unreasonably refuse."
"7.2.3. as soon as practicable, but in any event within thirty (30) days of the end of each month, an unaudited income statement for such month, and an unaudited balance sheet as of the end of such month, all prepared in accordance with GAAP (except that such financial statements may (i) be subject to normal year-end audit adjustments and (ii) not contain all notes thereto that may be required in accordance with GAAP); 7.2.4. as soon as practicable, but in any event within forty five (45) days after the end of each quarter of each fiscal year of Qualigen, a progress report setting forth Qualigen's business results and progress against the Development Plan; and 7.2.5. as soon as practicable, but in any event no later than sixty (60) days before the end of each fiscal year, a budget and business plan for the next fiscal year, prepared on a monthly basis, including balance sheets and income statements.","the company must provide monthly financial statements within 30 days, quarterly progress reports within 45 days, and yearly budgets and plans within 60 days before the fiscal year ends."
"MacroGenics and Green Cross shall jointly own all data, results and inventions, whether patentable or not, conceived or reduced to practice by MacroGenics and Green Cross jointly (""Jointly Owned IP""), together with all intellectual property rights therein, with each Party owning an undivided half interest and the right to exploit without the duty of accounting or seeking consent from the other Party to the extent to be permitted under Applicable Laws and Regulations.","MacroGenics and Green Cross each own half of any inventions or data they create together, and each can use them without asking the other's permission or sharing profits."
Licensee fails to reach the Market Penetration Targets Fox shall in its sole discretion have the right to terminate Licensee's exclusivity under this Agreement.,"If you don't reach the sales targets agreed upon, Fox can take away your exclusive rights to sell their products."
"The Auditing Party shall give reasonable advance written notice to the Audited Party, and each audit shall be conducted during normal business hours and in a manner that does not cause unreasonable disruption to the conduct of business by the Audited Party.",The auditing party must give advance notice and conduct audits during business hours without causing unreasonable disruption to the other party's business.
pursuant to a Purchase Order at least the amount of Product set forth in the Firm Order for such Product in the applicable calendar month.,You must buy at least the amount of product listed in your firm order for each month.
"In the event of termination of this license for any reason, SCIEN shall within 6months (as described in the Termination clause), cease all use of the ""Interferon alfa-n3 (human leukocyte derived)"".","If this license ends, you must stop using the Interferon alfa-n3 product within 6 months."
"This Agreement may not be assigned by any party without the written consent of the other parties, except to a subsidiary or controlled affiliate of such party which succeeds such party's conduct of Covered Businesses.","You can't transfer this agreement to someone else without written permission from the other party, unless you're transferring it to a company you own or control that takes over your business."
"This Agreement will be interpreted, construed and enforced in accordance with the Laws of the State of Washington, without reference to its choice of Laws rules.",This agreement is governed by Washington state law.
"If PFHOF desires to offer a license to any third party or if it receives any bona fide offer from a third party that it is willing to accept, it shall promptly communicate such offer, including the specific terms and business plan relating to such offer, to the Village Media Company and provide the Village Media Company with at least fourteen (14) days to exercise its right of first refusal.","If PFHOF wants to license something to someone else or gets an offer it likes, it must tell Village Media Company about it and give them 14 days to match the offer."
"(c) dispute or deny the validity of any of the Intellectual           Property Rights (including any attempt to register or record the same           in any jurisdiction), (d) do any act or omit to do any act whereby           TouchStar's right, title, and interest in the Intellectual Property           Rights may become invalidated or otherwise adversely affected",You can't challenge the validity of TouchStar's intellectual property rights or do anything that would weaken or harm their ownership of those rights.
"(ii) Notwithstanding anything to the contrary, MacroGenics shall continue to provide Green Cross, for up to ***, the Products (including, without limitation, all MGAH22), at the request of Green Cross in accordance with the terms of Section 6.2;",MacroGenics will keep supplying the products to Green Cross for a certain period if Green Cross asks for them.
"Subject to the terms and conditions of this Agreement, as of the Distribution Date, Nuance hereby grants to SpinCo and the members of the SpinCo Group a worldwide, non-exclusive, fully paid-up, perpetual and irrevocable, transferable (subject to ARTICLE VIII), sublicensable (subject to Section 3.01(g)) license to install, access, use, reproduce, perform, display, modify (including the right to create improvements and derivative works), further develop, sell, manufacture, distribute and market products and services based on, using or incorporating the Nuance Shared Technology Assets within the SpinCo Field of Use, together with natural extensions and evolutions thereof.","Nuance is giving SpinCo a permanent, worldwide license to use, modify, and sell products based on Nuance's technology within SpinCo's business areas, and SpinCo can transfer or sublicense this right to others."
"In the event Network decides to offer any new television programming channels (the ""New Channels""), then Affiliate shall have ninety (90) calendar days from Affiliate's receipt of Network's comprehensive business plan for such New Channels to determine whether Affiliate desires to enter into an agreement with respect to the New Channels.","If the network creates new TV channels, you have 90 days after receiving their business plan to decide if you want to carry them."
This Agreement and the rights and obligations of the parties hereto shall       be construed in accordance with the substantive laws of the State of New       York.,This agreement is governed by the laws of New York State.
"This Agreement shall be governed by and construed in accordance with the laws of the State of New York, without application of conflict of laws principles.",This agreement is governed by New York state law.
"Network hereby grants Affiliate during the Term a royalty-free, fully paid up, non-transferable, non-exclusive license to use the Marks (as defined in Section 8(e)) in any advertising and promotional materials undertaken in connection with Affiliate's transmission of the Service, provided that such use complies with the terms and conditions of Section 8(e).","The network gives you permission to use their brand name and logos in ads and promotions for free, but only if you follow their rules about how to use them."
"During the Term, and for a period of one year           following the termination or expiration of this Agreement, Reseller           will not, directly or indirectly, make an offer of employment to any           current employee of TouchStar or otherwise encourage or solicit any           current employee of TouchStar to leave the employ of TouchStar for any           reason, or to devote less than all of such employee's efforts to the           affairs of TouchStar, without (a) the prior written agreement of           TouchStar, which TouchStar may grant in its sole discretion, and (b)           the payment by Reseller to TouchStar of a mutually agreeable severance           fee.","For one year after this agreement ends, you can't hire TouchStar's employees or try to get them to leave or work less for TouchStar without TouchStar's written permission and paying them a fee."
"Subject to          Corio's payment of the Software revenue sharing fees as set forth in          EXHIBIT B hereto and the Software Support and Maintenance fee as          provided in Section 2.5 of this Agreement, Changepoint's Software          Support and Maintenance obligation shall continue after termination or          expiration of this Agreement with respect to all Software Users granted          access to the Software prior to termination or expiration of this          Agreement for the remaining duration of each such Software Users'          rights to use the Software pursuant to agreements between Corio and its          Customers.","Changepoint will continue providing software support and maintenance after this agreement ends, as long as Corio pays the fees and for any users who had access before the agreement ended."
"Unless otherwise provided in the applicable Facility Addendum, this Agreement (a) shall commence on the Effective Date and shall continue for a period of four (4) years from such date (the ""Initial Term"" of this Agreement), unless sooner terminated pursuant to Section 7.3, 7.4, 7.5, 7.6 or 7.7, and (b) may be extended for up to three (3) additional periods of twelve (12) months (each, an ""Extension Period"") by written notice given by Customer to Manufacturer not less than twelve (12) months prior to the expiration of the Initial Term or the applicable Extension Period, as the case may be.","This agreement lasts for four years from the start date, and you can extend it for up to three more one-year periods if you give written notice at least 12 months before it expires."
"The Agreement is not assignable, including any assignment by operation of law (including but not limited to as a result of a merger or other corporate action), by either Party without the prior written consent of the other Party.",You can't transfer this agreement to someone else or to another company without getting written permission first.
The developer will fix any bugs that may come up from the original contract after the 90 days warranty has passed.,The developer will fix bugs for free even after the 90-day warranty period ends.
Sekisui shall be named as an additional insured with respect to the Insurance.,Sekisui will be added as an additional insured on the insurance policy.
"After the initial period of two years, the maintenance and support       contract shall be automatically renewed for a period of one year on each       renewal date, unless one of the parties terminates the maintenance and       support contract through written notification to the other party in the       form of a registered letter with proof of receipt, at least six (6) weeks       prior to the renewal date.","After two years, the contract automatically renews for one year at a time unless either side sends a registered letter ending it at least six weeks before the renewal date."
(iii) Induce any person to leave his or her employment with Franchisee or Franchisor.,You can't try to get someone to quit their job at the franchise or the company that owns it.
"ExxonMobil grants FCE a worldwide, non-exclusive, royalty-free, perpetual, irrevocable (except as stated in Paragraphs 12.03 (Failure to Perform), 12.04 (Other Termination), and 12.05 (Bankruptcy)), sub-licensable, non-transferable (except pursuant to Article 14 (Assignment)), right and license to practice Program Results solely for Power Applications and Hydrogen Applications.","ExxonMobil gives FCE permission to use the program results worldwide for power and hydrogen applications, and this permission lasts forever and doesn't require royalty payments."
"Fox grants to Licensee a limited, exclusive (except as otherwise may be provided in this Agreement), non-transferable (except as permitted in Paragraph 17(d)) right and license to use, make, have made (as set forth in Paragraph 1(a)(i) below), reproduce, modify, and create derivative works of","Fox gives you a limited right to use and modify the licensed material, but you can't transfer this right to someone else and Fox can still use it in other ways."
"Notwithstanding Section 2.4(e)(i), Customer acknowledges and agrees that (A) each Purchase Order Customer places hereunder for Product that is either API or Bulk Drug Product shall be equal to, or a whole multiple of, the Batch Size for such applicable Product as set forth in the applicable Facility Addendum and (B) each Purchase Order that Customer places hereunder for Product that is Finished Product shall be equal to or greater than the Minimum Order Quantity for such applicable Product as set forth in the applicable Facility Addendum; provided that, where Customer places Purchase Orders under (B) above that exceed the applicable Minimum Order Quantity, Customer shall","You must order products in specific amounts: API or bulk drugs must be in exact batch sizes, and finished products must meet minimum order quantities listed in the facility agreement."
Distributor shall pay WGT fifty percent (50%) of the unpaid      balance of cumulative Guaranteed Minimum Purchase amounts as liquidated      damages.,"If the distributor doesn't pay what they promised to buy, they have to pay WGT half of the unpaid amount as a penalty."
"With regard to the Molecular Information Platform Program, Roche shall have the right to terminate without cause either or both of the Sample Profiling or Molecular Information Database Access activities individually.",Roche can end either or both parts of the Molecular Information Platform Program at any time without giving a reason.
The term of the CDx Development Program shall be five (5) years.,The program lasts for five years.
"The term of the Franchise shall be twenty (20) years, commencing on January 1, 2016.","The franchise lasts for 20 years starting on January 1, 2016."
"For clarity and notwithstanding anything contained herein, nothing in this Section 2.1(e)(i) (A) is intended to be inconsistent with Section 2.4(e)(i) or to otherwise indicate that Customer is subject to any requirement to purchase Product under this Agreement or (B) is intended to prevent Customer from qualifying a back-up supplier for any Product during the Exclusivity Period","You're not required to buy products under this agreement, and you can still find a backup supplier during the exclusivity period."
"To provide a minimum of seven thousand (7000) acres for the Primary Project to be identified by each individual lot, including size, and its placement in the annual rotation as per SCHEDULE A.","The company must provide at least 7,000 acres of land for the main project, with each piece of land identified by size and when it will be used each year."
"Rogers shall pay to Licensor a fee (the ""License Fee""), which shall be equal to fifty (50)% of Retail Revenues.",Rogers has to pay the licensor 50% of the money made from retail sales.
"The Parties shall then negotiate in good faith an agreement to exclusively license the particular PFHOF Work. If the Parties reach an agreement within thirty (30) days, then the applicable license shall be subject to the terms and conditions of this Agreement and the Village Media Company shall pay to PFHOF a License Fee for such license in accordance with this Agreement. If the Parties cannot reach an agreement within thirty (30) days, then PFHOF shall have the right to exploit or license the PFHOF Work itself.","If the parties can't agree on an exclusive license within 30 days, PFHOF can use or license the work themselves instead of giving it to Village Media Company."
"Subject to the General Terms and Conditions of Transporter's                   FERC Gas Tariff and Rate Schedule FTS/ITS, this Agreement                   shall be effective as of the date of physical completion of                   and initial deliveries on Transporter's pipeline and shall                   continue for a primary term of ten years.","This agreement starts when the pipeline is built and deliveries begin, and lasts for 10 years."
"(C) avoid making disparaging, false or misleading statements or representations with regard to Fox, the Property or the Wireless Products,","You can't make false or mean statements about Fox, the property, or the wireless products."
"A minimum of [REDACTED AMOUNT] in mutually agreed upon EME financing will be contracted for by the Parties, with a minimum of [REDACTED AMOUNT] of such aggregate amount to be contracted for in each of [REDACTED AMOUNT] and [REDACTED AMOUNT].","The parties agree to contract for a minimum amount of financing, with specific minimum amounts required in certain periods, but the exact dollar amounts are redacted."
The distribution will be based on NVOS audited review and will be made within three months of annual considerations on the basis of a seventy percent (70%) of net profit to NVOS and thirty percent (30%) of net profit to HGF.,"NVOS will review profits once a year and distribute them within three months, giving 70% to NVOS and 30% to HGF."
"All insurance carriers shall have a minimum of ""A-"" A.M. Best rating.","Insurance companies must have at least an ""A-"" rating from A.M. Best, which measures their financial strength."
"Notwithstanding anything to the contrary, in no event shall the restrictions set forth in this Section 2.3.2 apply to [REDACTED].",I can't summarize this because the key part is redacted and I don't know what it says.
"Licensee acknowledges that Fox is the owner of all right, title and interest in and to the PSM and the Properties, and further acknowledges the great value of the goodwill associated with the PSM and the Properties and that the PSM and the Properties have acquired secondary meaning in the mind of the public and that the trademarks and copyrights included in the PSM and the Properties, and the registrations thereof, are valid and subsisting, and further agrees that it shall not during the Term of this Agreement or at any time thereafter dispute or contest directly or indirectly, or do or cause to be done any act which in any way contests, impairs or tends to impair Fox's","Fox owns all rights to the materials and trademarks you're licensed to use, and you agree never to challenge Fox's ownership of them during or after this agreement."
"If programming errors or other defects are discovered during the Support Period, the Developer shall promptly remedy those errors or defects at its own expense.","If bugs or problems are found during the support period, the developer has to fix them for free and quickly."
"Customer acknowledges and agrees that, as between the Parties, all Improvements and Developments made by or on behalf of Manufacturer in the conduct of activities under this Agreement or a Facility Addendum other than Customer-Owned Improvements and Developments (such Improvements and Developments, collectively, ""Manufacturer-Owned Improvements and Developments"") shall be the exclusive property of Manufacturer, and Manufacturer shall own all rights, title and interest in and to such Manufacturer- Owned Improvements and Developments.","anything the manufacturer creates or improves while working under this agreement belongs to the manufacturer, except for things the customer specifically owns."
"In the event of termination or expiration of this Agreement or Licensee's loss of exclusive rights under this Agreement, Fox shall be free to create and exploit, or have a third party create or exploit, wireless products which may be similar to those developed and distributed by Licensee pursuant to this Agreement for the Properties.","If this agreement ends or you lose your exclusive rights, Fox can create or have someone else create similar wireless products for these properties."
"Subject to the terms and conditions of this Agreement, HEMISPHERX agrees to exclusively supply Product to SCIEN in the Territory with a minimum expiry of 6 months from the date of shipment.","Hemispherx will be the only supplier of the product to Scien in the agreed territory, and the product must stay good for at least 6 months from when it's shipped."
"Subject to the terms and conditions of this          Agreement, Changepoint hereby grants to Corio a fee-bearing,          irrevocable, nonexclusive, nontransferable (except in accordance with          Section 14.1 of this Agreement) license in the Territory to (i)          reproduce the Software in machine executable object code format only          for installation on the Corio Servers; (ii) install multiple copies of          the Software on Corio's Servers which will be made remotely accessible          to Corio's Customers for their internal business purposes, (iii) permit          limited access to and use of the Software by Customers through Corio          Servers solely for such Customer's internal business purposes; (iv)          sublicense an unlimited number of Customers to access and use the          Software only through the installation on Corio Servers solely for such          Customer's internal business purposes; and (v) use Changepoint's tools          and utilities, if any, subject to any restrictions placed on the          Changepoint by third party software providers and payment of any          applicable fees required by such third parties, to configure, integrate          and manage the Software.","Corio can install and run the software on their servers and let their customers access it remotely for business use, but cannot transfer this license to anyone else without permission."
"To the extent such work may not be deemed a ""work for hire"" under applicable law, the Developer hereby assigns to the Client all of its right, title, and interest in and to such work.","any work you create for the client becomes theirs to own, even if it's not technically considered a ""work for hire"" under the law."
"Products. Any failure of Endorser to disclose such conflicting interests, or any breach of this Section, shall be deemed a material breach of the Agreement.","If you don't tell people about conflicts of interest or break the rules about disclosing them, that's considered a serious violation of this agreement."
"For Program Patents, if one or more employees or other representatives of FCE are determined to be inventors, then FCE will:

(i) cause its employees, contractors, and consultants to render reasonable and timely assistance to ExxonMobil and its attorneys or agents;

(ii) assign, and will cause its and its Affiliates' employees, contractors, and consultants to assign, its right, title, and interest in and to such Program Patent to ExxonMobil for filing; and

(iii) cause its and its Affiliate employees, contractors, and consultants, to execute any documents as may be required to effect such assignments, or file, prosecute, and maintain any patent applications or patents that are based on, derived from, or protect such Program Patent.","If FCE's employees invent something under this program, FCE must help ExxonMobil get the patent and will hand over all rights to the invention to ExxonMobil."
"In addition, PPI shall  during the remainder of the Term and for a period of up to [REDACTED DURATION] ([REDACTED DURATION]) years thereafter continue to manufacture and supply the Product to  EKR at cost without mark-up until such time that EKR can secure an FDA approved manufacturing facility for the Product","PPI will continue making and selling the product to EKR at cost (with no profit) for a set number of years after the contract ends, until EKR finds an FDA-approved manufacturer."
"If and when any such consent, substitution, approval, amendment or release shall be obtained or the Unreleased SpinCo IP Liabilities shall otherwise become assignable or able to be novated, Parent shall promptly assign, or cause to be assigned, and SpinCo or the applicable SpinCo Group member shall assume, such Unreleased SpinCo IP Liabilities without exchange of further consideration.","if the company gets permission to transfer certain intellectual property debts, it will assign them to SpinCo without any additional payment needed."
"If the Village Media Company does not exercise its right of first refusal, PFHOF shall have the right to grant a license with respect to such third party on the same terms originally provided to the Village Media Company.","If Village Media Company doesn't take the opportunity to license something, PFHOF can offer it to someone else on the same terms."
"Reseller acknowledges that meeting the Quotas is an           essential element of this Agreement and that this Agreement may be           terminated by TouchStar if, in TouchStar's reasonable opinion,           Reseller will not meet the Quotas during the Term or any extension           thereof.",TouchStar can end this agreement if they think you won't meet your sales targets during the contract period.
"In the event that (i) TouchStar elects not to enter into a new                 agreement with Reseller pursuant to Section 8.2 or (ii) Reseller                 terminates this Agreement in accordance with the provisions of                 Section 8.3, Reseller shall retain all Customer Agreements with                 Customers and TouchStar shall continue to provide Support                 Services under such Customer Agreements for the remaining term                 of such Customer Agreements.","if touchstar or the reseller ends their agreement, the reseller keeps all customer contracts and touchstar will continue providing support services for those customers until their contracts end."
"Subject to the terms and conditions of this          Agreement, Changepoint hereby grants to Corio a fee-bearing,          irrevocable, nonexclusive, nontransferable (except in accordance with          Section 14.1 of this Agreement) license in the Territory to (i)          reproduce the Software in machine executable object code format only          for installation on the Corio Servers; (ii) install multiple copies of          the Software on Corio's Servers which will be made remotely accessible          to Corio's Customers for their internal business purposes, (iii) permit          limited access to and use of the Software by Customers through Corio          Servers solely for such Customer's internal business purposes; (iv)          sublicense an unlimited number of Customers to access and use the          Software only through the installation on Corio Servers solely for such          Customer's internal business purposes; and (v) use Changepoint's tools          and utilities, if any, subject to any restrictions placed on the          Changepoint by third party software providers and payment of any          applicable fees required by such third parties, to configure, integrate          and manage the Software.","Corio can install and run the software on their servers and let their customers access it remotely for business use, but cannot transfer this license to anyone else without permission."
"***** in the aggregate pursuant to this Section 7.4  [Revenue Sharing], the percentage of PaperExchange Revenue that PaperExchange shall pay to VerticalNet for the remainder of such calendar year shall be reduced to *****.","The specific payment percentage that PaperExchange owes VerticalNet can be reduced for the rest of the year under certain conditions, but the exact amounts are redacted in this document."
"In the event this Agreement is terminated by either Party for any reason whatsoever, HEMISPHERX agrees to reasonable efforts to make Product available to SCIEN for a period of three (3) months after the termination date at the same Transfer Price and under the same terms of payment.","If the agreement ends for any reason, HEMISPHERX will try to keep selling the product to SCIEN for 3 more months at the same price and payment terms."
"Following the Initial Term, either Party may terminate this Agreement without cause upon written notice to the other Party of at least 3 months.","After the first contract period ends, either side can end the agreement by giving the other side 3 months written notice."
"In the event that (a) TouchStar terminates this           Agreement in accordance with any one or more of the provisions of           Section 8.2 or (b) Reseller elects not to enter into a new agreement           with TouchStar pursuant to Section 8.1, Reseller shall refer to           TouchStar or TouchStar's designee all inquiries and orders received by           Reseller pertaining to the purchase of Support Services.","If TouchStar ends the agreement or you choose not to renew it, you must send all customer inquiries and orders for support services to TouchStar instead of handling them yourself."
"Qualigen shall provide Sekisui with at least 30 days prior written notice and access to all due diligence materials provided to any potential acquirer, such 30 day period to commence upon the notification to Sekisui that Qualigen's board of directors has approved such Proposed Sale Transaction (as set forth in a term sheet or draft definitive agreement provided to Sekisui), subject to Sekisui's Right of First Refusal.","If Qualigen is planning to sell the company, they must tell Sekisui at least 30 days in advance and give them the chance to buy it first before anyone else can."
"This Agreement and all Actions (whether in contract or tort) that may be based upon, arise out of or relate to this Agreement or the negotiation, execution or performance hereof or thereof shall be governed by and construed in accordance with the Law of the State of Delaware, without regard to any Laws or principles thereof that would result in the application of the Laws of any other jurisdiction.","any disputes about this agreement will be handled according to Delaware law, no matter where you live."
"Upon the occurrence of any of the following, WGT may      terminate the Term by giving Distributor written notice of such termination      for:","I need the actual text of what follows ""for:"" to summarize this clause. The text you provided is incomplete. Could you share the full list of termination conditions?"
MSL will warrant its workmanship for [REDACTED DURATION] months unless other                   stated in the applicable Product Attachment.,"MSL guarantees its work quality for a certain number of months, unless the product details say otherwise."
"Each Party agrees that during the term of this Agreement and for a period of twelve (12) consecutive months thereafter they shall not, directly, solicit, engage, compensate, induce in any way or hire for employment or other representation, any officer, employee, consultant or other representative employed or retained by the other Party or assist any other person or entity to do any of the foregoing.","For 12 months after this agreement ends, neither side can hire or try to hire the other side's employees, officers, or consultants, or help anyone else do so."
"At Rogers' option, this Agreement shall renew for a subsequent term of two (2) years on the terms and conditions herein (the ""Renewal Term"").",Rogers can choose to renew this agreement for another two years under the same terms.
"Roche shall exclusively own all information, results, and intellectual property from Advanced Genomic Analyses performed on Roche samples (""Roche-Owned Advanced Genomic Analysis Results""), and any inventions arising from the Roche-Owned Advanced Genomic Analysis Results, and FMI will assign all rights to any such inventions to Roche (except for FMI Improvements).","Roche owns all the results and inventions from genetic tests done on their samples, and Foundation Medicine will give Roche the rights to those inventions, except for improvements Foundation Medicine makes."
"At any time during a renewed term, this Agreement may be terminated by any party on six (6) months prior notice that it wishes to terminate the Agreement.",Either side can end this agreement by giving the other side six months' notice.
"The Village Media Company shall not, and shall cause its Affiliates and their respective permitted sublicensees not to, whether during the Term or thereafter, challenge (a) the rights of PFHOF in and to any PFHOF Work, (b) the validity of any PFHOF Work, (c) PFHOF's right to grant rights or licenses relating to the PFHOF Works or (d) the validity, legality, or enforceability of this Agreement.","Village Media Company and its partners agree they won't challenge Pro Football Hall of Fame's ownership of their content or their right to license it, both during and after this agreement ends."
"The licenses granted in Sections 3.01(a), (b) and (c) to the SpinCo Group include the right to grant sublicenses within the scope of such licenses only to members of the SpinCo Group and, without any further right to sublicense, to their respective (i) contractors, distributors, manufacturers and resellers, in each case solely for the benefit of the SpinCo Business, and (ii) end users and customers, in each case solely in connection with the use of products and services of the SpinCo Business.","SpinCo can sublicense the granted rights only to its own group members and their contractors, distributors, manufacturers, resellers, and customers, but only for SpinCo's business purposes."
Green Cross shall pay to MacroGenics a royalty of *** on Net Sales of Competing Products for the Royalty Term.,Green Cross must pay MacroGenics a royalty on sales of competing products during the agreement period.
"During the Term, PPI and its Affiliates shall not: (i) file for Marketing Authorization with respect to any Competing Product in  any country in the Territory, (ii) manufacture or have manufactured any Competing Product in any country in the Territory, (iii) market or  have marketed any Competing Product in any country in the Territory or (iv) license any Third Party to do any of the foregoing.","During the agreement, PPI and its related companies cannot file for approval, make, sell, or let others make or sell competing products in the specified territories."
"Thereafter, this Agreement shall automatically be renewed for successive 1-year terms (each a ""Renewal Term"", and together with the Initial Term, the ""Term"").",Your agreement automatically renews for one year at a time after the initial period ends.
"SutroVax agrees to purchase all its requirements of Extract from Sutro in accordance with this Agreement, except to the extent SutroVax is allowed to purchase Extract from (a) Alternate Suppliers engaged by Sutro in accordance with Section 2.15 of this Agreement; (b) a CMO engaged or established and authorized by Sutro under Section 3.l(d) of the License Agreement; or (c) a CMO authorized by Sutro under Section 3.l(e) of the License Agreement. Manufacturing of Extracts in breach of this Section 2.20 shall be deemed a material breach of this Agreement and the License Agreement by SutroVax.","SutroVax must buy all its Extract from Sutro, except from approved alternate suppliers or manufacturers that Sutro authorizes. buying Extract from anywhere else is a serious violation of the agreement."
"Subject to the terms and conditions of this Agreement, as of the Distribution Date, SpinCo hereby grants to Nuance and the members of the Nuance Group a worldwide, non-exclusive, fully paid-up, perpetual and irrevocable, transferable (subject to ARTICLE VIII), sublicensable (subject to Section 4.01(g)) license under the SpinCo Patents, solely to the extent that claims of the SpinCo Patents cover products or services of the Nuance Business in the Nuance Field of Use, together with natural extensions and evolutions thereof, in each case to make, have made use, sell, offer for sale, import and otherwise exploit such products and services, together with natural extensions and evolutions thereof.","SpinCo gives Nuance a permanent, worldwide license to use SpinCo's patents for Nuance's business and can make, sell, and use products covered by those patents."
WGT giving Distributor ninety (90) days' advance written notice of      termination at any time after the expiration of the Initial Term.,WGT can end the agreement with the Distributor anytime after the initial term by giving 90 days' written notice.
"This Agreement will automatically renew at the end of the Initial Term or a subsequent renewal term on a year to year basis (each, a ""Renewal Term""), unless either party notifies the other at least 30 days prior to the end of the Initial Term or then current Renewal Term, as applicable, of its intention not to renew this Agreement.",The agreement automatically renews every year unless either party tells the other at least 30 days before it ends that they don't want to renew.
Fox has not granted and will not grant any exclusive distribution rights with respect to the Wireless Products to VGSL or any other party,Fox is not giving VGSL or anyone else exclusive rights to distribute the wireless products.
"During the term of this Agreement, if MSL decides to sell a substantial       portion of its assets or operations outside the ordinary course of its       business, or to merge or transfer ownership of MSL to a third Party, MSL       will immediately notify IBM.","If the company sells most of its assets, merges with another company, or changes ownership, it must tell IBM right away."
"Licensee further agrees to execute one or more copyright assignments at Fox's request, or any other subsequent document as further evidence of this assignment, and to cooperate with Fox in perfecting the assignment of any rights to the Fox Intellectual Property, and hereby appoints Fox as its attorney-in-fact to execute any documents required in connection with such assignment.","You agree to sign documents transferring your copyright to Fox and to help Fox perfect those rights, and you're giving Fox permission to sign documents on your behalf if needed."
"The Developer expressly acknowledges and agrees that any all proprietary materials prepared by the Developer under this Agreement shall be considered ""works for hire"" and the exclusive property of the Client unless otherwise specified.","anything you create as a developer under this agreement belongs to the client, not you, unless you agree otherwise in writing."
"The Developer shall not develop, maintain or market a similar platform and will not compete with the Client directly or indirectly worldwide.",The developer can't create or promote a competing platform anywhere in the world.
"for this purpose, except as required in infrequent and exceptional circumstances resulting from a Station's carriage of the primary television network with which such Station is affiliated with regard to its Primary Feed (e.g., ABC, CBS, NBC and Fox).","TV stations don't have to follow this rule if they're showing their main network's primary feed, like ABC, CBS, NBC, or Fox."
"Roche hereby grants to FMI a non-exclusive, royalty-free, worldwide and perpetual license, sublicensable to FMI's Affiliates, under any intellectual property rights arising directly from the Sample Results, or the correlation of the Sample Results to patient data (""Biomarker IP"") (i) to the extent such Biomarker IP becomes publicly known, for internal research purposes, (ii) to the extent such Biomarker IP becomes publicly known, to develop, make, have made, use, offer for sale, sell, import, and commercialize FMI's Products and Services relating to genomic analysis, and (iii) […***…].","Roche gives FMI a free, permanent license to use certain research findings from samples, but only for internal research and to develop FMI's genomic analysis products and services."
VOTOCAST expressly reserves the right to change its rates charged hereunder for the Services during any Renewal Term (as detined herein) but agrees that rates may not increase by more than ten percent (10%) during any Renewal Term.,"Votocast can raise prices during a renewal period, but the increase can't be more than 10%."
"Such agreement shall prohibit any further sublicensing or transfer of rights by the Permitted Party, or, in the case of a sale or transfer of a Parent business, the transferee, or any use of the Licensed SpinCo IP outside the scope of the license granted to Parent herein.",the person who gets the license can't give it to anyone else or use it in ways not allowed in the original agreement.
"To the extent that Reseller or any Other Reseller is deemed to                 be the owner of all or any portion of the TouchStar Software,                 any Intellectual Property Rights of TouchStar or any Ancillary                 Software, or any improvements or intellectual property rights                 related thereto pursuant to applicable law, Reseller (i) hereby                 assigns exclusively to TouchStar all rights of Reseller in and                 to such Software and any improvements and intellectual property                 rights related thereto royalty-free and exclusively and (ii)                 shall include in any Other Reseller Agreement provision by which                 any Other Reseller grants to TouchStar an exclusive, perpetual,                 irrevocable, royalty-free assignment of all deemed rights of                 such Other Reseller in and to such TouchStar Software, Ancillary                 Software and Intellectual Property Rights.","if you're considered the owner of the TouchStar software or any improvements to it, you must give all those rights to TouchStar for free and make sure any other resellers do the same."
"During the Term and for a period of four years after the termination of this Agreement, VerticalNet shall not, directly or indirectly, by itself, through its Affiliates or through any type of joint venture or similar affiliation with a third party, without prior written approval from PaperExchange, buy, sell or trade (a) paper pulp products through exchanges, auctions, or reverse auctions or any other e-commerce medium, (b) paper (other than finished paper-based products, including, but not limited to, books, stamps and labels) and copy paper (i) through exchanges, auctions or reverse auctions or (ii) in quantities greater than one ton through any e-commerce medium, (c) raw materials used to make paper packaging, including, but not limited to, linerboard, medium, other containerboard grades and corrugated sheet through exchanges, auctions, reverse auctions or any other e-commerce medium, or (d) paper rolls and reels weighing more than 50 pounds used by printers through exchanges, auctions, reverse auctions or any other e-commerce medium; provided, however, that this Section 5.8.1  [Non-Competition] shall not apply to advertisements, Storefronts or similar features on VerticalNet's Sites.","VerticalNet can't buy, sell, or trade certain paper products online for four years after this agreement ends without PaperExchange's permission, but this doesn't apply to ads or storefronts on VerticalNet's websites."
NVOS and HGF may renew the Agreement within two (2) years of the expiry of the initial term upon mutual understanding.,Both NVOS and HGF can agree to renew the agreement within two years after it expires.
Nothing in this Agreement shall require Manufacturer to provide more than 75 hours per calendar year per Product in connection with any Technical Support.,The manufacturer only has to provide up to 75 hours of technical support per year for each product.
"Notwithstanding the foregoing or anything else contained herein, this Agreement shall not prevent or shall in any manner restrict Endorser from advertising, marketing and or endorsing products (or other companies which manufacture such products) which incidentally contain dietary supplements (including without limitation protein, vitamins, minerals, amino acids, herbs, legal performance enhancing substances) provided the primary purpose of such product or company is not to sell or market a dietary supplement.",You can advertise or endorse products that happen to contain dietary supplements as long as selling dietary supplements isn't the main purpose of the product or company.
"On the Effective Date, PPI has transferred the Domain Names to EKR for use in connection with the exercise of  the Distribution Rights.",PPI gave the domain names to EKR so EKR can use them for distributing products or services.
"the PSM in each Property, solely for the purpose of developing the wireless applications specifically set forth for each of the Properties on Exhibits B through M attached hereto (""Wireless Products""), some of which Wireless Products are defined in the Glossary attached hereto as Exhibit N",The property manager can only use the wireless system to develop the specific wireless products listed in the attached exhibits for each property.
"IBM assumes and will assume ownership and MSL assigns and will assign all       intellectual and industrial property rights for hardware, software, design       and documentation of all Products delivered under this Agreement

      IBM will also own and MSL will assign any invention made by MSL on       Products, and on any invention related to IBM processes and systems that       MSL makes while MSL uses those processes and systems in the performance of       this Agreement provided that nothing herein shall restrict MSL's right to       use such inventions in the performance of its obligations hereunder.","IBM owns all the technology, designs, and documents for products delivered under this agreement. IBM also owns any inventions MSL makes while working on these products, but MSL can still use those inventions to do its job."
"This license expressly prohibits any pass-through rights or the use of the HOF Entity Marks by any third party, except (x) to Constellation's subsidiaries and brands for use in a manner consistent with clauses (i) through (iii) hereof or (y) with the express written consent of the HOF Entities (or the appropriate HOF Entity).","You can't let anyone else use these marks unless they're Constellation's subsidiaries or brands, or unless the HOF Entities give you written permission."
Either Party shall be entitled forthwith to terminate this Agreement by notice to the other if:,"I need the actual text of what follows ""if:"" to summarize the termination conditions. Could you provide the complete clause?"
"Notwithstanding the MDDO at each Point of Delivery,          Shipper shall not nominate a total quantity of natural gas at all          Points of Delivery that exceeds the MDQ set forth in this Agreement.",You can't ship more natural gas total across all delivery points than the maximum daily quantity allowed in your contract.
"TouchStar hereby grants to Reseller, with the additional right                 to grant to Other Resellers who or which enter into an Other                 Reseller Agreement, the nontransferable and nonexclusive right                 and license to use one copy of the TouchStar Software as                 necessary to demonstrate the TouchStar Software to potential                 Customers in the Territory.","TouchStar lets you use their software to show it to potential customers in your area, but you can't transfer this right to anyone else and it's not exclusive to you."
"This license expressly prohibits any pass-through rights or the use of the HOF Entity Marks by any third party, except (x) to Constellation's subsidiaries and brands for use in a manner consistent with clauses (i) through (iii) hereof or (y) with the express written consent of the HOF Entities (or the appropriate HOF Entity).","You can't let anyone else use these marks unless they're Constellation's subsidiaries or brands, or unless the HOF Entities give you written permission."
Such agreement shall prohibit any further transfer of rights by such party or any use of the transferred Intellectual Property outside the scope of the license granted to SpinCo herein.,whoever receives the rights can't transfer them to anyone else or use them in ways beyond what this agreement allows.
"enforcement of any such rights by either Party outside the Territory relating to Jointly Owned Patents shall be first used to reimburse each Party's costs and expenses incurred in connection with such action, and any remainder of such recovery, shall be retained by the Party instituting the action.","if either party sues to enforce a jointly owned patent outside the agreed territory, they keep any money recovered after paying back both parties' legal costs."
Neither party shall voluntarily or by operation of law assign or otherwise transfer the rights and/or obligations incurred pursuant to the terms of this Agreement without the prior written consent of the other party.,Neither you nor the company can transfer your rights or responsibilities under this agreement to someone else without getting written permission from the other side first.
"ACTION FIRST ARISING, EVEN IF IT IS A CONTINUOUS ONE, OR IN THE          AGGREGATE, WITH RESPECT OF ALL CLAIMS ARISING OUT OF OR RELATED TO          THIS AGREEMENT, THE TOTAL AMOUNT ACTUALLY PAID BY CORIO UNDER THIS          AGREEMENT TO CHANGEPOINT.",Corio's total liability for any claims related to this agreement is limited to the amount Corio actually paid to ChangePoint under the agreement.
"This Agreement may be terminated at any time prior to the Effective Time by Parent, in its sole and absolute discretion, without the approval or consent of",Parent can end this agreement anytime before it starts without needing anyone's permission.
"Notwithstanding the forgoing, subject to Section 4.02(b) and ARTICLE VI, members of the Nuance Group may only sublicense the SpinCo Shared Technology Assets pursuant to terms and conditions as protective as those under which it licenses its own Technology of a similar nature and value, and in any event terms and conditions that provide for commercially reasonable protection for the source code, structure and other confidential and proprietary elements of the SpinCo Shared Technology Assets.","Nuance Group members can only share the SpinCo Shared Technology Assets with others under terms that are at least as protective as the terms they use for their own similar technology, and must always protect the source code and confidential information."
"Subject to the terms and conditions of this Agreement, as of the Distribution Date, SpinCo hereby grants to Nuance and the members of the Nuance Group a worldwide, non-exclusive, fully paid-up, perpetual and irrevocable, transferable (subject to ARTICLE VIII), sublicensable (subject to Section 4.01(g)) license to install, access, use, reproduce, perform, display, modify (including the right to create improvements and derivative works), further develop, sell, manufacture, distribute and market products and services based on, using or incorporating the SpinCo Shared Technology Assets within the Nuance Field of Use, together with natural extensions and evolutions thereof.","SpinCo is giving Nuance a permanent, worldwide license to use, modify, and sell products based on SpinCo's technology for Nuance's business purposes, and Nuance can transfer or sublicense this right to others."
"FMI hereby grants to Roche (i) an exclusive, royalty-free, sublicensable, worldwide and perpetual license to any intellectual property rights arising from the ctDNA Development Platform Program that are necessary for Roche to develop, make, have made, use, offer for sale, sell, import and commercialize Roche products other than diagnostic products (including the use, formulation, methods of treatment, clinical data or other data, information or results relating to the Roche therapeutic product) solely for use in connection with such activities and such Roche products and (ii) a non-exclusive, royalty-free, worldwide and perpetual license, with the right to grant sublicenses solely to Roche Affiliates, to any intellectual property rights arising from the ctDNA Development Platform Program, for internal research purposes.

Roche hereby grants to FMI a non-exclusive, royalty-free, worldwide, perpetual, and sublicensable license to any IP Controlled by Roche and developed under the ctDNA Platform Development Program (excluding Roche Immunotherapy Sample Results) to the extent necessary for FMI to research, develop, make, have made, use, offer for sale, sell, import and commercialize the ctDNA Assays.","FMI gives Roche an exclusive, free license to use technology from their partnership to develop and sell Roche's non-diagnostic products, and a non-exclusive free license for Roche's internal research. Roche gives FMI a non-exclusive, free license to use Roche's technology to develop and sell ctDNA tests."
"The Village Media Company shall not, directly or indirectly, assign, sublicense or otherwise transfer any of its rights or obligations hereunder without the prior written consent of PFHOF. T",The Village Media Company can't transfer its rights or responsibilities under this agreement without getting written permission from PFHOF first.
"Nuance agrees that it will not (i) oppose, challenge, petition to cancel, contest or threaten in any way, or assist another party in opposing, challenging, petitioning to cancel, contesting or threatening in any way, any application or registration by SpinCo or its Affiliates or their respective licensees for any SpinCo IP, (ii) engage in any act, or purposefully omit to perform any act, that impairs or adversely affects the rights of SpinCo or any member of the SpinCo Group in and to any SpinCo IP or (iii) apply for any registration (including federal, state and national registrations) with respect to the SpinCo IP.","Nuance won't challenge or oppose any trademark or patent applications filed by SpinCo, won't do anything that harms SpinCo's rights to their intellectual property, and won't apply for any registrations related to SpinCo's intellectual property."
Customer may not change the price of Buy-Sell,The customer cannot change the price of Buy-Sell.
other behavior that is materially harming the goodwill or reputation of ACSI or its Affiliates or the ACSI Site;,ACSI can remove you if your behavior seriously damages their reputation or the reputation of their partners or website.
"Company hereby grants to ACSI, during the Term, a non-exclusive, non-transferable (except in accordance with Section 11.7  [Assignment]) license, which ACSI may sublicense only to its Affiliates, to use the Company Intellectual Property supplied by Company to ACSI as is reasonably necessary to perform its obligations under this Agreement; provided, however, that ACSI shall not use Company's Trademarks, including in any advertising, without Company's prior written consent, unless such use conforms to a written Trademark use policy previously furnished by Company to ACSI and not subsequently modified or revoked.","the company gives acsi permission to use its intellectual property only as needed to do the work under this agreement, and acsi can share this permission with its affiliated companies. acsi cannot use the company's trademarks in advertising without written permission first, unless the company has given them a written policy allowing it."
"Notwithstanding the foregoing, (a) either Party may, without the other Party's consent, assign this Agreement and its rights and obligations hereunder in whole or in part to an Affiliate; and (b) Dova may assign this Agreement to a successor in interest in connection with the sale or other transfer of all or substantially all of Dova's assets or rights relating to the Product; provided that such assignee shall remain subject to all of the terms and conditions hereof in all respects and shall assume all obligations of Dova hereunder whether accruing before or after such assignment.","Either company can transfer this agreement to a related company without permission, and Dova can also transfer it to a buyer if it sells its business, as long as the new company follows all the same rules."
"ExxonMobil grants FCE a worldwide, non-exclusive, royalty- free, non-sub-licensable (except as set forth herein), perpetual, irrevocable (except as stated in Paragraphs 12.03 (Failure to Perform), 12.04 (Other Termination), and 12.05 (Bankruptcy)), non- transferable (except pursuant to Article 14 (Assignment)) right and license to practice ExxonMobil Background Information and ExxonMobil Background Patents for Generation 1 Technology in any applications outside of Carbon Capture Applications.","ExxonMobil is giving FCE permission to use their technology and patents worldwide for free, but only for Generation 1 Technology and not for carbon capture uses."
"ExxonMobil grants FCE a worldwide, non-exclusive, royalty-free, non-sub- licensable (except as set forth herein), perpetual, irrevocable (except as stated in Paragraphs 12.03 (Failure to Perform), 12.04 (Other Termination), and 12.05 (Bankruptcy)), non-transferable (except pursuant to Article 14 (Assignment)) right and license to practice ExxonMobil Background Information and ExxonMobil Background Patents for Generation 1 Technology in Carbon Capture Applications,","ExxonMobil is giving FCE permission to use their technology and patents for carbon capture work worldwide, but FCE can't sell this permission to anyone else or make money from it."
"However, Qualigen shall not engage any distributors (whether exclusive or non-exclusive) other than Sekisui for the Qualigen Retained Customers",Qualigen can only use Sekisui as a distributor for their existing customers and cannot work with any other distributors for those customers.
Licensee hereby does forever waive and agree never to assert any and all Moral Rights it may have in Fox's Intellectual Property Rights in and to the PSM and the Fox Intellectual Property and any derivative works thereof and shall cause its employees and contractors (including the developers) to do likewise.,You give up all your moral rights to the intellectual property and agree that your employees and contractors do the same.
"In the event of termination of this Agreement and without limitation of Fox's rights and remedies all of which are expressly reserved, the following payment penalties shall apply: (i) if termination occurs in the first year of the Term, Licensee shall forfeit any Guarantee paid, and shall immediately pay any remaining Guarantee, up to the amount of ***** dollars (US$*****), and any Guarantee payments made in excess of ***** dollars ($*****) shall be refunded by Fox to Licensee; and (ii) if termination occurs in the second year of the Term, Licensee shall forfeit any Guarantee paid, and shall immediately pay any remaining portion of the Guarantee then unpaid, up to the amount of ***** dollars (US$*****). An","If you cancel in the first year, you lose any money you already paid and owe the rest of your guarantee (up to a certain amount). If you cancel in the second year, you lose what you paid and owe the remaining guarantee amount."
"Upon the occurrence of any of the following, WGT may      terminate the Term by giving Distributor written notice of such termination      for:","I need the actual text of what follows ""for:"" to summarize this clause. The text you provided is incomplete. Could you share the full list of termination conditions?"
"The Village Media Company shall not, directly or indirectly, assign, sublicense or otherwise transfer any of its rights or obligations hereunder without the prior written consent of PFHOF.",The Village Media Company can't transfer its rights or responsibilities under this agreement without getting written permission from PFHOF first.
"If FMI enters into any subsequent agreement with another customer or collaborator which provides for pricing terms for substantially the same product or services at substantially the same (or a lesser) scale, which pricing terms are more favorable than those contained herein, then FMI shall notify Roche and Roche will have the right to modify this agreement to provide Roche with those more favorable pricing terms. […***…].","If FMI gives better pricing to another customer for the same products or services, Roche can ask for those same better prices."
"To the extent that any Joint Works are created in the course of performance of this Agreement, each Party shall own a joint, equal and undivided ownership interest in and to such Joint Works and the associated Intellectual Property Rights, with no duty on the part of either Party to account to the other with respect to its use and exploitation of the same.","if you and the other party create something together while working under this agreement, you both own it equally and can each use it however you want without asking permission or sharing profits."
"Thereafter, the agreement shall automatically renew for successive five (5)-year terms, unless either Party gives written notice to the other Party of intent not to renew at least six (6) months prior to the expiration of the then-current Term.",The agreement automatically renews for another five years unless one side tells the other in writing at least six months before it expires that they don't want to renew.
"Subject to the terms and conditions of this Agreement, as of the Distribution Date, SpinCo hereby grants to Nuance and the members of the Nuance Group a worldwide, non-exclusive, fully paid-up, perpetual and irrevocable, transferable (subject to ARTICLE VIII), sublicensable (subject to Section 4.01(g)) license to install, access, use, reproduce, perform, display, modify (including the right to create improvements and derivative works), further develop, sell, manufacture, distribute and market products and services based on, using or incorporating the SpinCo Shared Technology Assets within the Nuance Field of Use, together with natural extensions and evolutions thereof.","SpinCo is giving Nuance a permanent, worldwide license to use, modify, and sell products based on SpinCo's technology for Nuance's business purposes, and Nuance can transfer or sublicense this right to others."
"Changepoint grants to Corio a nonexclusive, nontransferable (except in          accordance with Section 14.1 of this Agreement), royalty-free, fully





         paid-up license to install and use the Software, Documentation, and          Software tools and utilities if any, for an unlimited number of Corio          users, subject to any restrictions placed on the Changepoint by third          party software providers and payment of any applicable fees required by          such third parties, in machine executable object code for Corio's          internal business purposes.","Changepoint gives Corio permission to use their software for free for unlimited users within Corio's company, but Corio can't transfer this permission to others and must pay any fees that third-party software providers require."
This Agreement will automatically be renewed for periods of       twelve (12) months unless either Party gives six (6) months written       notice of its intent to terminate this Agreement.,This agreement automatically renews every 12 months unless either side gives 6 months written notice to end it.
"Notwithstanding the foregoing, this provision shall not prevent any party from soliciting or otherwise contacting any Client (i) for any purpose other than working on or obtaining an assignment on Covered Businesses involving Japanese Companies in Covered Regions where all principal parties involved are located within Covered Regions or (ii) with whom such party (or its employees or consultants) has had a pre-existing relationship, including, but not limited to, a pre-existing contractual or business relationship, prior to the Introduction of such Client in connection with an assignment covered by this Agreement.","You can still contact a client if it's not about work in Japan, or if you already had a relationship with them before this agreement."
"In the event that any Development IP is jointly invented by the Parties in accordance with applicable intellectual property laws, then the ownership of such Development IP that has been jointly invented shall be co-owned by the Parties in accordance with such applicable intellectual property laws; provided, however, that neither Party shall have any duty or obligation to account to the other for any use or exploitation of such jointly invented Development IP and as between the Parties, each Party shall be entitled to retain any and all benefit, financial or otherwise, derived by such Party from such jointly invented Development IP.","if you and the other party jointly create something together, you'll both own it equally, and neither of you has to share profits or ask permission to use it."
"Notwithstanding the foregoing, ExxonMobil hereby grants approval for FCE solely to conduct Authorized Work using Generation 1 Technology with Authorized Third Parties for Carbon Capture Applications and any Work using Generation 2 Technology solely for Power Applications and Hydrogen Applications.","ExxonMobil allows FCE to use their technology for carbon capture work with approved partners, and to use newer technology only for power and hydrogen projects."
"FMI hereby grants to Roche a non-exclusive, royalty-free, worldwide, perpetual, and sublicensable license to any intellectual property arising from the Immunotherapy Testing Platform Program Controlled by FMI for internal research purposes and to the extent necessary for Roche to research, develop, make, have made, use, offer for sale, sell, import and commercialize Roche products other than diagnostic products.","FMI gives Roche a permanent, free license to use intellectual property from their testing platform for research and to develop and sell Roche products, but not diagnostic products."
"SCIEN agrees that it will not during the term of this Agreement, or thereafter, attack the title or any rights of HEMISPHERX in and to Interferon alfa-n3 (human leukocyte derived) or attack the validity of the license granted herein by HEMISPHERX and solely owned by HEMISPHERX.",SCIEN promises not to challenge HEMISPHERX's ownership or rights to the Interferon alfa-n3 product or the license agreement during or after this deal.
"In the event that Price is adjusted as a result of a change to Facility Conversion Cost under Section 3.2(b)(i), the Facility Conversion Cost Threshold for all remaining Fiscal Years in the Initial Term (or Extension Periods as appropriate) will be reduced such that if Facility Conversion Costs of a Facility during any Facility Conversion Cost Adjustment Fiscal Year are estimated to be (a) less -28-

Source: UPJOHN INC, 10-12G, 1/21/2020





than eighty percent (80%) of the Facility Conversion Costs for the Facility Conversion Cost Baseline Fiscal Year or (b) greater than one hundred and twenty percent (120%) of the Facility Conversion Costs for the Facility Conversion Cost Baseline Fiscal Year, then the Price for such Product will be updated beginning with such Facility Conversion Cost Adjustment Fiscal Year to reflect the full estimated amount of the increase or decrease in Conversion Cost","if the cost to convert a facility changes by more than 20% compared to a baseline year, the price you pay for the product will be adjusted to reflect that change."
The Term will be 3 years from Effective Date with an automatic 2 year term extensions unless otherwise advised by one of the Parties.,The agreement lasts for 3 years and then automatically renews for 2 more years unless one side tells the other to stop.
"During the Term, Valeant will not contest the ownership of the Dova Trademarks and Copyrights, their validity, or the validity of any registration therefor.","During the agreement, Valeant won't challenge that Dova owns the trademarks and copyrights or question whether they're valid."
"If Affiliate fails to notify Network of its desire that this Agreement terminate on its expiration date, at least six (6) months before the expiration date, this Agreement will automatically renew, upon the same terms and conditions, for an additional four (4) -year period (""Renewal Term"").","If you don't tell the network you want to cancel at least 6 months before your agreement expires, it will automatically renew for another 4 years on the same terms."
"The signal of the Service, including any program-related data and enhancements, shall be contained in no more than a 5.0 megabits-per-second (""mbps"") stream of data and shall consist of a resolution of no less than 480 x 720i.",The service delivers video at a maximum of 5.0 megabits per second with a minimum resolution of 480 x 720i.
"Notwithstanding Section 16.18 of the Outsourcing Base Agreement, MS is an intended third party beneficiary of this Attachment 6 only, with full rights to enforce the terms of this Attachment 6 on its own behalf, but only to the extent that the terms of this Attachment 6 pertains to the MS Software Images and related MS documentation.","Microsoft can enforce the terms of this agreement on its own behalf, but only for the parts that relate to Microsoft software and documentation."
"The Term will automatically renew for successive additional periods of one (1) year each, provided that: (a) Distributor has made all Guaranteed Minimum Purchases and has complied with the marketing requirements under paragraph 4.1(b); (b) the parties have agreed in writing upon the Guaranteed Minimum Purchase amounts and Product price discounts for the next subsequent one (1) year renewal period; (c) neither party provided the other party with notice of such party's intention not to renew this Agreement at least thirty (30) days prior to any year's Expiration Date; and (d) neither party provided the other party with such notice as may be required pursuant to paragraphs 5.2, 5.3 or 5.4.","Your contract automatically renews for one more year unless you give 30 days notice before it ends, you've met your minimum purchase requirements, and both sides agree on new prices for the next year."
"If any such action occurs and results in an employee accepting employment with the other Party, the Party with whom the employee accepts employment agrees to pay to the other Party as liquidated damages, an amount equal to two times that particular individual's annual salary and bonus.","If an employee moves to work for the other party after certain actions occur, the new employer must pay the old employer twice that employee's yearly salary and bonus as a penalty."
"EXCEPT IN CONNECTION WITH A BREACH BY EITHER PARTY OF ARTICLE 10, THE INDEMNIFICATION OBLIGATIONS OF PAPEREXCHANGE UNDER SECTIONS 12.4(c)  [Indemnification by PaperExchange] AND THE INDEMNIFICATION OBLIGATIONS OF VERTICALNET UNDER SECTION 12.5(c)  [Indemnification by VerticalNet], NEITHER PARTY WILL BE LIABLE FOR ANY SPECIAL, INDIRECT, CONSEQUENTIAL, EXEMPLARY OR INCIDENTAL DAMAGES ARISING OUT OF OR RELATED TO THIS AGREEMENT, HOWEVER CAUSED AND UNDER ANY THEORY OF LIABILITY (INCLUDING NEGLIGENCE), EVEN IF SUCH PARTY HAS BEEN ADVISED OF THE POSSIBILITY OF SUCH DAMAGES.","Neither company can be sued for indirect or special damages from this agreement, except for certain breaches involving intellectual property or indemnification obligations."
"Thereafter, this





                  Agreement shall be effective month to month, until terminated                   by Transporter or Shipper upon the following written notice to                   the other specifying a termination date: sixty (60) days for

                  interruptible transportation under Rate Schedule ITS and 180                   days for firm transportation under Rate Schedule FTS.","After the initial period, the agreement continues month-to-month and either party can end it by giving 60 days' notice for interruptible service or 180 days' notice for firm service."
"In the event Affiliate owns more than one Station in any DMA (a ""Duopoly Market""), then Affiliate, at its option, shall have the right to determine which of its Stations in such DMA shall broadcast the Service; it being understood that Affiliate shall have no obligation to broadcast the Service over more than one of its Stations in any particular DMA.","If you own multiple radio stations in the same market, you can choose which one broadcasts this service, but you don't have to broadcast it on more than one station."
"Subject to the terms and conditions of this Agreement, as of the Distribution Date, Nuance hereby grants to SpinCo and the members of the SpinCo Group a worldwide, non-exclusive, fully paid-up, perpetual and irrevocable, transferable (subject to ARTICLE VIII), sublicensable (subject to Section 3.01(g)) license to continue to use any Nuance IP (other than Nuance Patents, Nuance Technology Assets, Nuance Trademarks and Nuance Data), in each case solely as and to the extent that it is used by the SpinCo Group in connection with products and services of the SpinCo Business within the SpinCo Field of Use, together with natural extensions and evolutions thereof.","Nuance is giving SpinCo a permanent license to use certain Nuance intellectual property for SpinCo's business, but this doesn't include patents, technology assets, trademarks, or data."
FMI and Roche shall jointly own all Joint Inventions.,FMI and Roche both own any inventions they create together.
"Derivative Works, on the one hand, and/or Company Existing Intellectual Property, Company Future Intellectual Property and/or Company Derivative Works, on the other hand; or (b) include or incorporate no ACSI Existing Intellectual Property or ACSI",I can't summarize this text because it's incomplete and appears to be a fragment from a larger legal document about intellectual property rights. Please provide the full clause or section so I can give you an accurate summary.
"Each of SMBC/Nikko and Moelis Holdings agrees, during the term of this Agreement (except pursuant to this Agreement) and for a period of 12 months thereafter, not to solicit any Client Introduced by the other party in connection with an assignment on Covered",SMBC/Nikko and Moelis Holdings agree not to recruit clients that the other party introduced for 12 months after this agreement ends.
"The Village Media Company shall have the right to sublicense (a) the production and creation of the HOFV Works and (b) Exploitation of the PFHOF Works hereunder to any of its Affiliates; provided, that, Village Media Company shall (x) cause such sublicenses to comply with all terms and conditions of this Agreement and (y) not be relieved of any of its obligations under this Agreement as a result of any such sublicense, and will be primarily responsible for any acts or omissions of such sublicensees.","Village Media Company can let its related companies help create and use the works, but Village Media stays responsible for making sure those companies follow all the agreement rules and for anything they do wrong."
"Subject to the terms and conditions of this Agreement, as of the Distribution Date, SpinCo hereby grants to Nuance and the members of the Nuance Group a worldwide, non-exclusive, fully paid-up, perpetual and irrevocable, transferable (subject to ARTICLE VIII), sublicensable (subject to Section 4.01(g)) license under the SpinCo Patents, solely to the extent that claims of the SpinCo Patents cover products or services of the Nuance Business in the Nuance Field of Use, together with natural extensions and evolutions thereof, in each case to make, have made use, sell, offer for sale, import and otherwise exploit such products and services, together with natural extensions and evolutions thereof.","SpinCo gives Nuance a permanent, worldwide license to use SpinCo's patents for Nuance's business and can make, sell, and use products covered by those patents."
employment to any former employee of TouchStar for a period of four           (4) months after such employee leaves the employ of TouchStar.,Former TouchStar employees cannot work for competitors for 4 months after leaving the company.
MacroGenics shall have the initial right to institute and direct legal proceedings against any Third Party believed to be infringing Jointly Owned Patents that claims or covers a Product sold outside the Territory.,MacroGenics has the first right to sue anyone they believe is illegally using their jointly owned patents for products sold outside their territory.
The Warranty Period for the Licensed Software shall mean the period          commencing on the Effective Date and ending ninety (90) days          thereafter.,The company guarantees the software will work properly for 90 days starting from when you get it.
"FOR THE AVOIDANCE OF DOUBT, THE PARTIES HEREBY ACKNOWLEDGE AND AGREE THAT NOTHING IN THIS SECTION 8.2  [No Consequential Damages] IS INTENDED TO LIMIT ANY RIGHT OF ACSI TO RECEIVE LIQUIDATED DAMAGES AS SET FORTH IN SECTION 10.5.2  [Effect of Termination].",This section says that the rule about not paying certain types of damages doesn't apply to a specific type of payment called liquidated damages that's described elsewhere in the contract.
"(ii) for a period of ninety (90)           days after delivery, the TouchStar Software will perform in all",The TouchStar Software is guaranteed to work properly for 90 days after you receive it.
"If MacroGenics does not abate such violation of Jointly Owned Patents, including by commencement of a lawsuit against the accused person if necessary, within *** after receiving notice of such infringement of Jointly Owned Patents and immediately after notice of other violation of such Jointly Owned Patents, then Green Cross shall be entitled (but shall not be obligated) to take all actions reasonably necessary to abate such violation in the Territory, including commencement of a lawsuit against the accused Third Party if necessary.","If MacroGenics doesn't stop someone from violating a jointly owned patent within a certain time after being notified, Green Cross can take action to stop the violation themselves, including filing a lawsuit if needed."
"In the event of any breach of Sections 9.1 through 9.3, including without limitation, any actions by stockholders of Qualigen that result in a Sale Transaction without complying with Sections 9.1 through 9.3 above, or otherwise hinder the intent and purpose of the provisions of Sections 9.1 through 9.3 above, in addition to any other remedies available to Sekisui under the terms of this Agreement, including the right to specific performance and other equitable remedies, Sekisui shall be entitled to liquidated damages in the amount of three times any and all Financing Payments made to date.","if Qualigen breaks the rules about selling the company without following the right steps, Sekisui can sue for money damages equal to three times all the payments made so far, plus other legal remedies."
"Licensor shall provide to Rogers, no later than February 28 in each year, a sworn statement of a senior officer of Licensor, or a certificate of the auditors of Licensor, confirming that, during the immediately preceding calendar year, Licensor did not enter into such an agreement or series of agreements or, if it did enter into such agreement(s), confirming the effective date thereof and identifying the terms contained therein that are more favourable than those contained in this Agreement.","Every year by February 28, the licensor must give Rogers a signed statement confirming whether they made any better deals with other companies during the past year."
"In the event that Licensor grants to another VOD or Pay-Per-View (""PPV"") service provider in the U.S. or the Territory the right to distribute or exhibit any Licensed Program on an earlier availability date, then Licensor shall also grant to Rogers the right to distribute and exhibit such Licensed Program on such earlier availability date, on the terms provided herein.","If the content owner lets another video service show a program earlier than planned, they must also let Rogers show it at that same earlier date under the same terms."
"Member hereby acknowledges and agrees that Franchisor is an intended third-party beneficiary of this Agreement with the right to enforce it, independently or jointly with Franchisee.","Franchisor can enforce this agreement on their own or together with you, even though they're not directly signing it."
"Without limiting the generality of the foregoing, either Party may, without any duty to account to the other (including, without limitation, any duty to pay, share or account for any royalties):

          (a) make, manufacture, assemble, produce, market, sell, distribute,      transfer, use, license and otherwise commercially and non-commercially      exploit and deal with the Joint Works; provided, that neither Party shall      seek or obtain any","Either party can make, sell, use, and profit from the joint works without owing the other party any money or royalties."
"Network hereby grants to Affiliate the exclusive right via Broadcast Television, and Affiliate hereby accepts such exclusive right and the obligation during the Term to broadcast the Service via Broadcast Television (i) over the transmission facilities of each Station identified on Exhibit A, which is licensed by the FCC to serve the community for each such Station (the ""Licensed Community""), for receipt by TV Households in the DMA in which the Licensed Community is located, as such DMA is identified on Exhibit A, and (ii) over the transmission facilities of any Acquired Station, except to the extent that, as of the date Affiliate notifies Network in writing of its binding agreement to acquire such Acquired Station, (A) another Broadcast Television station in the same DMA as the Acquired Station has exclusive rights to broadcast the Service, or (B) the Acquired Station is obligated to broadcast other material that precludes it from also carrying the Service.","the network gives the affiliate the exclusive right to broadcast a service on specific TV stations in certain areas, unless another station in that area already has exclusive rights or the station is obligated to broadcast other content instead."
"To the extent not already granted pursuant to the License Agreement, FCE grants ExxonMobil and its Affiliates a worldwide, non-exclusive, royalty-free, irrevocable, perpetual, sub-licensable, non-transferable (except pursuant to Article 14 (Assignment)) right and license to practice FCE Background Information and FCE Background Patents for Generation 2 Technology in Carbon Capture Applications and Hydrogen Applications.","FCE gives ExxonMobil and its related companies a permanent, worldwide license to use FCE's technology and patents for carbon capture and hydrogen applications, but ExxonMobil cannot sell or transfer this license to others."
"Thereafter, this Agreement shall automatically renew for subsequent one          (1) year periods unless either party provides the other party with          written notification at least thirty (30) days prior to the expiration          of the initial five (5) year term or any one (1) year renewal thereof          of its intention to terminate this Agreement.",The agreement automatically renews for one year at a time unless either side gives written notice at least 30 days before it expires saying they want to end it.
"Ownership of any works to be created jointly by the          parties, including all copyrights, patents, trade secret rights,          trademarks and other intellectual property rights therein, shall be          decided by the parties at the commencement of such joint efforts.","If you and the other party create something together, you need to decide upfront who owns it and all the rights to it."
"""Customer Property"" means all Intellectual Property, together with all materials, data, writings and other property in any form whatsoever, which is (a) owned or controlled by Customer or its Affiliates as of and following the Effective Date and (b) provided to Manufacturer by or on behalf of Customer or its Personnel under this Agreement.","Customer Property is anything you own or control that you give to the manufacturer under this agreement, including intellectual property, materials, data, and writings."
All out­of­pocket costs for Patent Prosecution of Jointly Owned Patents and for maintaining Jointly Owned Patents in the Territory shall be shared equally by the Parties.,Both parties split the costs equally for filing and maintaining patents that they both own.
"""Joint Work"" means any content, data, URLs, domain names, technology, software, code, user interfaces, ""look and feel"" or other items which are invented, created, developed or first reduced to practice jointly by the Parties after the Effective Date, are protected or protectable by any Intellectual Property Rights and either: (a) include or incorporate both ACSI Existing Intellectual Property, ACSI Future Intellectual Property and/or ACSI","""Joint Work"" means anything created together by both parties after the agreement starts that includes technology or creative work from both sides and is protected by intellectual property laws."
"Before taking any material step in the Patent Prosecution or Jointly Owned Patents, MacroGenics and its counsel shall allow Green Cross a reasonable opportunity to comment on the action proposed to be taken, and agrees to incorporate in such filings all reasonable comments of Green Cross.","Before MacroGenics takes major steps with patents, it must give Green Cross a chance to comment and include Green Cross's reasonable suggestions in any filings."
"Corio          shall bear all fees, expenses and other charges to open and maintain          such escrow account.",Corio has to pay all the fees and costs to set up and keep the escrow account open.
"[REDACTED], Valeant hereby grants to Dova a fully paid-up, royalty free, non-transferable, non- exclusive license (with a limited right to sub-license to its Affiliates) to any Valeant Property that appears on, embodied on or contained in the Product materials or Product Labeling solely for use in connection with Dova's promotion or other commercialization of the Product in the Territory.",Valeant gives Dova a free license to use Valeant's materials that are in the product or its labeling only for selling and promoting the product in the agreed territory.
"Because of the trade secret subject matter of Developer's business, Client agrees that, during the term of this Agreement and for a period of two (2) years thereafter, it will not solicit the services of any of Developer's employees, consultants or suppliers for Client's own benefit or for the benefit of any other person or entity.","You can't hire any of the developer's employees, consultants, or suppliers during the agreement and for 2 years after it ends."
"IBM agrees that, for a period of [REDACTED] years from the Effective Date             of this Agreement, it will not in any way solicit for employment             any Transferred Employees without the prior written consent of MSL;             provided, however, that the foregoing will not restrict or prevent             IBM from a) employing any such person who contacts IBM on his or her             own initiative without any solicitation or encouragement from IBM             or b) by using general employment advertising or communications or             independent search firms, hiring any person who responds thereto,             provided that IBM does not direct or encourage such independent             search firms to solicit such Transferred Employees.","IBM won't try to hire employees that came from MSL for a certain number of years without permission, but they can hire someone if that person contacts them first or responds to a general job ad."
"If circumstances require VOTOCAST to raise its rates more than ten percent (10%) during any Renewal Term, VOTOCAST will provide Licensee cost related supporting documentation to justify the rate increase.","If VOTOCAST raises prices by more than 10% during your renewal period, they have to show you documents explaining why."
"The Parties acknowledge and agree that two hundred twenty five thousand dollars ($225,000) (the ""Youth Sports License Fee"") shall be credited against the Annual Guarantee on the Closing Date and each anniversary of the Closing Date during the Term for the license granted by PFHOF to Youth Sports Management, LLC (""Youth Sports"") pursuant to that certain branding license agreement to be entered into on the Effective Date between PFHOF and Youth Sports for so long as such agreement remains in effect; provided that after the first five (5) years of the Term, the Youth Sports License Fee shall increase by three percent (3%) on a year-over year basis and thereafter, the aggregate amount of the Youth Sports License Fee, after giving effect to such increase each year, shall be the amount credited against the Annual Guarantee.","Youth Sports gets a $225,000 yearly credit toward their payments, which increases by 3% each year after the first five years."
"Each of SMBC/Nikko and Moelis Holdings agrees not to solicit or hire any employee of the other party during the term of this Agreement and for a period of 12 months thereafter; provided, however, that the foregoing restriction shall not apply to general solicitations to the public that are not specifically directed to employees of other party (or employment of applicants to such solicitations).","Neither company can hire employees from the other company during the deal and for 12 months after, unless they're doing a general public job posting that isn't specifically targeting the other company's workers."
"the same shall be deemed a material breach of this Agreement which is not susceptible to cure, and ACSI shall be entitled to terminate this Agreement upon written notice to Company.","if you break this agreement in this way, ACSI can end the agreement by sending you a written notice and doesn't have to give you a chance to fix it."
"Subject to the terms and conditions of this Agreement, SpinCo hereby grants to each individual member of the Parent Group, on behalf of itself and the other members of the SpinCo Group, and shall cause the other members of the SpinCo Group to grant to each individual member of the Parent Group, a non-exclusive, worldwide, perpetual, irrevocable, fully paid-up, royalty-free right and license, for use in the Parent Field, to (i) use, reproduce, distribute, display, perform, make Improvements and exploit the Licensed SpinCo IP, and (ii) make, have made, use, sell, offer to sell and import any goods and services incorporating, embodying or utilizing the Licensed SpinCo IP.","SpinCo gives the Parent Group a permanent, free license to use SpinCo's intellectual property and make products with it in their business area."
"Within sixty (60) days of the Effective Date,          Changepoint agrees to execute an escrow agreement by and among Corio,          Changepoint and a mutually acceptable escrow agent (the ""ESCROW          AGENT"").","Within 60 days, Changepoint must sign an escrow agreement with Corio and a mutually agreed-upon escrow agent to hold money or documents."
"[REDACTED], neither Valeant nor Dova (nor any of their respective Affiliates) shall directly or indirectly solicit for hire or employee as an employee, consultant or otherwise any of the other Party's professional personnel who have had direct involvement with the JSC, with the Valeant Activities under this Agreement (which, in the case of Valeant, includes the Field Force Personnel) or with Dova's commercialization activities for the Product, without the other Party's prior written consent.",Neither company can hire the other company's employees who worked on this joint project without getting written permission first.
"Following the Initial Price Term, the Price of such Product may be adjusted only as set forth in Section 3.1(b) and Section 3.2.","After the initial pricing period ends, the price can only be changed according to the rules in sections 3.1(b) and 3.2."
"Each of the HOF Entities or Constellation may terminate this Agreement at any time without liability if association with another Party could, in such Party's reasonable opinion, materially damage its reputation or image or in the event a Party breaches Section 3.3 hereof, which breach is not cured within sixty (60).","Either party can end this agreement without penalty if they think working together would hurt their reputation, or if someone breaks Section 3.3 and doesn't fix it within 60 days."
"Member covenants and agrees that during the term of the Franchise Agreement, except as otherwise approved in writing by Franchisor, Member shall not, either directly or indirectly, for itself, or through, on behalf of, or in conjunction with any person, persons, partnership, corporation, or entity:","During the franchise agreement, you can't do certain things without written permission from the franchisor, either on your own or with others involved."
"use, reproduce, distribute, display, perform, make improvements and exploit Intellectual Property owned or controlled by Parent or a member of the Parent Group and currently used in the SpinCo Business, and (ii) make, have made, use, sell, offer to sell and import any goods and services incorporating, embodying or utilizing such Intellectual Property currently used in the SpinCo Business.","You can use, copy, share, and improve the intellectual property (like patents and trademarks) that belongs to the parent company and is used in the SpinCo business, and you can make and sell products using that intellectual property."
"Subject to the remainder of this Section 3.2(b), on a Facility-by-Facility basis, if the Facility Conversion Costs of a Facility during any Fiscal Year following the first full Fiscal Year of the Term of the applicable Facility Addendum (such Fiscal Year, a ""Facility Conversion Cost Adjustment Fiscal Year"") are estimated to be (a) less than seventy-five percent (75%) of the Facility Conversion Costs for the Facility Conversion Cost Baseline Fiscal Year (as defined below) or (b) greater than one hundred and twenty-five percent (125%) of the Facility Conversion Costs for the Facility Conversion Cost Baseline Fiscal Year (clauses (a) and (b) referred to collectively as the ""Facility Conversion Cost Threshold""), when adjusted to reflect a constant volume between the Facility Conversion Cost Adjustment Fiscal Year and the Facility Conversion Cost Baseline Fiscal Year, then the Price for such Product will be updated beginning with such Facility Conversion Cost Adjustment Fiscal Year to reflect one hundred and ten percent (110%) of the increase or decrease in Facility Conversion Costs.","If a facility's conversion costs drop below 75% or rise above 125% compared to a baseline year, the product price will be adjusted to reflect 110% of that cost change."
In the event that: (a) Company at any time engages in,"I'm ready to summarize, but the text you've provided appears to be incomplete. Could you please share the full clause or section you'd like me to summarize?"
"Changepoint, Inc. (""Changepoint"") shall be a       direct and intended third-party beneficiary to this Agreement.","Changepoint, Inc. is a third party that has direct rights under this agreement."
"provided that the Parties acknowledge and agree that after the first five (5) years of the Term, the Annual Guarantee shall increase by three percent (3%) on a year-over-year basis (e.g., the Annual Guarantee shall increase to $1,287,500 for year six (6) and to $1,326,125 for year seven (7)).","After the first five years, the yearly payment amount will go up by 3% each year."
VOTOCAST will give Licensee at least thirty (30) days prior written notice of any rate changes during any Renewal Term.,VOTOCAST will email you at least 30 days before changing prices when your contract renews.
"(ii) Divert or attempt to divert any business or customer, or potential business or customer, to any Competitive Business;",You can't try to take business or customers away from the company to give to a competing business.
Businesses involving Japanese Companies where all principal parties involved are located within Covered Regions,I'm ready to summarize legal text for you. Please provide the specific terms of service or contract clause you'd like me to summarize in plain English.
"In the event that Customer elects to extend the Initial Term of the Agreement or of a Facility Addendum, the Price for each applicable Product in any Extension Period shall be one hundred percent (100%) of Manufacturer's Standard Product Materials Cost plus one hundred and ten percent (110%) of Manufacturer's Standard Conversion Cost of such Product, each for the initial Fiscal Year of the first Extension Period with respect to such Product.","If you extend your contract, the price for the first year of the extension will be based on the manufacturer's material costs plus a 110% markup on conversion costs."
"Sekisui shall not, and shall cause its subdistributors not to, market, rent or sell any Products to the Qualigen Retained Customers. 3. Supply;",Sekisui and its subdistributors cannot sell or rent products to Qualigen's existing customers.
"To the extent that the Village Media Company and PFHOF work collaboratively on media projects, the EP's services on such projects for the benefit of PFHOF shall be charged to PFHOF at cost without markup.","When the Village Media Company and PFHOF work together on media projects, the EP will charge PFHOF only the actual cost with no extra fee added on top."
"Notwithstanding anything to the contrary in this Agreement, each of the Indemnified Parties has relied on this Section 13.9, is an express third party beneficiary of this Section 13.9 and is entitled to enforce the obligations of the applicable Indemnified Parties under this Section 13.9 directly against such Indemnified Parties to the full extent thereof.","Certain people mentioned in this section can enforce these rules directly against the company, even though they're not the main parties to the agreement."
"If such Standard Cost methodology change results in an increase of Facility Conversion Cost for Products manufactured for Customer of more than two percent (2%), then Manufacturer shall revert to the former methodology for purposes of the calculation of Price during such Fiscal Year.","If a change in how costs are calculated would increase your product costs by more than 2%, the manufacturer has to use the old calculation method instead for that year."
"If a Release Condition (as defined in Section 12.2          of this Agreement) occurs and the Escrow Agent provides the Source Code          to Corio under the escrow agreement, Corio agrees to hold the Source          Code in strict confidence, and not to use the Source Code for any          purpose other than those purposes set forth under Section 12.3 of this          Agreement.","If the escrow agreement releases the source code to Corio, Corio must keep it secret and only use it for the specific purposes listed in Section 12.3."
"The utilization rights of Customer are as follows:

         (a)  Customer is granted an unlimited number of Client Access Licenses.               Each Client Access License entitles Customer to receive one (1)               Enable Code from Changepoint which will enable Customer to have               one (1) user use the Licensed Materials.

         (b)  Customer may install Licensed Software on one or more computer               servers as it desires.","You can have unlimited users access the software, and you can install it on as many servers as you want."
"The Components of the CHANGEPOINT Software which are licensed to          Customer hereunder are the following: CHANGEPOINT, SQL edition, version          5.2, for an unlimited number of users, including the following modules:          - Service Delivery Management          - Project and Resource Management          - Customer Relationship Management","You're getting CHANGEPOINT software version 5.2 for unlimited users, which includes tools for managing services, projects, resources, and customer relationships."
"Corio shall notify Changepoint in writing if it believes that          one of the following events (the ""RELEASE CONDITIONS"") has occurred and          that it intends to seek release of the Source Code from the escrow          account: (i) Changepoint's dissolution or ceasing to do business in the          normal course, except as a result or a merger, amalgamation or sale of          all or a substantial part of the assets of Changepoint, or (ii)          Changepoint's repeated and material breach of Changepoint's Software          Support and Maintenance obligations defined under Section 5 of this          Agreement and EXHIBIT C pertaining to the correction of programming





         errors and such breach is not cured within sixty (60) days of receipt          of written notice thereof from Corio.",Corio can ask to get the source code from escrow if Changepoint goes out of business or stops supporting the software properly and doesn't fix it within 60 days of being notified.
"Subject to the terms and conditions of this          Agreement, Changepoint hereby grants to Corio a fee-bearing,          irrevocable, nonexclusive, nontransferable (except in accordance with          Section 14.1 of this Agreement) license in the Territory to (i)          reproduce the Software in machine executable object code format only          for installation on the Corio Servers; (ii) install multiple copies of          the Software on Corio's Servers which will be made remotely accessible          to Corio's Customers for their internal business purposes, (iii) permit          limited access to and use of the Software by Customers through Corio          Servers solely for such Customer's internal business purposes; (iv)          sublicense an unlimited number of Customers to access and use the          Software only through the installation on Corio Servers solely for such          Customer's internal business purposes; and (v) use Changepoint's tools          and utilities, if any, subject to any restrictions placed on the          Changepoint by third party software providers and payment of any          applicable fees required by such third parties, to configure, integrate          and manage the Software.","Corio can install and run the software on their servers and let their customers access it remotely for business use, but cannot transfer this license to anyone else without permission."
Multiple viewings of the Licensed Program shall be permitted during the Viewing Period for no additional fee and all such viewings shall be considered a single exhibition of the Licensed Program for the purposes of calculating License Fees hereunder.,"You can watch the licensed program as many times as you want during the viewing period without paying extra, and all those viewings count as just one showing for billing purposes."
