Unnamed: 0,contract,category,clause_text,word_count,two_stage,stage2_only,haiku
13376,TubeMediaCorp_20060310_8-K_EX-10.1_513921_EX-10.1_Affiliate Agreement,Anti-Assignment,"This Agreement shall be binding on the respective transferees and successors of the parties hereto, except that neither this Agreement nor either party's rights or obligations hereunder shall be assigned or transferred by either party without the prior written consent of the other party.",44,you waive your right to a class action.,you waive your right to a class action.,"This agreement is binding on anyone who takes over for either party, but neither side can transfer their rights or duties to someone else without the other side's written permission."
1582,WORLDWIDESTRATEGIESINC_11_02_2005-EX-10-RESELLER AGREEMENT,Covenant Not To Sue,"In particular, and without limitation, Reseller shall not",8,this service does not guarantee quality.,this service does not allow you to leave the service.,"I'm ready to summarize, but the text you've provided appears incomplete. It starts with ""In particular, and without limitation, Reseller shall not"" but doesn't include what the Reseller shall not do.

Please provide the full clause so I can summarize it for you."
5241,EuromediaHoldingsCorp_20070215_10SB12G_EX-10.B(01)_525118_EX-10.B(01)_Content License Agreement,Revenue/Profit Sharing,"For so long as Rogers is required by Applicable Law to contribute a percentage of its gross annual revenues from the ROD Service to an independently-administered Canadian program production fund, Licensor shall reimburse Rogers for 50% of the amount required to be remitted to such production fund by Rogers in respect of the exhibition of Licensed Programs (the ""Production Fund Commitment"").",61,the Licensor will pay for the exhibition of Licensed Programs.,the service provides a percentage of its gross annual revenues to the production fund.,"Rogers has to pay into a Canadian production fund, and the licensor will reimburse Rogers for half of what Rogers pays into that fund for showing the licensed programs."
10444,EUROPEANMICROHOLDINGSINC_03_06_1998-EX-10.6-DISTRIBUTOR AGREEMENT,Post-Termination Services,"return to WGT within twenty (20) days following the expiration or      termination of the Term, any and all (i) demonstration Product provided to      Distributor; (ii) Products not already paid for in full by Distributor; and      (iii) promotional literature, data, information and other items received by      Distributor under this Agreement;",49,users are notified within 20 days of the end of the agreement.,users are notified a week or more in advance.,"Within 20 days after this agreement ends, you must return all demo products, unpaid products, and promotional materials that you received."
9156,VitalibisInc_20180316_8-K_EX-10.2_11100168_EX-10.2_Hosting Agreement,Expiration Date,"This Agreement shall commence as of the Effective Date and shall continue in effect for one (I) year, unless earlier terminated as expressly provided in Sections 1.3. 10.1. or 10.2 of this Agreement (the *Initial Term"")",36,this Agreement starts on the Effective Date and will last for one year at a time.,terms may be changed any time at their discretion without notice to the user.,"This agreement lasts for one year from the start date, unless it ends early for reasons listed in other sections of the agreement."
6618,"VAXCYTE,INC_05_22_2020-EX-10.19-SUPPLY AGREEMENT",Audit Rights,"Such records shall be made available for reasonable review, audit and inspection upon reasonable notice and with reasonable frequency, upon SutroVax's request for the purpose of verifying Sutro's calculations of amounts due hereunder, the basis for such calculations (including Sutro's calculation of the Fully Burdened Manufacturing Costs) or payments and Sutro's compliance with the terms and conditions of this Supply Agreement.",61,users are notified a month or more in advance.,"the records will be available for reasonable review, audit and inspection upon reasonable notice and with reasonable frequency.",SutroVax must let Sutro review and audit their records when asked to verify that payments and costs are calculated correctly and that SutroVax is following the agreement.
12209,MANUFACTURERSSERVICESLTD_06_05_2000-EX-10.14-OUTSOURCING AGREEMENT,Audit Rights,"IBM shall have the option to monitor, inspect, audit and take other necessary actions in order to comply with IBM's requirements to MS regarding any of MS's Code, or documentation, used hereunder.",32,"IBM can monitor, inspect, audit and take other necessary actions in order to comply with the requirements to MS.",you can request access and deletion of your data.,IBM can monitor and inspect your code and documentation to make sure you're following IBM's requirements.
9838,MusclepharmCorp_20170208_10-KA_EX-10.38_9893581_EX-10.38_Co-Branding Agreement,Post-Termination Services,"Notwithstanding the foregoing, in the event the expiration of this Agreement or termination of this Agreement by Musclepharm pursuant to paragraph 9(a), MusclePharm shall be entitled to sell-off the remaining Licensed Products for six (6) months after such expiration of this Agreement pursuant to paragraph 4(d) herein and shall continue to pay Endorser the Royalty set forth in paragraph 7 herein.",61,if Musclepharm sells off its Licensed Products for 6 months after the expiration of this Agreement they will still pay Endorser the Royalty.,this service assumes no liability for any losses or damages resulting from the sale of Licensed Products.,"After this agreement ends, MusclePharm can sell remaining products for 6 more months and still has to pay you the royalties during that time."
4937,"HEMISPHERX - Sales, Marketing, Distribution, and Supply Agreement",Exclusivity,"HEMISPHERX hereby grants to SCIEN and SCIEN hereby accepts the right, privilege and exclusive license to use of ""Interferon alfa-n3 (human leukocyte derived)"" solely in connection with the terms of the Sales, Marketing, Distribution and Supply Agreement of Product in the Territory for the Term of this Agreement. S",49,HEMISPHERX gives SCIEN the right to use the product.,this service assumes no liability for any losses or damages resulting from the sale of the product.,Hemispherx gives Scien an exclusive license to use and sell a specific interferon product in certain territories for as long as their agreement lasts.
6120,CHANGEPOINTCORP_03_08_2000-EX-10.6-LICENSE AND HOSTING AGREEMENT,Cap On Liability,"Should the Licensed Materials or any of them become, or in Changepoint's sole opinion be likely to become, the subject of a claim of infringement, misappropriation, or violation of an Intellectual Property Right (an ""Infringement Claim"") Changepoint may (i) procure for Customer, at no cost to Customer the right to continue to use the Licensed Materials which are the subject of the Infringement Claim (ii) replace or modify the Licensed Materials or part thereof subject to such Infringement Claim with software or documentation of at least comparable functionality, at no cost to Customer, or (iii) if neither of the forgoing alternatives are reasonably practical in Changepoint's sole judgement, remove the component that is the subject of the Infringement Claim or any or all other parts of the Licensed Materials and refund to Customer the License Fees paid by Customer for the part removed as depreciated on a straight line five (5) year basis from the date of delivery of the part to Customer.",163,"if the Licensed Materials become subject to a claim of infringement, misappropriation or violation of a copyright right, Changepoint can either remove the part that is subject to the infringement claim at no cost to the customer.",if they become the subject of a claim of infringement or violation of an intellectual property right they can refund you.,"if someone claims the software violates their intellectual property rights, Changepoint will either let you keep using it, replace it with similar software, or remove it and give you a partial refund based on how long you've had it."
7075,"FOUNDATIONMEDICINE,INC_02_02_2015-EX-10.2-Collaboration Agreement",Irrevocable Or Perpetual License,"Roche hereby grants to FMI a non-exclusive, royalty-free, worldwide and perpetual license, sublicensable to Affiliates, to use the Roche-Owned Advanced Genomic Analysis Results to develop, make, have made, use, offer for sale, sell, import and commercialize FMI's products and services relating to genomic analysis.",44,Roche gives FMI a license to use the data.,"Roche grants to FMI a non-exclusive, royalty-free license.","Roche gives FMI permission to use Roche's genomic analysis results to develop and sell FMI's genomic analysis products and services anywhere in the world forever, and FMI can share this permission with its affiliated companies."
10073,ClickstreamCorp_20200330_1-A_EX1A-6 MAT CTRCT_12089935_EX1A-6 MAT CTRCT_Development Agreement,License Grant,"If the Client, in its reasonable discretion, consents, the Client is hereby granted an exclusive, worldwide, royalty-free, perpetual, irrevocable license to use, distribute, modify, publish, and otherwise exploit the incorporated items in connection with the work product developed for the Client.",41,"the Client is granted a worldwide license to use, distribute, modify, publish and otherwise exploit the incorporated items.","if the client consents to the terms of service they are granted a worldwide, royalty-free, perpetual, irrevocable license.","If you agree, the client gets unlimited rights to use, change, and share the work product and everything in it forever, without paying royalties."
3774,GpaqAcquisitionHoldingsInc_20200123_S-4A_EX-10.6_11951677_EX-10.6_License Agreement,Exclusivity,"All communication with the National Football League (the ""NFL""), its 32 Member Clubs, NFL Legends and Gold Jackets shall be made exclusively and directly through PFHOF.",26,the National Football League will use your personal data.,you maintain ownership of your data.,"All contact with the NFL, its teams, players, and legends must go through PFHOF only."
1848,UpjohnInc_20200121_10-12G_EX-2.6_11948692_EX-2.6_Manufacturing Agreement_ Supply Agreement,License Grant,"Customer hereby grants to Manufacturer a non-exclusive license during the Term to use any Customer Property and Customer-Owned Improvements and Developments solely in connection with Manufacturer performing its obligations under this Agreement or the Facility Addendum in accordance with the terms hereof or thereof, as applicable.",46,the service gives the Manufacturer a non-exclusive license to use any customer property and customer-owneded improvements.,you grant a non-exclusive license during the Term to use any Customer Property and Customer-Owned Improvements and Developments solely in connection with your obligations.,You're giving the manufacturer permission to use your property and any improvements you make only for doing the work required by this agreement.
297,"PACIRA PHARMACEUTICALS, INC. - A_R STRATEGIC LICENSING, DISTRIBUTION AND MARKETING AGREEMENT ",Insurance,maintain property damage and liability insurance and insurance against  loss or damage to the Transferred Equipment as part of PPI's general liability insurance.,23,you must pay for damages to the Transferred Equipment.,you maintain ownership of your data.,"PPI must have insurance that covers property damage, liability, and loss or damage to the transferred equipment as part of their general liability insurance."
2907,ATMOSENERGYCORP_11_22_2002-EX-10.17-TRANSPORTATION SERVICE AGREEMENT,Minimum Commitment,"Quantity of capacity to be released: Max 13,370 Dfli/Day,                                Min 13,370 DthDay.",12,"the maximum capacity of the service is 13,370 Dfli/Day.","Quantity of capacity to be released: Max 13,370 Dfli/Day.","The maximum and minimum amount of capacity that can be released is 13,370 units per day."
8787,PaperexchangeComInc_20000322_S-1A_EX-10.4_5202103_EX-10.4_Co-Branding Agreement,Non-Compete,"During the Term, VerticalNet shall not (a) act as an advertising agent or representative for any PaperExchange Competitor and (b) place any advertisements on Pulp and Paper Online from any PaperExchange Competitor.",32,VerticalNet does not advertise on Pulp and Paper Online.,this service does not sell your personal information.,VerticalNet can't advertise for competitors of PaperExchange or put competitor ads on the Pulp and Paper Online website.
11926,GluMobileInc_20070319_S-1A_EX-10.09_436630_EX-10.09_Content License Agreement1,Covenant Not To Sue,"exclusive rights and title to the PSM and the Properties, or the validity thereof or the validity of this Agreement, and shall not assist others in so doing.",28,you maintain ownership of the PSM and the Properties.,you waive your right to a class action.,You can't challenge Dropbox's ownership rights to their service or help others do so.
396,CerenceInc_20191002_8-K_EX-10.4_11827494_EX-10.4_Intellectual Property Agreement,Affiliate License-Licensee,"Subject to the terms and conditions of this Agreement, as of the Distribution Date, Nuance hereby grants to SpinCo and the members of the SpinCo Group a worldwide, non-exclusive, fully paid-up, perpetual and irrevocable, transferable (subject to ARTICLE VIII), sublicensable (subject to Section 3.01(g)) license to install, access, use, reproduce, perform, display, modify (including the right to create improvements and derivative works), further develop, sell, manufacture, distribute and market products and services based on, using or incorporating the Nuance Shared Technology Assets within the SpinCo Field of Use, together with natural extensions and evolutions thereof.",95,"as of the Distribution Date, Nuance gives SpinCo a worldwide license to use the Nuance Shared Technology Assets.",the service gives you a worldwide license to use your data.,"Nuance is giving SpinCo a permanent, worldwide license to use, modify, and sell products based on Nuance's technology within SpinCo's business areas, and SpinCo can transfer or sublicense this right to others."
8072,AudibleInc_20001113_10-Q_EX-10.32_2599586_EX-10.32_Co-Branding Agreement_ Marketing Agreement_ Investment Distribution Agreement,Anti-Assignment,"ACSI may assign this Agreement to (a) any corporation or other entity resulting from any merger, consolidation, or other reorganization involving ACSI, (b) any of its Affiliates, or (c) any person or entity to which it transfers all or",39,"ACSI can transfer its rights to any company or entity resulting from a merger, consolidation or other reorganization.","ACSI may assign this Agreement to any corporation or other entity resulting from any merger, consolidation, or other reorganization involving ACSI.","ACSI can transfer this agreement to companies it merges with, its related companies, or anyone it sells its business to."
8824,PaperexchangeComInc_20000322_S-1A_EX-10.4_5202103_EX-10.4_Co-Branding Agreement,Uncapped Liability,"EXCEPT IN CONNECTION WITH A BREACH BY EITHER PARTY OF ARTICLE 10, THE INDEMNIFICATION OBLIGATIONS OF PAPEREXCHANGE UNDER SECTION 12.4(c)  [Indemnification by PaperExchange] AND THE INDEMNIFICATION OBLIGATIONS OF VERTICALNET UNDER SECTION 12.5(c)  [Indemnification by VerticalNet], EACH PARTY'S LIABILITY FOR DAMAGES HEREUNDER SHALL NOT EXCEED $1,000,000.",45,this service assumes no liability for any losses or damages resulting from any breach of this agreement.,you waive your right to a class action.,"Each company's total liability for damages is capped at $1 million, except for certain breaches and indemnification claims which may have different limits."
392,CerenceInc_20191002_8-K_EX-10.4_11827494_EX-10.4_Intellectual Property Agreement,License Grant,"In the event a Party divests a line of business or line of products or services by (a) spinning off a member of its Group by its sale or other disposition to a Third Party, (b) reducing ownership or control in a member of its Group so that it no longer qualifiers as a member of its Group under this Agreement, (c) selling or otherwise transferring such line of business, products or services to a Third Party or (d) forming a joint venture with a Third Party with respect to such line of business, products or services (each such divested entity or line of business, products or services, a ""Divested Entity""), the Divested Entity",114,If a member of the Company sells their business or services they become part of a third party.,third parties are responsible for operating the business.,"if a company sells off or spins off part of its business to another company, that new company becomes a ""Divested Entity"" under this agreement."
6773,GpaqAcquisitionHoldingsInc_20200123_S-4A_EX-10.8_11951679_EX-10.8_Service Agreement,Non-Disparagement,"No Party will make, issue or release any statement which results in any defamation or disparagement of the Village, the City of Canton, the other Party, or any team, person, performer or organization involved in events at the Village.",39,No party will make any statement that promotes or glorifies the Village.,this service assumes no liability for any losses or damages resulting from any matter relating to the service.,"Neither side can make public statements that damage the reputation of the Village, the City of Canton, the other party, or anyone involved in events at the Village."
10451,EUROPEANMICROHOLDINGSINC_03_06_1998-EX-10.6-DISTRIBUTOR AGREEMENT,Liquidated Damages,"Therefore,      the parties have agreed upon the above payment of liquidated damages in      lieu of WGT's claim for actual damages from such breach.",23,this service assumes no liability for any losses resulting from the breach.,the court of law governing the terms is in the state of Florida.,"Instead of suing for actual damages, both sides agreed that you'll pay a set amount of money if you break the agreement."
5234,EuromediaHoldingsCorp_20070215_10SB12G_EX-10.B(01)_525118_EX-10.B(01)_Content License Agreement,Most Favored Nation,"If Licensor enters, or has entered, into an agreement or series of agreements (including side letters, understandings or arrangements, whether oral or written, whether formal or informal, whether now or hereafter effective, or whether on a long-term basis or short-term basis) with a third party for the distribution and exhibition of Licensed Programs in the U.S. or the Territory on a VOD basis, or any other basis that permits the downloading of such Licensed Programs and the subsequent viewing of such Licensed Programs by a residential subscriber, on terms (including, without limitation, license fees, copyright royalty payments, encoding fees and obligations, and marketing support) that are more favourable than those contained in this Agreement, then Rogers has the right to incorporate, or substitute, as the case may be, such term or terms into this Agreement, effective as of the date on which such term or terms were accorded to the third party and for the balance of the period such term or terms are applicable to such third party.",169,third parties may be involved in operating the service.,if Licensor enters into an agreement or series of agreements with a third party for the distribution and exhibition of Licensed Programs in the U.S. or the Territory.,"If the licensor makes a better deal with another company for distributing programs, Rogers can use those same better terms in this agreement instead."
1850,UpjohnInc_20200121_10-12G_EX-2.6_11948692_EX-2.6_Manufacturing Agreement_ Supply Agreement,Affiliate License-Licensor,"Customer hereby grants to Manufacturer a non-exclusive license during the Term to use any Customer Property and Customer-Owned Improvements and Developments solely in connection with Manufacturer performing its obligations under this Agreement or the Facility Addendum in accordance with the terms hereof or thereof, as applicable",46,Customer gives the Manufacturer a non-exclusive license to use the Customer property and customer-owneded improvements.,Customer grants to Manufacturer a non-exclusive license during the Term to use any Customer Property and Customer-Owned Improvements and Developments solely in connection with the obligations under the Agreement.,You're giving the manufacturer permission to use your property and any improvements you make only for the work they need to do under this agreement.
1864,UpjohnInc_20200121_10-12G_EX-2.6_11948692_EX-2.6_Manufacturing Agreement_ Supply Agreement,Audit Rights,"foregoing sentence, Customer may more frequently conduct ""for cause"" physical inspections or audits of a Facility with five (5) days' advance written notice to Manufacturer if Customer has reasonable cause to believe that an inspection or audit of such Facility is warranted because Manufacturer's activities with respect to such Facility are in breach of this Agreement, applicable Laws, the Quality Agreement or the applicable Facility Addendum.",66,the service may conduct physical inspections or audits of a Facility with five days' notice to the Manufacturer.,when the service wants to conduct a physical inspection or audit of a Facility they must provide a reason.,the customer can inspect the manufacturer's facility with just 5 days' notice if they have a good reason to believe the manufacturer is breaking the agreement or the law.
6066,CHANGEPOINTCORP_03_08_2000-EX-10.6-LICENSE AND HOSTING AGREEMENT,Expiration Date,"The term of this Agreement shall commence on the Effective Date          and, subject to the provisions of this Agreement, shall continue in          full force and effect for an initial period of five (5) years.",34,this agreement starts on the Effective Date and lasts for five years.,terms may be changed any time at their discretion without notice to the user.,This agreement starts on the effective date and lasts for five years.
6620,"VAXCYTE,INC_05_22_2020-EX-10.19-SUPPLY AGREEMENT",Cap On Liability,"SUTRO'S LIABITY TO SUTROVAX FOR THIRD PARTY PENALTIES, COSTS AND EXPENSES UNDER SECTION 2.9 SHALL NOT EXCEED [REDACTED AMOUNT].",18,this service assumes no liability for any losses or damages resulting from any losses.,"SUTRO'S LIABILITY FOR THIRD PARTY PENALTIES, COSTS AND EXPENSES UNDER SECTION 2.9 SHALL NOT EXCEED.",Sutro's responsibility to pay Sutrovax for third-party penalties and costs is limited to a certain amount.
13552,INGEVITYCORP_05_16_2016-EX-10.5-INTELLECTUAL PROPERTY AGREEMENT,Ip Ownership Assignment,"If Parent or SpinCo is unable to obtain, or to cause to be obtained, any such required consent, substitution, approval, amendment or release as set forth in Section 2.4(a) and the applicable member of the Parent Group continues to be bound by such agreement, lease, license or other obligation or Liability (each, an ""Unreleased SpinCo IP Liability""), SpinCo shall, to the extent not prohibited by Law, as indemnitor, guarantor, agent or subcontractor for such member of the Parent Group, as the case may be, (i) pay, perform and discharge fully all the obligations or other Liabilities of such member of the Parent Group that constitute Unreleased SpinCo IP Liabilities from and after the Effective Time and (ii) use its commercially reasonable efforts to effect such payment, performance or discharge prior to any demand for such payment, performance or discharge is permitted to be made by the obligee thereunder on any member of the Parent Group.",155,"if parent or SpinCo cannot obtain the required consent and the applicable member of the parent group is not entitled to a payment or discharge before the effective time of the payment, performance or discharge is permitted by law.",you waive your right to a class action.,"If SpinCo can't get permission to transfer certain agreements or obligations to itself, SpinCo will pay for and handle those obligations on behalf of the parent company instead."
199,DovaPharmaceuticalsInc_20181108_10-Q_EX-10.2_11414857_EX-10.2_Promotion Agreement,License Grant,"[REDACTED], Valeant hereby grants to Dova a fully paid-up, royalty free, non-transferable, non- exclusive license (with a limited right to sub-license to its Affiliates) to any Valeant Property that appears on, embodied on or contained in the Product materials or Product Labeling solely for use in connection with Dova's promotion or other commercialization of the Product in the Territory.",59,Valeant gives Dova a license to use any Valeant property.,you grant a royalty free license to Dova.,Valeant gives Dova a free license to use Valeant's materials that are in the product or its labeling only for selling and promoting the product in the agreed territory.
7073,"FOUNDATIONMEDICINE,INC_02_02_2015-EX-10.2-Collaboration Agreement",Affiliate License-Licensee,"for FMI to develop, make, have made, use, offer for sale, sell, import and commercialize the Immuno-Biomarker Discovery Platform, Signature Identification services, Clinical Study assays, CDx assays, or any other FMI testing or services (including that are part of the Genomic Analysis Platform).",43,this service allows you to use the Immuno-Biomarker Discovery Platform.,this service does not track you.,"FMI has the right to develop, make, use, sell, and commercialize their testing services and platforms."
3832,RitterPharmaceuticalsInc_20200313_S-4A_EX-10.54_12055220_EX-10.54_Development Agreement,Notice Period To Terminate Renewal,The initial term of this Agreement and any renewal term thereof shall be automatically extended at the end of the initial term and any renewal term thereof for an additional one (1) year period unless either Party notifies the other Party not less than six (6) months before the end of the then in effect term of its intent to terminate this Agreement,63,the terms of this Agreement will automatically be extended at the end of the initial term and any renewal term for an additional year.,terms may be changed any time at their discretion without notice to the user.,The agreement automatically renews for one more year unless either side tells the other at least 6 months before it ends that they want to stop.
1811,UpjohnInc_20200121_10-12G_EX-2.6_11948692_EX-2.6_Manufacturing Agreement_ Supply Agreement,Expiration Date,"Unless otherwise provided in the applicable Facility Addendum, this Agreement (a) shall commence on the Effective Date and shall continue for a period of four (4) years from such date (the ""Initial Term"" of this Agreement), unless sooner terminated pursuant to Section 7.3, 7.4, 7.5, 7.6 or 7.7, and (b) may be extended for up to three (3) additional periods of twelve (12) months (each, an ""Extension Period"") by written notice given by Customer to Manufacturer not less than twelve (12) months prior to the expiration of the Initial Term or the applicable Extension Period, as the case may be.",100,this agreement starts on the Effective Date and will keep going for 4 years from the date of the first term.,terms may be changed any time at their discretion without notice to the user.,"This agreement lasts for four years from the start date, and you can extend it for up to three more one-year periods if you give written notice at least 12 months before it expires."
197,DovaPharmaceuticalsInc_20181108_10-Q_EX-10.2_11414857_EX-10.2_Promotion Agreement,License Grant,"During the Term, subject to the terms and conditions of this Agreement, Dova hereby grants to Valeant the right, on a co-exclusive basis (solely with Dova and its Affiliates), to Detail and promote the Product in the Specialty in the Territory in the Field, and to conduct the Valeant Activities and the activities of the institutional account management team (pursuant to and subject to the terms of Section 4.1.5) for the Product in the Territory in the Field in accordance with the terms and conditions of this Agreement.",88,During the time this agreement is in effect Valeant has the right to promote and promote the Product in the Territory in the Field.,this service does not guarantee quality.,"Valeant can market and promote the product in certain medical specialties and regions, but Dova can also do the same since it's a shared (co-exclusive) agreement."
3831,RitterPharmaceuticalsInc_20200313_S-4A_EX-10.54_12055220_EX-10.54_Development Agreement,Renewal Term,The initial term of this Agreement and any renewal term thereof shall be automatically extended at the end of the initial term and any renewal term thereof for an additional one (1) year period unless either Party notifies the other Party not less than six (6) months before the end of the then in effect term of its intent to terminate this Agreement.,63,the terms of this Agreement will automatically be extended at the end of the initial term and any renewal term for an additional year.,terms may be changed any time at their discretion without notice to the user.,This agreement automatically renews for one more year unless either side tells the other at least 6 months before it ends that they want to stop.
1822,UpjohnInc_20200121_10-12G_EX-2.6_11948692_EX-2.6_Manufacturing Agreement_ Supply Agreement,Competitive Restriction Exception,"In the event of a Triggering Event, Customer's Exclusive Purchase Requirement with respect to each and every Product that is the subject of the Triggering Event shall be temporarily suspended until such time as Manufacturer notifies Customer that Manufacturer is able to resume the manufacture and supply of the subject Product(s) on the terms and conditions of this Agreement (such period referred to as the ""Exclusive Purchase Requirement Suspension Period""); provided that, (i) during such Exclusive Purchase Requirement Suspension Period, Customer shall use commercially reasonable efforts to limit its orders for the subject Product(s) to the quantities specified in the last Forecast that preceded the Triggering Event for the applicable period(s) and promptly notify Manufacturer in the event and to the extent that Customer's orders exceed such quantities specified in such Forecast and (ii) Customer shall be entitled to take delivery of Product(s) ordered during the Exclusive Purchase Requirement Suspension Period even if such delivery is scheduled for or actually occurs subsequent to the Exclusive Purchase Requirement Suspension Period.",169,if a triggering event occurs the service will stop providing the products.,this service assumes no liability for any losses or damages resulting from a Triggering Event.,"if the manufacturer can't make a product due to a triggering event, the customer doesn't have to buy only from them temporarily. during this time, the customer should try to order only what was previously forecasted and tell the manufacturer if they order more. the customer can still receive orders placed during this period even after the manufacturer resumes normal operations."
8804,PaperexchangeComInc_20000322_S-1A_EX-10.4_5202103_EX-10.4_Co-Branding Agreement,Revenue/Profit Sharing,"(as defined below) for a new customer that turns into a sale of advertising on Pulp and Paper. Online or Packaging Online, including, without limitation, the Co-Branded Sites, VerticalNet shall pay to PaperExchange a commission of ***** of the Net Advertising Revenue resulting from such sale of advertising, with the exception that if such advertising is on the Co-branded Career Center, VerticalNet shall pay PaperExchange a commission of ***** of the Net Advertising Revenue resulting from such sale of advertising.",80,VerticalNet will pay PaperExchange a commission of ***** of the Net advertising revenue resulting from such sale.,the service will pay you a commission of ***** of the Net Advertising Revenue resulting from such sale.,"VerticalNet pays PaperExchange a commission on advertising revenue from new customers, with a different commission rate for ads on the Career Center."
8092,AudibleInc_20001113_10-Q_EX-10.32_2599586_EX-10.32_Co-Branding Agreement_ Marketing Agreement_ Investment Distribution Agreement,Audit Rights,The Auditing Party agrees that any information learned or disclosed by its auditor in connection with such audit is Confidential Information of the Audited Party.,25,the auditing party agrees not to disclose confidential information.,the party agrees not to disclose confidential information.,Information that an auditor learns during an audit is considered confidential and belongs to the company being audited.
11914,GluMobileInc_20070319_S-1A_EX-10.09_436630_EX-10.09_Content License Agreement1,Non-Transferable License,"Subject to Fox's compliance with the terms and conditions of this Agreement, including its payment obligations in accordance with Section 7, Licensee hereby grants to Fox a limited, non-exclusive, non-transferable (except as permitted in Section 17(d)), right to distribute Licensee Materials (as defined in Paragraph 11 (c)) to VGSL and T-Mobile, solely as incorporated into Wireless Products, and to authorize VGSL and T-Mobile to distribute such Wireless Products to end users outside of the United States.",76,if Fox complies with the terms of this Agreement and its payment obligations are met by the end users outside the United States.,licensee assumes no liability for any losses or damages resulting from the sale of the products.,"Fox can distribute your materials to VGSL and T-Mobile for use in wireless products sold outside the US, as long as Fox pays what it owes and follows the agreement."
7047,"FOUNDATIONMEDICINE,INC_02_02_2015-EX-10.2-Collaboration Agreement",Most Favored Nation,"FMI agrees that the pricing terms for Products and Services provided by FMI to Roche herein, and services provided under the Molecular Information Platform Program, are, and will be, at least as favorable as the pricing terms granted by FMI to any existing customer or collaborator for such (or substantially similar) products or services.",54,FMI agrees that the pricing terms for Products and Services provided by Roche are at least as favorable to existing customers or collaborators than they are to any new customer or collaborator.,this service assumes no liability for any losses or damages resulting from the sale.,FMI promises to give Roche prices that are at least as good as the prices it gives to any other customer for the same or similar products and services.
968,HealthcareIntegratedTechnologiesInc_20190812_8-K_EX-10.1_11776966_EX-10.1_Reseller Agreement,Minimum Commitment,"If Reseller fails to submit Orders with an aggregate value equal to or greater than the MOQ, then Reseller shall pay Supplier a sum equal to the shortfall, within 30 days after the end of the Initial Term.",38,if Reseller doesn't submit Orders within 30 days of the end of the Initial Term the Supplier will pay back.,"if Reseller fails to submit Orders with an aggregate value equal to or greater than the MOQ, then Reseller shall pay Supplier a sum equal to the shortfall, within 30 days after the end of the Initial Term.","If you don't order enough products to meet the minimum amount required, you have to pay the supplier the difference within 30 days after your initial contract period ends."
205,DovaPharmaceuticalsInc_20181108_10-Q_EX-10.2_11414857_EX-10.2_Promotion Agreement,Audit Rights,"Valeant shall have the right, at its own expense, during normal business hours and upon reasonable prior notice, through certified public accounting firm or other auditor selected by Valeant and reasonably acceptable to Dova and upon execution of a confidentiality agreement reasonably satisfactory to Dova in form and substance, to inspect and audit the applicable records and books maintained by Dova for purposes of verifying Dova's payment obligations within this Agreement, including the applicable records and books of account maintained by Dova, or any Affiliate, as applicable, with respect to Net Sales in order to confirm the accuracy and completeness of such records and books of account and all payments hereunder; provided, however, that (i) such examination shall not take place more often than once per every twelve (12) months during the Term and once during the one (1) year period following the end of the Term, and (ii) such examination shall not cover a period of time that has previously been audited; provided that Valeant shall have the right to conduct additional ""for cause"" audits to the extent necessary to address significant problems relating to Dova's payment obligations hereunder.",190,Valeant has the right to audit the records of Dova.,you have the right to request an audit.,"Valeant can audit Dova's financial records once a year during business hours to verify payments are correct, but only after giving notice and having an auditor sign a confidentiality agreement. Valeant can do extra audits if there are serious payment problems."
13573,INGEVITYCORP_05_16_2016-EX-10.5-INTELLECTUAL PROPERTY AGREEMENT,Post-Termination Services,"Subject to subsections (i)-(iii) of this Section 5.1(a), each Party agrees that prior to the date that is six (6) months after the Effective Time (""Delivery Date""), it will deliver possession of any Tangible/Intangible Information of the other Party that is in its possession or control to the other Party, without retaining any copies.",54,when the service wants to deliver possession of your personal data to the other party without retaining any copies.,"when the service wants to deliver possession of Tangible or Intangible data to the other Party, they notify the other party.","Each party must return all the other party's information and documents within six months after the deal starts, and can't keep copies for themselves."
10438,EUROPEANMICROHOLDINGSINC_03_06_1998-EX-10.6-DISTRIBUTOR AGREEMENT,Minimum Commitment,"During the Term, Distributor will make Gross      Purchases in an amount at least equal to the cumulative Guaranteed Minimum      Purchase amounts through committed orders placed pursuant to paragraph 3.5      and calling for shipment on or before the dates set forth in Exhibit A.",43,During the Term the Distributor will make gross purchases of at least equal to the cumulative Guaranteed Minimum Purchase amounts.,"when the service wants to make a sale on or before the date of the sale, they will make a payment of at least a certain amount.","During the agreement, the distributor must buy at least the minimum amount of products shown in the attached schedule by the dates listed there."
3776,GpaqAcquisitionHoldingsInc_20200123_S-4A_EX-10.6_11951677_EX-10.6_License Agreement,Rofr/Rofo/Rofn,"If the Village Media Company elects to exercise its right of first refusal, the terms of the offer shall apply, the applicable license shall be subject to the terms and conditions of this Agreement and the Village Media Company shall pay to PFHOF a License Fee (as defined below) for such license in accordance with this Agreement.",57,if the Village Media Company wants to exercise its right to a license it must pay PFHOF a license fee.,"if the service loses its right to a class action, the court of law governing the terms is changed.","If Village Media Company uses its right of first refusal, it must accept the offer on the same terms and pay the license fee outlined in this agreement."
6621,"VAXCYTE,INC_05_22_2020-EX-10.19-SUPPLY AGREEMENT",Cap On Liability,"EXCEPT (I) WITH RESPECT TO ANY BREACH OF ARTICLE 8 (CONFIDENTIALITY), (II) FOR THIRD PARTY PENALTIES, COSTS AND EXPENSES AS SET FORTH IN SECTION 2.9, OR (III) FOR [REDACTED AMOUNT], TO THE MAXIMUM EXTENT PERMITTED BY LAW, (A) NEITHER PARTY SHALL BE LIABLE TO THE OTHER PARTY FOR ANY INDIRECT, INCIDENTAL, CONSEQUENTIAL, SPECIAL OR PUNITIVE DAMAGES, WHETHER LIABILITY IS ASSERTED IN CONTRACT, TORT (INCLUDING NEGLIGENCE), STRICT LIABILITY, OR ANY OTHER THEORY OR FORM OF ACTION, EVEN IF SUCH PARTY HAS BEEN ADVISED OF THE POSSIBILITY THEREOF; AND (B) EACH PARTY'S TOTAL LIABILITY TO THE OTHER PARTY UNDER THIS SUPPLY AGREEMENT SHALL NOT EXCEED [REDACTED AMOUNT].",103,this service assumes no liability for any losses or damages resulting from any breach of this agreement.,you waive your right to a class action.,"neither company can sue the other for indirect or punitive damages, except for confidentiality breaches or third-party costs. each company's total liability is capped at a certain amount."
6101,CHANGEPOINTCORP_03_08_2000-EX-10.6-LICENSE AND HOSTING AGREEMENT,Unlimited/All-You-Can-Eat-License,Customer is granted an unlimited number of Client Access Licenses.,10,the service allows you to use pseudonyms.,the service provides access to your personal data.,You can have as many people access the service as you want.
13392,TubeMediaCorp_20060310_8-K_EX-10.1_513921_EX-10.1_Affiliate Agreement,License Grant,"Network hereby grants to Affiliate the exclusive right via Broadcast Television, and Affiliate hereby accepts such exclusive right and the obligation during the Term to broadcast the Service via Broadcast Television (i) over the transmission facilities of each Station identified on Exhibit A, which is licensed by the FCC to serve the community for each such Station (the ""Licensed Community""), for receipt by TV Households in the DMA in which the Licensed Community is located, as such DMA is identified on Exhibit A, and (ii) over the transmission facilities of any Acquired Station, except to the extent that, as of the date Affiliate notifies Network in writing of its binding agreement to acquire such Acquired Station, (A) another Broadcast Television station in the same DMA as the Acquired Station has exclusive rights to broadcast the Service, or (B) the Acquired Station is obligated to broadcast other material that precludes it from also carrying the Service.",155,Network gives Affiliate the exclusive right to broadcast the Service via Broadcast Television.,you grant to Affiliate the exclusive right to broadcast the Service via Broadcast Television.,"the network gives the affiliate the exclusive right to broadcast a service on specific TV stations in certain areas, unless another station in that area already has exclusive rights or the station is obligated to broadcast other content instead."
1885,UpjohnInc_20200121_10-12G_EX-2.6_11948692_EX-2.6_Manufacturing Agreement_ Supply Agreement,Cap On Liability,"NOTWITHSTANDING ANY OTHER PROVISION OF THIS AGREEMENT TO THE CONTRARY, EXCEPT FOR DAMAGES OR CLAIMS ARISING OUT OF (I) A BREACH OF SECTION 13 OF THIS AGREEMENT, (II) CUSTOMER LIABILITIES PURSUANT TO, AND SUBJECT TO THE LIMITATIONS SET FORTH IN, SECTION 2.5(E), (III) A PARTY'S OR ITS PERSONNEL'S GROSS NEGLIGENCE, FRAUD OR WILLFUL MISCONDUCT, (IV) A PARTY'S WILLFUL BREACH OF THIS AGREEMENT, OR (V) A PARTY'S INDEMNIFICATION OBLIGATION WITH RESPECT TO THIRD PARTY CLAIMS UNDER SECTION 10.1 OR SECTION 10.2, IN NO EVENT SHALL EITHER PARTY BE LIABLE TO THE OTHER PARTY OR ANY INDEMNIFIED PARTY HEREUNDER FOR ANY CONSEQUENTIAL DAMAGES, SPECIAL DAMAGES, INCIDENTAL OR INDIRECT DAMAGES, LOSS OF REVENUE OR PROFITS, DIMINUTION IN VALUE, DAMAGES BASED ON MULTIPLE OF REVENUE OR EARNINGS OR OTHER PERFORMANCE METRIC, LOSS OF BUSINESS REPUTATION, PUNITIVE AND EXEMPLARY DAMAGES OR ANY SIMILAR DAMAGES ARISING OR RESULTING FROM OR RELATING TO THIS AGREEMENT, WHETHER SUCH ACTION IS BASED ON WARRANTY, CONTRACT, TORT (INCLUDING NEGLIGENCE OR STRICT LIABILITY) OR OTHERWISE.",164,this service assumes no liability for any losses or damages resulting from any matter relating to this service.,you waive your right to a class action.,"neither party can sue the other for indirect damages like lost profits or business reputation, except in cases of fraud, willful misconduct, serious breaches, or certain liability situations."
8794,PaperexchangeComInc_20000322_S-1A_EX-10.4_5202103_EX-10.4_Co-Branding Agreement,Competitive Restriction Exception,"Except as set forth in Sections 4.3  [Non-Competition] and 5.8  [Non-Competition], nothing in this Agreement shall be construed as preventing either party from developing other co-branded versions of its materials, data, information and content.",34,this agreement does not stop either party from developing other co-branded products.,you maintain ownership of your data.,"Both companies can create other branded versions of their materials and information, except in the non-competition sections of the agreement."
6780,GpaqAcquisitionHoldingsInc_20200123_S-4A_EX-10.8_11951679_EX-10.8_Service Agreement,Non-Transferable License,"Constellation grants to the HOF Entities a nonexclusive, nontransferable, royalty-free license to use the marks set forth on Exhibit G (""Constellation's Marks"") in the United States or online throughout the Term solely in connection with the Sponsorship Rights, the advertising and promotion of the Village, including any musical, athletic or other live performance events at the Village, in connection with the name of the Center for Excellence and/or any Co-Branded Center for Excellence Logos and otherwise as expressly contemplated by this Agreement.",82,Constellation gives the HOF Entities the right to use the brand name.,"Constellation grants to the HOF Entities a nonexclusive, nontransferable, royalty-free license to use the marks set forth on Exhibit G (""Constellation's Marks"").","Constellation lets the HOF Entities use their brand names and logos in the U.S. and online only for promoting the Village, events there, and the Center for Excellence as described in this agreement."
11800,WebmdHealthCorp_20050908_S-1A_EX-10.7_1027007_EX-10.7_Content License Agreement,Expiration Date,"This Agreement shall be effective as of the Effective Date and shall expire on the Expiration Date set forth above (the ""Initial Term""), unless earlier terminated in accordance with Section 3(b).",31,this agreement starts on the Effective Date and will last until the end of the first term.,terms may be changed any time at their discretion without notice to the user.,"This agreement starts on the effective date and ends on the expiration date listed above, unless it's ended early according to the termination rules."
9795,MusclepharmCorp_20170208_10-KA_EX-10.38_9893581_EX-10.38_Co-Branding Agreement,Expiration Date,This Agreement shall have an Initial Term of three (3) years.,11,this agreement lasts for 3 years.,this service is only available to users of a certain age.,This agreement lasts for three years.
3836,RitterPharmaceuticalsInc_20200313_S-4A_EX-10.54_12055220_EX-10.54_Development Agreement,Exclusivity,"Qualigen hereby appoints Sekisui, and Sekisui accepts the appointment to act on an exclusive basis pursuant to the terms and conditions of this Agreement, as a distributor for the sale of the Products in the Territory.",36,Qualigen gives Sekisui the right to sell the Products in the Territory.,Qualigen hereby appoints Sekisui.,Qualigen is giving Sekisui the exclusive right to sell their products in a specific area.
3845,RitterPharmaceuticalsInc_20200313_S-4A_EX-10.54_12055220_EX-10.54_Development Agreement,Anti-Assignment,"The Agreement shall not be assigned and is not assignable or delegable by either Party without the written consent of the other, which consent shall not be unreasonably withheld; provided, that Sekisui and Qualigen each may assign this Agreement without the consent of the other to a successor in connection with the merger, consolidation or sale of such Party or of all or substantially all of its assets or the portion of its business to which this Agreement relates.",79,you cannot transfer this Agreement without the other party's written consent.,this Agreement is not transferable or delegated.,"Neither party can transfer this agreement to someone else without written permission from the other party, except that either company can transfer it to a buyer if they're sold or merged without asking permission first."
365,PfHospitalityGroupInc_20150923_10-12G_EX-10.1_9266710_EX-10.1_Franchise Agreement3,Non-Compete,"Member covenants and agrees that during the Post-Term Period (defined below), except as otherwise approved in writing by Franchisor, Member shall not, either directly or indirectly, own, manage, engage in, be employed by, advise, make loans to, consult for, or have any other interest in any Competitive Business that is, or intends to operate, within a three (3) mile radius of the premises of your Franchised Business or within a three (3) mile radius of any Franchised Business then-operating or under construction to operate under the System.",87,Member agrees not to be involved in any business that operates under the System.,you waive your right to a class action.,"After you stop being a franchisee, you can't work in a competing business within 3 miles of your old location or any other franchise location for a set period of time without written permission."
962,HealthcareIntegratedTechnologiesInc_20190812_8-K_EX-10.1_11776966_EX-10.1_Reseller Agreement,Notice Period To Terminate Renewal,"Following the Initial Term, either Party may terminate this Agreement without cause upon written notice to the other Party of at least 3 months.",24,the parties agree not to terminate the Agreement without written notice to the other.,the court of law governing the terms is in your favor.,"After the first contract period ends, either side can end the agreement by giving the other side 3 months written notice."
11891,GluMobileInc_20070319_S-1A_EX-10.09_436630_EX-10.09_Content License Agreement1,Minimum Commitment,"A minimum of:

1 Java Game (2-D or 3-D to be mutually agreed provided that if the parties are unable to reach an agreement, Licensee's decision will prevail)

1 Java Application ('Screensaver') where feasible

5 MMS

10 Wallpapers

5 Voicetones, if talent agreements so allow",45,this service allows the use of both the 2-D and 3-D game.,you can opt out of the service if you want to.,"You need to create at least one Java game, one screensaver application, five multimedia messages, ten wallpapers, and five voicetones (if allowed by talent agreements)."
4617,MACROGENICSINC_08_02_2013-EX-10-COLLABORATION AGREEMENT,Cap On Liability,"NEITHER PARTY SHALL BE LIABLE TO THE OTHER FOR ANY SPECIAL, CONSEQUENTIAL, INCIDENTAL, PUNITIVE, OR INDIRECT DAMAGES OR FOR LOST PROFITS ARISING FROM OR RELATING TO ANY BREACH OF THIS AGREEMENT, REGARDLESS OF ANY NOTICE OF THE POSSIBILITY OF SUCH DAMAGES.",41,Neither party is responsible for any losses or damages resulting from any breach of this agreement.,you wave your right to a class action.,"Neither you nor the company can sue each other for indirect damages or lost profits, even if you knew it might happen."
6127,CHANGEPOINTCORP_03_08_2000-EX-10.6-LICENSE AND HOSTING AGREEMENT,Cap On Liability,"(c)      Customer's exclusive remedy and Changepoint's sole obligation with respect to the breach of any of the foregoing warranties is for Changepoint to (i) make commercially reasonable efforts to correct or provide Customer with a workaround for the failure of the Licensed Software to conform substantially to the description thereof in the Documentation or to comply with the Y2K Warranty, as the case may be, or, at Changepoint's sole option, provide Customer with a refund for the License Fees paid with respect to such Licensed Software, and (ii) provide Customer with replacement media in the event there are defects in materials or workmanship in the media upon which the Licensed Software and Documentation are provided if the media is returned to Changepoint within the Warranty Period.",126,Changepoint is responsible for any losses or damages resulting from the breach of any of the foregoing warranties.,you waive your right to a class action.,"If the software doesn't work as described or has defects, Changepoint will either fix it, give you a workaround, refund your money, or replace the media it came on."
1851,UpjohnInc_20200121_10-12G_EX-2.6_11948692_EX-2.6_Manufacturing Agreement_ Supply Agreement,Post-Termination Services,"Upon termination of this Agreement by Customer in whole or in part or upon the termination of any Facility Addendum, in each case, pursuant to Section 7.3, 7.4, 7.5 or 7.6, and on a terminated-Product-by-terminated-Product basis, at Customer's option and pursuant to Customer's instructions, Manufacturer shall provide Customer with sufficient inventory of such terminated Product to ensure business continuity according to then-current terms and pricing (subject to Section 3) until the earlier of: (i) Customer's identification of, and securing of Regulatory Approval for, another supplier of such terminated Product or (ii) unless otherwise set forth in the applicable Facility Addendum as the ""Inventory Tail Period"" for such Product, a time period that reflects Customer's reasonable needs of such Product as mutually agreed upon by the Parties in good faith.",129,if the Manufacturer wants to terminate the agreement they must provide the Customer with sufficient inventory of the terminated Product.,if the service terminates after a certain period of time customers are notified a week or more in advance.,"if you end your agreement with the manufacturer, they'll provide you enough inventory of the product you're canceling to keep your business running until you find another supplier or until an agreed-upon time period ends."
8829,PaperexchangeComInc_20000322_S-1A_EX-10.4_5202103_EX-10.4_Co-Branding Agreement,Liquidated Damages,"if the agreement is terminated during the Initial Term by PaperExchange pursuant to Section 8.2  [Termination for Cause], VerticalNet shall pay to PaperExchange, as liquidated damages, an amount equal to the product determined by multiplying (1) a fraction, the numerator of which shall be the number of days between the effective date of termination and the scheduled expiration date of the Initial Term, and the denominator of which shall be the number of days",74,if the agreement is ended during the first term by PaperExchange pursuant to Section 8.2.,the court of law governing the terms is in the jurisdiction of PaperExchange.,"If PaperExchange ends the agreement early for cause, VerticalNet has to pay damages based on how many days are left in the contract term."
11808,WebmdHealthCorp_20050908_S-1A_EX-10.7_1027007_EX-10.7_Content License Agreement,License Grant,"WebMD agrees to grant, and Emdeon agrees to accept, a license to use the Content (as defined below) in connection with various software products it has all right title and interest to (the ""Software"") in accordance with the terms of this Agreement.",42,the service gives Emdeon the right to use the Content.,this service assumes ownership of your data.,WebMD is giving Emdeon permission to use their content with Emdeon's software products according to this agreement.
11678,ALAMOGORDOFINANCIALCORP_12_16_1999-EX-1-AGENCY AGREEMENT,Governing Law,This  Agreement  shall  be  construed  in accordance with the laws of the State of Kansas.,15,the court of law governing the terms is in the state of Kansas.,the court of law governing the terms is in the state of Kansas.,This agreement is governed by Kansas state law.
6615,"VAXCYTE,INC_05_22_2020-EX-10.19-SUPPLY AGREEMENT",Audit Rights,"Accordingly, to permit the Quality Agreement to be finalized within such period, Sutro shall provide SutroVax or its designee access to Sutro's Facilities and records to enable SutroVax or its designee to complete an audit pursuant to Section 5.1 within [REDACTED] days after the Effective Date.",46,"to allow the Quality Agreement to be finalized within a certain time period, SutroVax provides an audit.",users are notified a week or more in advance.,Sutro must give SutroVax access to its facilities and records so SutroVax can complete an audit within a certain number of days after the agreement starts.
236,"PACIRA PHARMACEUTICALS, INC. - A_R STRATEGIC LICENSING, DISTRIBUTION AND MARKETING AGREEMENT ",Change Of Control,"(iii) upon any Change of Control (as defined in Section 20.4) of PPI, by repayment to EKR in full of the balance of the  Advanced Royalty Payment not previously used for offsets, which payment shall be made to EKR by PPI within ten  (10) days after the closing date (without any conditions) of any such Change of Control.",58,if the service wants to change its terms users are notified a week or more in advance.,if the service wants to change its terms users are notified a week or more in advance.,"if the company changes ownership, it must pay back any unused advance royalty money to EKR within 10 days after the ownership change closes."
8827,PaperexchangeComInc_20000322_S-1A_EX-10.4_5202103_EX-10.4_Co-Branding Agreement,Cap On Liability,"EXCEPT IN CONNECTION WITH A BREACH BY EITHER PARTY OF ARTICLE 10, THE INDEMNIFICATION OBLIGATIONS OF PAPEREXCHANGE UNDER SECTION 12.4(c)  [Indemnification by PaperExchange] AND THE INDEMNIFICATION OBLIGATIONS OF VERTICALNET UNDER SECTION 12.5(c)  [Indemnification by VerticalNet], EACH PARTY'S LIABILITY FOR DAMAGES HEREUNDER SHALL NOT EXCEED $1,000,000.",45,this service assumes no liability for any losses or damages resulting from any breach of this agreement.,you waive your right to a class action.,"Each company's total liability for damages is capped at $1 million, except for certain breaches and indemnification claims which may have different limits."
13387,TubeMediaCorp_20060310_8-K_EX-10.1_513921_EX-10.1_Affiliate Agreement,Volume Restriction,"Network's failure, for reasons other than force majeure, to deliver a signal meeting the requirements of this Section 5(a) for more than twelve (12) hours in any consecutive thirty (30) day period without the written consent of Affiliate shall constitute a material breach of this Agreement, not subject to the cure provisions of Section 10(d); provided, however that Affiliate shall provide Network with notice of each event in which Network fails to deliver a signal meeting the requirements of this Section 5(a) as soon as reasonably practicable.",87,failure to deliver a signal meeting the requirements of this Section 5(a) for more than 12 hours without Affiliate's written consent is not a material breach of this Agreement.,if the service fails to deliver a signal meeting the requirements of this provision users are notified a week or more in advance.,"if the network fails to send a proper signal for more than 12 hours in any 30-day period, it's a serious breach of the agreement that can't be fixed. the affiliate must notify the network as soon as possible when this happens."
3781,GpaqAcquisitionHoldingsInc_20200123_S-4A_EX-10.6_11951677_EX-10.6_License Agreement,Rofr/Rofo/Rofn,"In addition to and without limiting any other provision of this Agreement, in the event the Village Media Company or HOFV fails to pay the Annual Guarantee to PFHOF in accordance with Section 5.1 and such failure is not cured within thirty (30) days of notice thereof by PFHOF, then the rights of first offer granted to HOFV in Section 3.1 of the First Amended and Restated License Agreement, dated as of September 16, 2019 between PFHOF and HOFV (the ""License Agreement"") shall automatically and immediately terminate, regardless of whether PFHOF elects not to terminate this Agreement in accordance Section 4.2.",101,if the Village Media Company or HOFV don't pay the Annual Guarantee within 30 days of notice to PFHOF they will immediately terminate the agreement.,"if you fail to pay the Annual Guarantee to PFHOF in accordance with Section 5.1 of the First Amended and Restated License Agreement, you can terminate the agreement.","if the Village Media Company doesn't pay the required annual fee within 30 days of being notified, they lose their right to make the first offer to buy certain things, even if the main agreement stays in effect."
6623,"VAXCYTE,INC_05_22_2020-EX-10.19-SUPPLY AGREEMENT",Insurance,". Each Party shall provide the other with written notice at least [REDACTED AMOUNT] days prior to the cancellation, non renewal or material change in such insurance.",26,the service must notify the user at least [REDACTED AMOUNT] days in advance.,you must provide a written notice of cancellation a week or more in advance.,"Each side must give the other written notice at least [amount] days before canceling, not renewing, or making major changes to insurance."
8785,PaperexchangeComInc_20000322_S-1A_EX-10.4_5202103_EX-10.4_Co-Branding Agreement,Non-Compete,"VerticalNet and PaperExchange shall be responsible for the sale of all advertising on the Co-Branded Sites; provided, however, that neither party shall sell advertising on the Co-Branded Sites to a competitor (as defined in 1.16 and 1.25) and provided that each party shall submit any proposed advertising for the Co-Branded Sites to the other party for its prior written approval, such approval not to be unreasonably withheld, delayed or conditioned.",70,VerticalNet and PaperExchange are responsible for operating the service.,this service assumes no liability for any advertising on the Co-Branded Sites.,"VerticalNet and PaperExchange both handle selling ads on their shared website, but neither can sell ads to competitors and both must approve any ads the other wants to run."
224,"PACIRA PHARMACEUTICALS, INC. - A_R STRATEGIC LICENSING, DISTRIBUTION AND MARKETING AGREEMENT ",Renewal Term,Thereafter  the term of this Agreement shall automatically renew for consecutive periods of two (2) years each.,17,this service will automatically continue for two years at a time.,terms may be changed any time at their discretion without notice to the user.,"Your agreement will automatically renew for another two years after it ends, and this will keep happening unless you cancel it."
6769,GpaqAcquisitionHoldingsInc_20200123_S-4A_EX-10.8_11951679_EX-10.8_Service Agreement,Governing Law,"This Agreement shall be governed by and construed in accordance with the laws of the State of Ohio, without reference to principles of conflicts of law.",26,the court of law governing the terms is in the state of Ohio.,the court of law governing the terms is in the state of Ohio.,This agreement is governed by Ohio state law.
6084,CHANGEPOINTCORP_03_08_2000-EX-10.6-LICENSE AND HOSTING AGREEMENT,License Grant,"Subject to the terms and conditions of this          Agreement, Changepoint hereby grants to Corio a fee-bearing,          irrevocable, nonexclusive, nontransferable (except in accordance with          Section 14.1 of this Agreement) license in the Territory to (i)          reproduce the Software in machine executable object code format only          for installation on the Corio Servers; (ii) install multiple copies of          the Software on Corio's Servers which will be made remotely accessible          to Corio's Customers for their internal business purposes, (iii) permit          limited access to and use of the Software by Customers through Corio          Servers solely for such Customer's internal business purposes; (iv)          sublicense an unlimited number of Customers to access and use the          Software only through the installation on Corio Servers solely for such          Customer's internal business purposes; and (v) use Changepoint's tools          and utilities, if any, subject to any restrictions placed on the          Changepoint by third party software providers and payment of any          applicable fees required by such third parties, to configure, integrate          and manage the Software. Corio shall not authorize Customers to          download or reproduce the Software for use except as necessary in          connection with the Corio Services.",185,changepoint gives Corio a license to use the Software in two ways.,changepoint gives you a license to use the Software in machine executable object code format only for business purposes.,"Changepoint lets Corio use their software on Corio's servers so Corio's customers can access it for their own business needs, but customers can't download or copy the software themselves."
406,CerenceInc_20191002_8-K_EX-10.4_11827494_EX-10.4_Intellectual Property Agreement,Irrevocable Or Perpetual License,"Subject to the terms and conditions of this Agreement, as of the Distribution Date, SpinCo hereby grants to Nuance and the members of the Nuance Group a worldwide, non-exclusive, fully paid-up, perpetual and irrevocable, transferable (subject to ARTICLE VIII), sublicensable (subject to Section 4.01(g)) license to continue to use any SpinCo IP (other than SpinCo Patents, SpinCo Technology Assets, SpinCo Trademarks, SpinCo Domain Names and SpinCo Data), in each case solely as and to the extent that it is used by the Nuance Group in connection with products and services of the Nuance Business within the Nuance Field of Use, together with natural extensions and evolutions thereof.",107,"as of the Distribution Date, SpinCo gives Nuance and the members of the Nuance Group a worldwide license to use any SpinCo intellectual property.",the service assumes no liability for any losses or damages resulting from any matter relating to the service.,"SpinCo gives Nuance a permanent, worldwide license to use certain SpinCo intellectual property for Nuance's business and related products, but this doesn't include patents, technology, trademarks, domain names, or data."
11683,ALAMOGORDOFINANCIALCORP_12_16_1999-EX-1-AGENCY AGREEMENT,Insurance,"The deposit accounts of the Bank are insured by                the FDIC up to the applicable  limits; and no proceedings for the                termination  or revocation  of such  insurance are pending or, to                the best knowledge of the Company or the Bank, threatened.",41,the deposit accounts of the Bank are insured by the FDIC.,you maintain ownership of your data.,"The bank's deposit accounts are insured by the FDIC up to certain limits, and there are no plans to end or remove that insurance."
12402,MOELIS_CO_03_24_2014-EX-10.19-STRATEGIC ALLIANCE AGREEMENT,Revenue/Profit Sharing,"The parties may mutually agree on a fee allocation different from the foregoing allocations in good faith based on, among other things, the following criteria:   (a) Whether one or both parties have an important relationship that is crucial to securing an assignment   (b) Resource contribution   (c) Product expertise   (d) Industry expertise   (e) Transaction size   (f) Resource constraints",57,the parties agree on a fee allocation.,if the parties agree on a fee allocation different from the foregoing allocations they can terminate the assignment.,"The two parties can agree to split fees differently than the standard way if they both agree, based on things like how important their relationship is, what resources each brings, their expertise, and the size of the deal."
4613,MACROGENICSINC_08_02_2013-EX-10-COLLABORATION AGREEMENT,Audit Rights,The accounting firm shall disclose to the Requesting Party only whether the reports are correct or incorrect and the specific details concerning any discrepancies.,24,the service does not guarantee accuracy or reliability of the reports.,the service assumes no liability for any errors or omissions in the reports.,The accounting firm will tell you if the reports are right or wrong and explain what doesn't match up.
8067,AudibleInc_20001113_10-Q_EX-10.32_2599586_EX-10.32_Co-Branding Agreement_ Marketing Agreement_ Investment Distribution Agreement,Exclusivity,"The Parties will issue a joint press release promptly upon concluding Advertising. this Agreement, which press release shall be subject to the Party's mutual approval, which shall in any event state that Company is the exclusive provider on the ACSI Site of premium spoken-word audio product for download or streaming over the world wide web.",55,the parties will issue a joint press release promptly upon concluding advertising.,the parties will issue a joint press release promptly upon concluding the terms of service.,"Both sides will issue a joint press release after the advertising deal ends, saying the company is the only provider of premium audio on the website."
6109,CHANGEPOINTCORP_03_08_2000-EX-10.6-LICENSE AND HOSTING AGREEMENT,Source Code Escrow,"The Escrow Agent shall require Changepoint to place in an          escrow account in Toronto a copy of the source code of the Software          including all Updates and Upgrades thereto, documentation and similar          materials (the ""SOURCE CODE"").",36,Changepoint gives users a copy of the source code of the Software.,the service provides a copy of the source code.,Changepoint must put a copy of the software's source code and related documents into an escrow account in Toronto.
9803,MusclepharmCorp_20170208_10-KA_EX-10.38_9893581_EX-10.38_Co-Branding Agreement,Non-Compete,Endorser shall not use or provide endorsements or testimonials for products that compete with MusclePharm Products or the Licensed Products.,20,this service does not endorse or promote products that compete with MusclePharm Products or the Licensed Products.,this service does not endorse or promote any products.,You can't give endorsements or testimonials for products that compete with MusclePharm's products.
1563,WORLDWIDESTRATEGIESINC_11_02_2005-EX-10-RESELLER AGREEMENT,License Grant,"TouchStar hereby grants to Reseller, with the additional right                 to grant to Other Resellers who or which enter into an Other                 Reseller Agreement, the nontransferable and nonexclusive right                 and license to use one copy of the TouchStar Software as                 necessary to demonstrate the TouchStar Software to potential                 Customers in the Territory.",51,TouchStar gives Reseller the right to use one copy of the TouchStar Software.,TouchStar hereby grants to Reseller a copy of the TouchStar Software.,"TouchStar lets you use their software to show it to potential customers in your area, but you can't transfer this right to anyone else and it's not exclusive to you."
287,"PACIRA PHARMACEUTICALS, INC. - A_R STRATEGIC LICENSING, DISTRIBUTION AND MARKETING AGREEMENT ",Uncapped Liability,"Any and all liability of PPI to EKR howsoever arising in respect of this Agreement, the Transition Services and Inventory Agreement or the Supply Agreement and their performance, in contract tort or otherwise, shall be limited (except for death or  personal injury caused by the negligence of PPI or its employees while acting in the course of their employment) to [REDACTED] US Dollars ($[REDACTED]);  provided",65,the liability of PPI for any losses or damages resulting from any matter relating to the Transition Services and Inventory Agreement or the Supply Agreement is limited to [REDACTED] US Dollars.,you waive your right to a class action.,"PPI's total responsibility for damages under these agreements is limited to a specific dollar amount, except for deaths or injuries caused by PPI's negligence."
13624,"NOVOINTEGRATEDSCIENCES,INC_12_23_2019-EX-10.1-JOINT VENTURE AGREEMENT",Revenue/Profit Sharing,To issue two (2) million NVOS common stock upon successful target of twenty-five million dollars ($25M) of net profit achieved by the Company each fiscal year,26,the Company can issue two million NVOS shares at any time without a reason.,to issue two (2) million NVOS common shares upon successful target of twenty-five million dollars.,The company will issue 2 million shares of common stock each year if it makes $25 million in net profit that year.
11898,GluMobileInc_20070319_S-1A_EX-10.09_436630_EX-10.09_Content License Agreement1,Volume Restriction,"Up to:

1 Java Game (2-D or 3-D to be mutually agreed provided that if the parties are unable to reach an agreement, Licensee's decision will prevail)

1 Java Application ('Screensaver') where feasible

5 MMS

10 Wallpapers

5 Voicetones, if talent agreements so allow",44,the Licensee can use any Java game on any device.,you can opt out of this service.,"You can make up to 1 Java game, 1 screensaver, 5 text messages, 10 wallpapers, and 5 ringtones using this license, as long as talent agreements allow it."
6424,FuelcellEnergyInc_20191106_8-K_EX-10.1_11868007_EX-10.1_Development Agreement,Non-Transferable License,"ExxonMobil grants FCE a worldwide, non-exclusive, royalty- free, non-sub-licensable (except as set forth herein), perpetual, irrevocable (except as stated in Paragraphs 12.03 (Failure to Perform), 12.04 (Other Termination), and 12.05 (Bankruptcy)), non- transferable (except pursuant to Article 14 (Assignment)) right and license to practice ExxonMobil Background Information and ExxonMobil Background Patents for Generation 1 Technology in any applications outside of Carbon Capture Applications.",63,ExxonMobil gives FCE a worldwide right to practice ExxonMobil Background Information.,"ExxonMobil grants FCE a worldwide, non-exclusive, royalty- free, and non-subsidized license.","ExxonMobil is giving FCE permission to use their technology and patents worldwide for free, but only for Generation 1 Technology and not for carbon capture uses."
223,"PACIRA PHARMACEUTICALS, INC. - A_R STRATEGIC LICENSING, DISTRIBUTION AND MARKETING AGREEMENT ",Expiration Date,"This Agreement shall commence on the Effective Date and, subject to earlier termination in accordance with the provisions of Section 16, shall continue in force for a period being the longer of fifteen (15) years from first Commercial Launch of the Product in the Territory or until  the expiration of the last valid claim in the PPI Patents covering the Product in any country of the Territory (the ""Initial Term"").",70,this agreement starts on the Effective Date and will keep going for 15 years after that.,the terms of service are effective from the date of the first Commercial Launch of the product in the Territory.,"This agreement starts on the effective date and lasts for either 15 years from when the product first sells in the territory or until the patent protection expires, whichever is longer."
6116,CHANGEPOINTCORP_03_08_2000-EX-10.6-LICENSE AND HOSTING AGREEMENT,Uncapped Liability,"EXCEPT FOR LIABILITY ARISING UNDER SECTIONS 2.7, 8, 10 AND 12.3 OF THIS          AGREEMENT, IN NO EVENT SHALL EITHER PARTY'S LIABILITY ARISING OUT OF OR          RELATED TO THIS AGREEMENT OR THE USE OR PERFORMANCE OF THE SOFTWARE          EXCEED THE TOTAL AMOUNT ACTUALLY PAID BY CORIO HEREUNDER FOR THE          TRANSACTION WHICH THE LIABILITY RELATES TO DURING THE TWELVE (12)          MONTHS IMMEDIATELY PRIOR TO THE CAUSE OF",65,this service assumes no liability for any losses or damages resulting from any matter relating to the agreement.,you waive your right to a class action.,"except in certain situations, neither company can be held responsible for damages worth more than what was paid for the service in the previous 12 months."
8810,PaperexchangeComInc_20000322_S-1A_EX-10.4_5202103_EX-10.4_Co-Branding Agreement,License Grant,"PaperExchange hereby grants VerticalNet a non-exclusive, non-transferable, royalty-free, right and license to link to the PaperExchange Site through a PaperExchange Link.",21,VerticalNet has the right to link to the PaperExchange website.,"PaperExchange grants VerticalNet a non-exclusive, non-transferable, royalty-free, right and license to link to the PaperExchange website.","PaperExchange lets VerticalNet create links to their website for free, but VerticalNet can't transfer this right to anyone else or charge money for it."
8812,PaperexchangeComInc_20000322_S-1A_EX-10.4_5202103_EX-10.4_Co-Branding Agreement,License Grant,"VerticalNet hereby grants to PaperExchange a non-exclusive, non-transferable license to use, reproduce, display and transmit the VerticalNet Content, solely in connection with the development, maintenance and operation of the PaperExchange Site, subject to and in accordance with the terms, conditions and provisions of this Agreement.",45,"VerticalNet gives PaperExchange a license to use, reproduce, display and transmit the VerticalNet content.","VerticalNet hereby grants to PaperExchange a non-exclusive, non-transferable license.","VerticalNet lets PaperExchange use their content only to run the PaperExchange website, and PaperExchange can't share this permission with anyone else or use it for other purposes."
3795,GpaqAcquisitionHoldingsInc_20200123_S-4A_EX-10.6_11951677_EX-10.6_License Agreement,License Grant,"Subject to the terms of this Agreement (including, without limitation, Sections 2.3, 2.4, 2.6 and 5 below), PFHOF hereby grants to the Village Media Company a worldwide, non-exclusive, limited, non-sublicenseable and non-assignable (except to the extent set forth in this Agreement) right and license to (a) Exploit the PFHOF Works and (b) edit, supplement or otherwise adapt, incorporate or otherwise utilize, the PFHOF Works to create, produce and Exploit new, original work(s) (each such work in this clause (b), a ""HOFV Work"").",82,the Village Media Company has the right to use the PFHOF Works anywhere in the world.,this service assumes no liability for any losses or damages resulting from any matter relating to the service.,"PFHOF gives Village Media Company permission to use and edit PFHOF's works worldwide, and to create new works based on them, but Village Media cannot share this permission with others or transfer it to someone else."
8814,PaperexchangeComInc_20000322_S-1A_EX-10.4_5202103_EX-10.4_Co-Branding Agreement,Non-Transferable License,"VerticalNet hereby grants to PaperExchange a non-exclusive, non-transferable license to use, reproduce, display and transmit the VerticalNet Content, solely in connection with the development, maintenance and operation of the PaperExchange Site, subject to and in accordance with the terms, conditions and provisions of this Agreement.",45,"VerticalNet gives PaperExchange a license to use, reproduce, display and transmit the VerticalNet content.","VerticalNet hereby grants to PaperExchange a non-exclusive, non-transferable license.","VerticalNet lets PaperExchange use their content only to run the PaperExchange website, and PaperExchange can't share this permission with anyone else or use it for other purposes."
4618,MACROGENICSINC_08_02_2013-EX-10-COLLABORATION AGREEMENT,Covenant Not To Sue,"(b) directly or indirectly oppose, or assist any Third Party to oppose, in any court proceeding, the grant of any patent or patent application within the MacroGenics Licensed Patents, or, in any court proceeding, dispute or directly or indirectly assist any Third Party to dispute, the validity of any patent within the MacroGenics Licensed Patents or any of the claims thereof; or

(c) bring any claim or proceedings of whatever nature in relation to the MacroGenics Licensed Patents against MacroGenics and/or any of MacroGenics' Affiliates (or in respect of the foregoing their directors and officers) in respect of any activities carried out by them under any MacroGenics Licensed Patents which may be the subject of a Valid Claim of the MacroGenics Licensed Patents.",123,the parties involved in any claim related to the MacroGenics Licensed Patents are entitled to a valid claim.,you wave your right to a class action.,"you can't challenge or help others challenge MacroGenics' patents in court, and you can't sue MacroGenics over how they use their own patents."
972,HealthcareIntegratedTechnologiesInc_20190812_8-K_EX-10.1_11776966_EX-10.1_Reseller Agreement,Cap On Liability,"ANY SUBSTITUTE GOODS OR SERVICES. THE AGGREGATE LIABILITY OF SUPPLIER UNDER, OR IN CONNECTION WITH, THIS AGREEMENT SHALL BE EQUAL TO THE LESSER OF: (i) ***; AND (ii) ***.",29,the liability for any losses or damages resulting from any matter relating to the service.,you waive your right to a class action.,The supplier's total responsibility for damages is limited to the smaller of two amounts (the specific amounts are redacted in this text).
238,"PACIRA PHARMACEUTICALS, INC. - A_R STRATEGIC LICENSING, DISTRIBUTION AND MARKETING AGREEMENT ",Change Of Control,"Should there be a Change of Control of either Party resulting in the control of such Party by a Third Party which  markets or sells a Competing Product in any part of the Territory, then the rights under this Agreement may not be assigned without the  express consent of the other Party which consent shall not be unreasonably withheld. ""Change of Control"" shall mean (a) the sale, lease,  exchange, license or disposition of all or substantially all of the Party's assets in one transaction or series of related transactions or (b) a  merger or consolidation with an unaffiliated Third Party as a result of which the holders of the Party's issued and outstanding voting  securities immediately before such transaction own or control less than a majority of the voting securities of the continuing or surviving  entity immediately after such transaction.",140,if there is a change in the ownership of the company or a merger or consolidation with an unaffiliated third party the rights under this Agreement may not be assigned without the other party's consent.,"if there be a Change of Control of either Party and a Competing Product is sold in any part of the Territory, the rights are not assigned without a majority of the voting securities of the other party.","if either party gets bought by or merges with a company that sells competing products, the other party must approve the deal before rights can be transferred, and they can't unreasonably refuse."
3859,RitterPharmaceuticalsInc_20200313_S-4A_EX-10.54_12055220_EX-10.54_Development Agreement,Audit Rights,"7.2.3. as soon as practicable, but in any event within thirty (30) days of the end of each month, an unaudited income statement for such month, and an unaudited balance sheet as of the end of such month, all prepared in accordance with GAAP (except that such financial statements may (i) be subject to normal year-end audit adjustments and (ii) not contain all notes thereto that may be required in accordance with GAAP); 7.2.4. as soon as practicable, but in any event within forty five (45) days after the end of each quarter of each fiscal year of Qualigen, a progress report setting forth Qualigen's business results and progress against the Development Plan; and 7.2.5. as soon as practicable, but in any event no later than sixty (60) days before the end of each fiscal year, a budget and business plan for the next fiscal year, prepared on a monthly basis, including balance sheets and income statements.",157,you must submit your financial statements within 30 days of the end of each month.,you must submit your current financial statements to the service.,"the company must provide monthly financial statements within 30 days, quarterly progress reports within 45 days, and yearly budgets and plans within 60 days before the fiscal year ends."
4596,MACROGENICSINC_08_02_2013-EX-10-COLLABORATION AGREEMENT,Joint Ip Ownership,"MacroGenics and Green Cross shall jointly own all data, results and inventions, whether patentable or not, conceived or reduced to practice by MacroGenics and Green Cross jointly (""Jointly Owned IP""), together with all intellectual property rights therein, with each Party owning an undivided half interest and the right to exploit without the duty of accounting or seeking consent from the other Party to the extent to be permitted under Applicable Laws and Regulations.",73,"MacroGenics and Green Cross share ownership of all data, results and inventions.",MacroGenics and Green Cross are responsible for operating the service.,"MacroGenics and Green Cross each own half of any inventions or data they create together, and each can use them without asking the other's permission or sharing profits."
11897,GluMobileInc_20070319_S-1A_EX-10.09_436630_EX-10.09_Content License Agreement1,Minimum Commitment,Licensee fails to reach the Market Penetration Targets Fox shall in its sole discretion have the right to terminate Licensee's exclusivity under this Agreement.,24,if the service does not reach the targeted user base Fox can terminate the service.,if the service fails to reach the Market Penetration Targets Fox shall in its sole discretion have the right to terminate Licensee.,"If you don't reach the sales targets agreed upon, Fox can take away your exclusive rights to sell their products."
8822,PaperexchangeComInc_20000322_S-1A_EX-10.4_5202103_EX-10.4_Co-Branding Agreement,Audit Rights,"The Auditing Party shall give reasonable advance written notice to the Audited Party, and each audit shall be conducted during normal business hours and in a manner that does not cause unreasonable disruption to the conduct of business by the Audited Party.",42,the auditing party must give reasonable advance written notice.,the auditing party gives reasonable advance written notice to the user.,The auditing party must give advance notice and conduct audits during business hours without causing unreasonable disruption to the other party's business.
1840,UpjohnInc_20200121_10-12G_EX-2.6_11948692_EX-2.6_Manufacturing Agreement_ Supply Agreement,Minimum Commitment,pursuant to a Purchase Order at least the amount of Product set forth in the Firm Order for such Product in the applicable calendar month.,25,pursuant to a Purchase Order at least the amount of Product is listed in the applicable calendar month.,pursuant to a Purchase Order at least the amount of Product set forth in the Firm Order is available.,You must buy at least the amount of product listed in your firm order for each month.
4947,"HEMISPHERX - Sales, Marketing, Distribution, and Supply Agreement",Post-Termination Services,"In the event of termination of this license for any reason, SCIEN shall within 6months (as described in the Termination clause), cease all use of the ""Interferon alfa-n3 (human leukocyte derived)"".",31,"if the license is ended for any reason, SCIEN will stop using the interferon alfa-n3.",the service can terminate its license any time they see fit even without notification to the user.,"If this license ends, you must stop using the Interferon alfa-n3 product within 6 months."
12399,MOELIS_CO_03_24_2014-EX-10.19-STRATEGIC ALLIANCE AGREEMENT,Anti-Assignment,"This Agreement may not be assigned by any party without the written consent of the other parties, except to a subsidiary or controlled affiliate of such party which succeeds such party's conduct of Covered Businesses.",35,Covered Businesses cannot transfer ownership of its assets without the consent of the other parties.,this service assumes no liability for any losses or damages resulting from any matter relating thereto.,"You can't transfer this agreement to someone else without written permission from the other party, unless you're transferring it to a company you own or control that takes over your business."
8065,AudibleInc_20001113_10-Q_EX-10.32_2599586_EX-10.32_Co-Branding Agreement_ Marketing Agreement_ Investment Distribution Agreement,Governing Law,"This Agreement will be interpreted, construed and enforced in accordance with the Laws of the State of Washington, without reference to its choice of Laws rules.",26,the court of law governing the terms is in the state of Washington.,the court of law governing the terms is in the state of Washington.,This agreement is governed by Washington state law.
3780,GpaqAcquisitionHoldingsInc_20200123_S-4A_EX-10.6_11951677_EX-10.6_License Agreement,Rofr/Rofo/Rofn,"If PFHOF desires to offer a license to any third party or if it receives any bona fide offer from a third party that it is willing to accept, it shall promptly communicate such offer, including the specific terms and business plan relating to such offer, to the Village Media Company and provide the Village Media Company with at least fourteen (14) days to exercise its right of first refusal.",70,if PFHOF wants to offer a license to a third party they must notify the Village Media Company at least 14 days in advance.,if PFHOF wants to offer a license to third parties they must notify the Village Media Company.,"If PFHOF wants to license something to someone else or gets an offer it likes, it must tell Village Media Company about it and give them 14 days to match the offer."
1581,WORLDWIDESTRATEGIESINC_11_02_2005-EX-10-RESELLER AGREEMENT,Covenant Not To Sue,"(c) dispute or deny the validity of any of the Intellectual           Property Rights (including any attempt to register or record the same           in any jurisdiction), (d) do any act or omit to do any act whereby           TouchStar's right, title, and interest in the Intellectual Property           Rights may become invalidated or otherwise adversely affected",53,TouchStar cannot claim ownership of the Intellectual Property.,you waive your right to a class action.,You can't challenge the validity of TouchStar's intellectual property rights or do anything that would weaken or harm their ownership of those rights.
4611,MACROGENICSINC_08_02_2013-EX-10-COLLABORATION AGREEMENT,Post-Termination Services,"(ii) Notwithstanding anything to the contrary, MacroGenics shall continue to provide Green Cross, for up to ***, the Products (including, without limitation, all MGAH22), at the request of Green Cross in accordance with the terms of Section 6.2;",38,you maintain ownership of your data.,you maintain ownership of your data.,MacroGenics will keep supplying the products to Green Cross for a certain period if Green Cross asks for them.
404,CerenceInc_20191002_8-K_EX-10.4_11827494_EX-10.4_Intellectual Property Agreement,Irrevocable Or Perpetual License,"Subject to the terms and conditions of this Agreement, as of the Distribution Date, Nuance hereby grants to SpinCo and the members of the SpinCo Group a worldwide, non-exclusive, fully paid-up, perpetual and irrevocable, transferable (subject to ARTICLE VIII), sublicensable (subject to Section 3.01(g)) license to install, access, use, reproduce, perform, display, modify (including the right to create improvements and derivative works), further develop, sell, manufacture, distribute and market products and services based on, using or incorporating the Nuance Shared Technology Assets within the SpinCo Field of Use, together with natural extensions and evolutions thereof.",95,"as of the Distribution Date, Nuance gives SpinCo a worldwide license to use the Nuance Shared Technology Assets.",the service gives you a worldwide license to use your data.,"Nuance is giving SpinCo a permanent, worldwide license to use, modify, and sell products based on Nuance's technology within SpinCo's business areas, and SpinCo can transfer or sublicense this right to others."
13372,TubeMediaCorp_20060310_8-K_EX-10.1_513921_EX-10.1_Affiliate Agreement,Rofr/Rofo/Rofn,"In the event Network decides to offer any new television programming channels (the ""New Channels""), then Affiliate shall have ninety (90) calendar days from Affiliate's receipt of Network's comprehensive business plan for such New Channels to determine whether Affiliate desires to enter into an agreement with respect to the New Channels.",51,if Network wants to offer new channels it must notify the user.,if the service wants to offer new channels they must notify the user.,"If the network creates new TV channels, you have 90 days after receiving their business plan to decide if you want to carry them."
12183,MANUFACTURERSSERVICESLTD_06_05_2000-EX-10.14-OUTSOURCING AGREEMENT,Governing Law,This Agreement and the rights and obligations of the parties hereto shall       be construed in accordance with the substantive laws of the State of New       York.,26,the court of law governing the terms is in the state of New York.,the court of law governing the terms is in the state of New York.,This agreement is governed by the laws of New York State.
11802,WebmdHealthCorp_20050908_S-1A_EX-10.7_1027007_EX-10.7_Content License Agreement,Governing Law,"This Agreement shall be governed by and construed in accordance with the laws of the State of New York, without application of conflict of laws principles.",26,the court of law governing the terms is in the state of New York.,the court of law governing the terms is in the state of New York.,This agreement is governed by New York state law.
13394,TubeMediaCorp_20060310_8-K_EX-10.1_513921_EX-10.1_Affiliate Agreement,Non-Transferable License,"Network hereby grants Affiliate during the Term a royalty-free, fully paid up, non-transferable, non-exclusive license to use the Marks (as defined in Section 8(e)) in any advertising and promotional materials undertaken in connection with Affiliate's transmission of the Service, provided that such use complies with the terms and conditions of Section 8(e).",52,Network gives Affiliate the right to use the Marks.,"you grant Affiliate a royalty-free, fully paid up, non-transferable license to use the Marks.","The network gives you permission to use their brand name and logos in ads and promotions for free, but only if you follow their rules about how to use them."
1554,WORLDWIDESTRATEGIESINC_11_02_2005-EX-10-RESELLER AGREEMENT,No-Solicit Of Employees,"During the Term, and for a period of one year           following the termination or expiration of this Agreement, Reseller           will not, directly or indirectly, make an offer of employment to any           current employee of TouchStar or otherwise encourage or solicit any           current employee of TouchStar to leave the employ of TouchStar for any           reason, or to devote less than all of such employee's efforts to the           affairs of TouchStar, without (a) the prior written agreement of           TouchStar, which TouchStar may grant in its sole discretion, and (b)           the payment by Reseller to TouchStar of a mutually agreeable severance           fee.",99,"During the time this agreement is in effect and for one year after it ends, Reseller will not make an offer to any current employee of TouchStar.",you waive your right to a termination notice.,"For one year after this agreement ends, you can't hire TouchStar's employees or try to get them to leave or work less for TouchStar without TouchStar's written permission and paying them a fee."
6111,CHANGEPOINTCORP_03_08_2000-EX-10.6-LICENSE AND HOSTING AGREEMENT,Post-Termination Services,"Subject to          Corio's payment of the Software revenue sharing fees as set forth in          EXHIBIT B hereto and the Software Support and Maintenance fee as          provided in Section 2.5 of this Agreement, Changepoint's Software          Support and Maintenance obligation shall continue after termination or          expiration of this Agreement with respect to all Software Users granted          access to the Software prior to termination or expiration of this          Agreement for the remaining duration of each such Software Users'          rights to use the Software pursuant to agreements between Corio and its          Customers.",88,the service will continue after the end of this agreement for users granted access to the Software.,you waive your right to a class action.,"Changepoint will continue providing software support and maintenance after this agreement ends, as long as Corio pays the fees and for any users who had access before the agreement ended."
1813,UpjohnInc_20200121_10-12G_EX-2.6_11948692_EX-2.6_Manufacturing Agreement_ Supply Agreement,Renewal Term,"Unless otherwise provided in the applicable Facility Addendum, this Agreement (a) shall commence on the Effective Date and shall continue for a period of four (4) years from such date (the ""Initial Term"" of this Agreement), unless sooner terminated pursuant to Section 7.3, 7.4, 7.5, 7.6 or 7.7, and (b) may be extended for up to three (3) additional periods of twelve (12) months (each, an ""Extension Period"") by written notice given by Customer to Manufacturer not less than twelve (12) months prior to the expiration of the Initial Term or the applicable Extension Period, as the case may be.",100,this agreement starts on the Effective Date and will keep going for 4 years from the date of the first term.,terms may be changed any time at their discretion without notice to the user.,"This agreement lasts for four years from the start date, and you can extend it for up to three more one-year periods if you give written notice at least 12 months before it expires."
6405,FuelcellEnergyInc_20191106_8-K_EX-10.1_11868007_EX-10.1_Development Agreement,Anti-Assignment,"The Agreement is not assignable, including any assignment by operation of law (including but not limited to as a result of a merger or other corporate action), by either Party without the prior written consent of the other Party.",39,Neither party can change the terms of this agreement without the other party's written consent.,you wave your right to a class action.,You can't transfer this agreement to someone else or to another company without getting written permission first.
10075,ClickstreamCorp_20200330_1-A_EX1A-6 MAT CTRCT_12089935_EX1A-6 MAT CTRCT_Development Agreement,Warranty Duration,The developer will fix any bugs that may come up from the original contract after the 90 days warranty has passed.,21,the developer will fix any bugs that may arise after the 90 days warranty has passed.,users are notified a week or more in advance.,The developer will fix bugs for free even after the 90-day warranty period ends.
3867,RitterPharmaceuticalsInc_20200313_S-4A_EX-10.54_12055220_EX-10.54_Development Agreement,Insurance,Sekisui shall be named as an additional insured with respect to the Insurance.,13,you are responsible for maintaining the security of your data.,you must be an additional insured.,Sekisui will be added as an additional insured on the insurance policy.
3200,SLOVAKWIRELESSFINANCECOBV_03_28_2001-EX-4.(B)(II).3-Maintenance and support contract for SICAP(R) modules,Renewal Term,"After the initial period of two years, the maintenance and support       contract shall be automatically renewed for a period of one year on each       renewal date, unless one of the parties terminates the maintenance and       support contract through written notification to the other party in the       form of a registered letter with proof of receipt, at least six (6) weeks       prior to the renewal date.",65,the maintenance and support contract will automatically continue for one year at a time after the initial period of two years.,users are notified a week or more in advance.,"After two years, the contract automatically renews for one year at a time unless either side sends a registered letter ending it at least six weeks before the renewal date."
370,PfHospitalityGroupInc_20150923_10-12G_EX-10.1_9266710_EX-10.1_Franchise Agreement3,No-Solicit Of Employees,(iii) Induce any person to leave his or her employment with Franchisee or Franchisor.,14,the service allows employees to leave their current job without a reason.,you waive your right to a class action.,You can't try to get someone to quit their job at the franchise or the company that owns it.
6440,FuelcellEnergyInc_20191106_8-K_EX-10.1_11868007_EX-10.1_Development Agreement,Irrevocable Or Perpetual License,"ExxonMobil grants FCE a worldwide, non-exclusive, royalty-free, perpetual, irrevocable (except as stated in Paragraphs 12.03 (Failure to Perform), 12.04 (Other Termination), and 12.05 (Bankruptcy)), sub-licensable, non-transferable (except pursuant to Article 14 (Assignment)), right and license to practice Program Results solely for Power Applications and Hydrogen Applications.",46,ExxonMobil gives FCE the right to practice Program Results solely for Power Applications and Hydrogen Applications.,"ExxonMobil grants FCE a worldwide, non-exclusive, royalty-free, perpetual, irrevocable royalty.","ExxonMobil gives FCE permission to use the program results worldwide for power and hydrogen applications, and this permission lasts forever and doesn't require royalty payments."
11912,GluMobileInc_20070319_S-1A_EX-10.09_436630_EX-10.09_Content License Agreement1,Non-Transferable License,"Fox grants to Licensee a limited, exclusive (except as otherwise may be provided in this Agreement), non-transferable (except as permitted in Paragraph 17(d)) right and license to use, make, have made (as set forth in Paragraph 1(a)(i) below), reproduce, modify, and create derivative works of",45,Fox gives Licensee the right to make derivative works.,"Fox grants to Licensee a limited, exclusive (except as otherwise may be provided in this Agreement), right and license to make derivative works.","Fox gives you a limited right to use and modify the licensed material, but you can't transfer this right to someone else and Fox can still use it in other ways."
1839,UpjohnInc_20200121_10-12G_EX-2.6_11948692_EX-2.6_Manufacturing Agreement_ Supply Agreement,Minimum Commitment,"Notwithstanding Section 2.4(e)(i), Customer acknowledges and agrees that (A) each Purchase Order Customer places hereunder for Product that is either API or Bulk Drug Product shall be equal to, or a whole multiple of, the Batch Size for such applicable Product as set forth in the applicable Facility Addendum and (B) each Purchase Order that Customer places hereunder for Product that is Finished Product shall be equal to or greater than the Minimum Order Quantity for such applicable Product as set forth in the applicable Facility Addendum; provided that, where Customer places Purchase Orders under (B) above that exceed the applicable Minimum Order Quantity, Customer shall",106,this service assumes that the Batch Size for the product is equal to or greater than the Minimum Order Quantity for the same product.,you waive your right to a class action.,"You must order products in specific amounts: API or bulk drugs must be in exact batch sizes, and finished products must meet minimum order quantities listed in the facility agreement."
10452,EUROPEANMICROHOLDINGSINC_03_06_1998-EX-10.6-DISTRIBUTOR AGREEMENT,Liquidated Damages,Distributor shall pay WGT fifty percent (50%) of the unpaid      balance of cumulative Guaranteed Minimum Purchase amounts as liquidated      damages.,20,the Distributor will pay WGT fifty percent of the total amount of the promised minimum purchase amounts.,the service assumes no liability for any losses or damages resulting from the sale.,"If the distributor doesn't pay what they promised to buy, they have to pay WGT half of the unpaid amount as a penalty."
7054,"FOUNDATIONMEDICINE,INC_02_02_2015-EX-10.2-Collaboration Agreement",Termination For Convenience,"With regard to the Molecular Information Platform Program, Roche shall have the right to terminate without cause either or both of the Sample Profiling or Molecular Information Database Access activities individually.",31,the service can terminate without notice to the user.,the service can terminate without notice to the user.,Roche can end either or both parts of the Molecular Information Platform Program at any time without giving a reason.
7038,"FOUNDATIONMEDICINE,INC_02_02_2015-EX-10.2-Collaboration Agreement",Expiration Date,The term of the CDx Development Program shall be five (5) years.,12,the length of the CDx Development Program is 5 years.,the term of the CDx Development Program shall be five years.,The program lasts for five years.
2955,RgcResourcesInc_20151216_8-K_EX-10.3_9372751_EX-10.3_Franchise Agreement,Expiration Date,"The term of the Franchise shall be twenty (20) years, commencing on January 1, 2016.",15,this service lasts for 20 years.,the term of service is for a maximum of twenty years.,"The franchise lasts for 20 years starting on January 1, 2016."
1820,UpjohnInc_20200121_10-12G_EX-2.6_11948692_EX-2.6_Manufacturing Agreement_ Supply Agreement,Competitive Restriction Exception,"For clarity and notwithstanding anything contained herein, nothing in this Section 2.1(e)(i) (A) is intended to be inconsistent with Section 2.4(e)(i) or to otherwise indicate that Customer is subject to any requirement to purchase Product under this Agreement or (B) is intended to prevent Customer from qualifying a back-up supplier for any Product during the Exclusivity Period",57,this service does not guarantee quality.,you waive your right to a class action.,"You're not required to buy products under this agreement, and you can still find a backup supplier during the exclusivity period."
13627,"NOVOINTEGRATEDSCIENCES,INC_12_23_2019-EX-10.1-JOINT VENTURE AGREEMENT",Minimum Commitment,"To provide a minimum of seven thousand (7000) acres for the Primary Project to be identified by each individual lot, including size, and its placement in the annual rotation as per SCHEDULE A.",33,you must have a minimum of 7 thousand acres of land.,you must have a minimum of seven thousand (7000) acres.,"The company must provide at least 7,000 acres of land for the main project, with each piece of land identified by size and when it will be used each year."
5240,EuromediaHoldingsCorp_20070215_10SB12G_EX-10.B(01)_525118_EX-10.B(01)_Content License Agreement,Revenue/Profit Sharing,"Rogers shall pay to Licensor a fee (the ""License Fee""), which shall be equal to fifty (50)% of Retail Revenues.",20,the service charges you a fee.,you pay a fee.,Rogers has to pay the licensor 50% of the money made from retail sales.
3777,GpaqAcquisitionHoldingsInc_20200123_S-4A_EX-10.6_11951677_EX-10.6_License Agreement,Rofr/Rofo/Rofn,"The Parties shall then negotiate in good faith an agreement to exclusively license the particular PFHOF Work. If the Parties reach an agreement within thirty (30) days, then the applicable license shall be subject to the terms and conditions of this Agreement and the Village Media Company shall pay to PFHOF a License Fee for such license in accordance with this Agreement. If the Parties cannot reach an agreement within thirty (30) days, then PFHOF shall have the right to exploit or license the PFHOF Work itself.",87,if the parties cannot agree on a license within 30 days they can exploit or license the PFHOF Work itself.,if the parties cannot reach an agreement within 30 days of the signing of the agreement they have the right to exploit or license the PFHOF Work.,"If the parties can't agree on an exclusive license within 30 days, PFHOF can use or license the work themselves instead of giving it to Village Media Company."
2903,ATMOSENERGYCORP_11_22_2002-EX-10.17-TRANSPORTATION SERVICE AGREEMENT,Expiration Date,"Subject to the General Terms and Conditions of Transporter's                   FERC Gas Tariff and Rate Schedule FTS/ITS, this Agreement                   shall be effective as of the date of physical completion of                   and initial deliveries on Transporter's pipeline and shall                   continue for a primary term of ten years.",45,this agreement is effective as of the date of physical completion of the pipeline and initial deliveries on Transporter's pipeline.,the terms are in accordance with the law of the service.,"This agreement starts when the pipeline is built and deliveries begin, and lasts for 10 years."
11877,GluMobileInc_20070319_S-1A_EX-10.09_436630_EX-10.09_Content License Agreement1,Non-Disparagement,"(C) avoid making disparaging, false or misleading statements or representations with regard to Fox, the Property or the Wireless Products,",20,don t make false or misleading statements.,you maintain ownership of your data.,"You can't make false or mean statements about Fox, the property, or the wireless products."
6775,GpaqAcquisitionHoldingsInc_20200123_S-4A_EX-10.8_11951679_EX-10.8_Service Agreement,Minimum Commitment,"A minimum of [REDACTED AMOUNT] in mutually agreed upon EME financing will be contracted for by the Parties, with a minimum of [REDACTED AMOUNT] of such aggregate amount to be contracted for in each of [REDACTED AMOUNT] and [REDACTED AMOUNT].",36,EME financing will be contracted for by the parties.,terms may be changed any time at their discretion without notice to the user.,"The parties agree to contract for a minimum amount of financing, with specific minimum amounts required in certain periods, but the exact dollar amounts are redacted."
13626,"NOVOINTEGRATEDSCIENCES,INC_12_23_2019-EX-10.1-JOINT VENTURE AGREEMENT",Revenue/Profit Sharing,The distribution will be based on NVOS audited review and will be made within three months of annual considerations on the basis of a seventy percent (70%) of net profit to NVOS and thirty percent (30%) of net profit to HGF.,41,the distribution will be based on NVOS audited review and will be made within three months of annual considerations.,the distribution will be based on NVOS audited review and will be made within three months of annual considerations.,"NVOS will review profits once a year and distribute them within three months, giving 70% to NVOS and 30% to HGF."
1891,UpjohnInc_20200121_10-12G_EX-2.6_11948692_EX-2.6_Manufacturing Agreement_ Supply Agreement,Insurance,"All insurance carriers shall have a minimum of ""A-"" A.M. Best rating.",12,you must have a minimum of A.M. Best rating.,"you must have a minimum of ""A-"" A.M. Best rating.","Insurance companies must have at least an ""A-"" rating from A.M. Best, which measures their financial strength."
177,DovaPharmaceuticalsInc_20181108_10-Q_EX-10.2_11414857_EX-10.2_Promotion Agreement,Competitive Restriction Exception,"Notwithstanding anything to the contrary, in no event shall the restrictions set forth in this Section 2.3.2 apply to [REDACTED].",20,this service assumes no liability for any losses or damages resulting from these losses.,this service assumes no liability for any losses or damages resulting from any matter relating to the service.,I can't summarize this because the key part is redacted and I don't know what it says.
11925,GluMobileInc_20070319_S-1A_EX-10.09_436630_EX-10.09_Content License Agreement1,Covenant Not To Sue,"Licensee acknowledges that Fox is the owner of all right, title and interest in and to the PSM and the Properties, and further acknowledges the great value of the goodwill associated with the PSM and the Properties and that the PSM and the Properties have acquired secondary meaning in the mind of the public and that the trademarks and copyrights included in the PSM and the Properties, and the registrations thereof, are valid and subsisting, and further agrees that it shall not during the Term of this Agreement or at any time thereafter dispute or contest directly or indirectly, or do or cause to be done any act which in any way contests, impairs or tends to impair Fox's",119,Licensee agrees that Fox owns all rights to the PSM and the Properties.,"licensee acknowledges that Fox is the owner of all right, title and interest in and to the PSM.","Fox owns all rights to the materials and trademarks you're licensed to use, and you agree never to challenge Fox's ownership of them during or after this agreement."
10078,ClickstreamCorp_20200330_1-A_EX1A-6 MAT CTRCT_12089935_EX1A-6 MAT CTRCT_Development Agreement,Warranty Duration,"If programming errors or other defects are discovered during the Support Period, the Developer shall promptly remedy those errors or defects at its own expense.",25,the Developer will promptly fix any bugs or issues that may occur during the Support Period.,this service assumes no liability for any errors or defects.,"If bugs or problems are found during the support period, the developer has to fix them for free and quickly."
1844,UpjohnInc_20200121_10-12G_EX-2.6_11948692_EX-2.6_Manufacturing Agreement_ Supply Agreement,Ip Ownership Assignment,"Customer acknowledges and agrees that, as between the Parties, all Improvements and Developments made by or on behalf of Manufacturer in the conduct of activities under this Agreement or a Facility Addendum other than Customer-Owned Improvements and Developments (such Improvements and Developments, collectively, ""Manufacturer-Owned Improvements and Developments"") shall be the exclusive property of Manufacturer, and Manufacturer shall own all rights, title and interest in and to such Manufacturer- Owned Improvements and Developments.",72,the Manufacturer agrees that any improvements and developments made by the customer under the terms of this agreement will belong to the Manufacturer.,you waive your right to a class action.,"anything the manufacturer creates or improves while working under this agreement belongs to the manufacturer, except for things the customer specifically owns."
11919,GluMobileInc_20070319_S-1A_EX-10.09_436630_EX-10.09_Content License Agreement1,Post-Termination Services,"In the event of termination or expiration of this Agreement or Licensee's loss of exclusive rights under this Agreement, Fox shall be free to create and exploit, or have a third party create or exploit, wireless products which may be similar to those developed and distributed by Licensee pursuant to this Agreement for the Properties.",55,"if this agreement ends and the rights to the wireless products are lost, Fox is free to create and exploit new wireless products that may be similar to those developed and distributed by Licensee.",if the service wants to leave the service they can create and distribute wireless products.,"If this agreement ends or you lose your exclusive rights, Fox can create or have someone else create similar wireless products for these properties."
4938,"HEMISPHERX - Sales, Marketing, Distribution, and Supply Agreement",Exclusivity,"Subject to the terms and conditions of this Agreement, HEMISPHERX agrees to exclusively supply Product to SCIEN in the Territory with a minimum expiry of 6 months from the date of shipment.",32,the service will exclusively supply the Product to SCIEN in the Territory.,you agree to exclusively supply products to SCIEN.,"Hemispherx will be the only supplier of the product to Scien in the agreed territory, and the product must stay good for at least 6 months from when it's shipped."
6095,CHANGEPOINTCORP_03_08_2000-EX-10.6-LICENSE AND HOSTING AGREEMENT,Non-Transferable License,"Subject to the terms and conditions of this          Agreement, Changepoint hereby grants to Corio a fee-bearing,          irrevocable, nonexclusive, nontransferable (except in accordance with          Section 14.1 of this Agreement) license in the Territory to (i)          reproduce the Software in machine executable object code format only          for installation on the Corio Servers; (ii) install multiple copies of          the Software on Corio's Servers which will be made remotely accessible          to Corio's Customers for their internal business purposes, (iii) permit          limited access to and use of the Software by Customers through Corio          Servers solely for such Customer's internal business purposes; (iv)          sublicense an unlimited number of Customers to access and use the          Software only through the installation on Corio Servers solely for such          Customer's internal business purposes; and (v) use Changepoint's tools          and utilities, if any, subject to any restrictions placed on the          Changepoint by third party software providers and payment of any          applicable fees required by such third parties, to configure, integrate          and manage the Software.",163,changepoint gives Corio a license to use the Software in two ways.,changepoint gives you a free copy of the software.,"Corio can install and run the software on their servers and let their customers access it remotely for business use, but cannot transfer this license to anyone else without permission."
10072,ClickstreamCorp_20200330_1-A_EX1A-6 MAT CTRCT_12089935_EX1A-6 MAT CTRCT_Development Agreement,Ip Ownership Assignment,"To the extent such work may not be deemed a ""work for hire"" under applicable law, the Developer hereby assigns to the Client all of its right, title, and interest in and to such work.",35,the Developer gives the Client all of their rights to the work.,the developer assumes no liability for any losses or damages resulting from such losses.,"any work you create for the client becomes theirs to own, even if it's not technically considered a ""work for hire"" under the law."
9801,MusclepharmCorp_20170208_10-KA_EX-10.38_9893581_EX-10.38_Co-Branding Agreement,Non-Compete,"Products. Any failure of Endorser to disclose such conflicting interests, or any breach of this Section, shall be deemed a material breach of the Agreement.",25,the service does not notify users when they break the law.,you waive your right to a class action.,"If you don't tell people about conflicts of interest or break the rules about disclosing them, that's considered a serious violation of this agreement."
6406,FuelcellEnergyInc_20191106_8-K_EX-10.1_11868007_EX-10.1_Development Agreement,Ip Ownership Assignment,"For Program Patents, if one or more employees or other representatives of FCE are determined to be inventors, then FCE will:

(i) cause its employees, contractors, and consultants to render reasonable and timely assistance to ExxonMobil and its attorneys or agents;

(ii) assign, and will cause its and its Affiliates' employees, contractors, and consultants to assign, its right, title, and interest in and to such Program Patent to ExxonMobil for filing; and

(iii) cause its and its Affiliate employees, contractors, and consultants, to execute any documents as may be required to effect such assignments, or file, prosecute, and maintain any patent applications or patents that are based on, derived from, or protect such Program Patent.",115,"if one or more employees of FCE are determined to be inventors they will: 

transfer ownership of the Program Patent to ExxonMobil for filing.","if they are not inventors, they can request a class action.","If FCE's employees invent something under this program, FCE must help ExxonMobil get the patent and will hand over all rights to the invention to ExxonMobil."
269,"PACIRA PHARMACEUTICALS, INC. - A_R STRATEGIC LICENSING, DISTRIBUTION AND MARKETING AGREEMENT ",Post-Termination Services,"In addition, PPI shall  during the remainder of the Term and for a period of up to [REDACTED DURATION] ([REDACTED DURATION]) years thereafter continue to manufacture and supply the Product to  EKR at cost without mark-up until such time that EKR can secure an FDA approved manufacturing facility for the Product",49,PPI will continue making and supplying the Product to EKR at cost without mark-up until they can secure an FDA approved manufacturing facility for the Product.,the service will continue to provide the product at cost without mark-up.,"PPI will continue making and selling the product to EKR at cost (with no profit) for a set number of years after the contract ends, until EKR finds an FDA-approved manufacturer."
13550,INGEVITYCORP_05_16_2016-EX-10.5-INTELLECTUAL PROPERTY AGREEMENT,Ip Ownership Assignment,"If and when any such consent, substitution, approval, amendment or release shall be obtained or the Unreleased SpinCo IP Liabilities shall otherwise become assignable or able to be novated, Parent shall promptly assign, or cause to be assigned, and SpinCo or the applicable SpinCo Group member shall assume, such Unreleased SpinCo IP Liabilities without exchange of further consideration.",58,if the parent wants to transfer ownership of the unreleased SpinCo intellectual property without prior notice to the user.,the service assumes ownership of the data.,"if the company gets permission to transfer certain intellectual property debts, it will assign them to SpinCo without any additional payment needed."
3775,GpaqAcquisitionHoldingsInc_20200123_S-4A_EX-10.6_11951677_EX-10.6_License Agreement,Rofr/Rofo/Rofn,"If the Village Media Company does not exercise its right of first refusal, PFHOF shall have the right to grant a license with respect to such third party on the same terms originally provided to the Village Media Company.",39,"if the Village Media Company does not use its right of first refusal, PFHOF can grant a license to the third party.",the court of law governing the license is in the jurisdiction of the service.,"If Village Media Company doesn't take the opportunity to license something, PFHOF can offer it to someone else on the same terms."
1558,WORLDWIDESTRATEGIESINC_11_02_2005-EX-10-RESELLER AGREEMENT,Minimum Commitment,"Reseller acknowledges that meeting the Quotas is an           essential element of this Agreement and that this Agreement may be           terminated by TouchStar if, in TouchStar's reasonable opinion,           Reseller will not meet the Quotas during the Term or any extension           thereof.",40,Reseller agrees not to meet the Quotas during the Term or any extension thereof.,you waive your right to a class action.,TouchStar can end this agreement if they think you won't meet your sales targets during the contract period.
1566,WORLDWIDESTRATEGIESINC_11_02_2005-EX-10-RESELLER AGREEMENT,Post-Termination Services,"In the event that (i) TouchStar elects not to enter into a new                 agreement with Reseller pursuant to Section 8.2 or (ii) Reseller                 terminates this Agreement in accordance with the provisions of                 Section 8.3, Reseller shall retain all Customer Agreements with                 Customers and TouchStar shall continue to provide Support                 Services under such Customer Agreements for the remaining term                 of such Customer Agreements.",62,if the service does not meet its obligations under Section 8.3 they will continue providing support to the customers.,this service assumes no liability for any losses or damages resulting from any matter relating to the service.,"if touchstar or the reseller ends their agreement, the reseller keeps all customer contracts and touchstar will continue providing support services for those customers until their contracts end."
6103,CHANGEPOINTCORP_03_08_2000-EX-10.6-LICENSE AND HOSTING AGREEMENT,Irrevocable Or Perpetual License,"Subject to the terms and conditions of this          Agreement, Changepoint hereby grants to Corio a fee-bearing,          irrevocable, nonexclusive, nontransferable (except in accordance with          Section 14.1 of this Agreement) license in the Territory to (i)          reproduce the Software in machine executable object code format only          for installation on the Corio Servers; (ii) install multiple copies of          the Software on Corio's Servers which will be made remotely accessible          to Corio's Customers for their internal business purposes, (iii) permit          limited access to and use of the Software by Customers through Corio          Servers solely for such Customer's internal business purposes; (iv)          sublicense an unlimited number of Customers to access and use the          Software only through the installation on Corio Servers solely for such          Customer's internal business purposes; and (v) use Changepoint's tools          and utilities, if any, subject to any restrictions placed on the          Changepoint by third party software providers and payment of any          applicable fees required by such third parties, to configure, integrate          and manage the Software.",163,changepoint gives Corio a license to use the Software in two ways.,changepoint gives you a free copy of the software.,"Corio can install and run the software on their servers and let their customers access it remotely for business use, but cannot transfer this license to anyone else without permission."
8805,PaperexchangeComInc_20000322_S-1A_EX-10.4_5202103_EX-10.4_Co-Branding Agreement,Revenue/Profit Sharing,"***** in the aggregate pursuant to this Section 7.4  [Revenue Sharing], the percentage of PaperExchange Revenue that PaperExchange shall pay to VerticalNet for the remainder of such calendar year shall be reduced to *****.",34,the percentage of PaperExchange revenue that VerticalNet makes from the remainder of the year will be *****.,this service assumes no liability for any losses or damages resulting from the sale of your data.,"The specific payment percentage that PaperExchange owes VerticalNet can be reduced for the rest of the year under certain conditions, but the exact amounts are redacted in this document."
4948,"HEMISPHERX - Sales, Marketing, Distribution, and Supply Agreement",Post-Termination Services,"In the event this Agreement is terminated by either Party for any reason whatsoever, HEMISPHERX agrees to reasonable efforts to make Product available to SCIEN for a period of three (3) months after the termination date at the same Transfer Price and under the same terms of payment.",48,if the Product is not available to SCIEN for 3 months after the termination date at the same Transfer Price and under the same terms of payment.,when the service wants to terminate its terms users are notified a month or more in advance.,"If the agreement ends for any reason, HEMISPHERX will try to keep selling the product to SCIEN for 3 more months at the same price and payment terms."
964,HealthcareIntegratedTechnologiesInc_20190812_8-K_EX-10.1_11776966_EX-10.1_Reseller Agreement,Termination For Convenience,"Following the Initial Term, either Party may terminate this Agreement without cause upon written notice to the other Party of at least 3 months.",24,the parties agree not to terminate the Agreement without written notice to the other.,the court of law governing the terms is in your favor.,"After the first contract period ends, either side can end the agreement by giving the other side 3 months written notice."
1567,WORLDWIDESTRATEGIESINC_11_02_2005-EX-10-RESELLER AGREEMENT,Post-Termination Services,"In the event that (a) TouchStar terminates this           Agreement in accordance with any one or more of the provisions of           Section 8.2 or (b) Reseller elects not to enter into a new agreement           with TouchStar pursuant to Section 8.1, Reseller shall refer to           TouchStar or TouchStar's designee all inquiries and orders received by           Reseller pertaining to the purchase of Support Services.",61,"if TouchStar terminates support services without prior notice to the user, Reseller will refer to TouchStar or TouchStar's designee all inquiries and orders received by the user.","if TouchStar terminates its service after a certain period of time and without notification to the user, the service will notify the user.","If TouchStar ends the agreement or you choose not to renew it, you must send all customer inquiries and orders for support services to TouchStar instead of handling them yourself."
3841,RitterPharmaceuticalsInc_20200313_S-4A_EX-10.54_12055220_EX-10.54_Development Agreement,Rofr/Rofo/Rofn,"Qualigen shall provide Sekisui with at least 30 days prior written notice and access to all due diligence materials provided to any potential acquirer, such 30 day period to commence upon the notification to Sekisui that Qualigen's board of directors has approved such Proposed Sale Transaction (as set forth in a term sheet or draft definitive agreement provided to Sekisui), subject to Sekisui's Right of First Refusal.",67,Qualigen must give Sekisui at least 30 days' written notice before accepting the offer.,"if a potential acquirer wants to sell their shares, they must provide a 30 day notice.","If Qualigen is planning to sell the company, they must tell Sekisui at least 30 days in advance and give them the chance to buy it first before anyone else can."
1815,UpjohnInc_20200121_10-12G_EX-2.6_11948692_EX-2.6_Manufacturing Agreement_ Supply Agreement,Governing Law,"This Agreement and all Actions (whether in contract or tort) that may be based upon, arise out of or relate to this Agreement or the negotiation, execution or performance hereof or thereof shall be governed by and construed in accordance with the Law of the State of Delaware, without regard to any Laws or principles thereof that would result in the application of the Laws of any other jurisdiction.",69,the court of law governing the terms is in the state of Delaware.,the court of law governing the terms is in Delaware.,"any disputes about this agreement will be handled according to Delaware law, no matter where you live."
10432,EUROPEANMICROHOLDINGSINC_03_06_1998-EX-10.6-DISTRIBUTOR AGREEMENT,Termination For Convenience,"Upon the occurrence of any of the following, WGT may      terminate the Term by giving Distributor written notice of such termination      for:",22,if the service wants to end its terms users are notified a week or more in advance.,if the service terminates its terms users are notified a week or more in advance.,"I need the actual text of what follows ""for:"" to summarize this clause. The text you provided is incomplete. Could you share the full list of termination conditions?"
12227,MANUFACTURERSSERVICESLTD_06_05_2000-EX-10.14-OUTSOURCING AGREEMENT,Warranty Duration,MSL will warrant its workmanship for [REDACTED DURATION] months unless other                   stated in the applicable Product Attachment.,16,MSL will be around for [REDACTED DURATION] months unless other relevant documents are in place.,you maintain ownership of your data.,"MSL guarantees its work quality for a certain number of months, unless the product details say otherwise."
9160,VitalibisInc_20180316_8-K_EX-10.2_11100168_EX-10.2_Hosting Agreement,No-Solicit Of Employees,"Each Party agrees that during the term of this Agreement and for a period of twelve (12) consecutive months thereafter they shall not, directly, solicit, engage, compensate, induce in any way or hire for employment or other representation, any officer, employee, consultant or other representative employed or retained by the other Party or assist any other person or entity to do any of the foregoing.",65,During the time this Agreement is in effect and for 12 months after it ends they will not try to hire anyone else.,you waive your right to a class action.,"For 12 months after this agreement ends, neither side can hire or try to hire the other side's employees, officers, or consultants, or help anyone else do so."
5228,EuromediaHoldingsCorp_20070215_10SB12G_EX-10.B(01)_525118_EX-10.B(01)_Content License Agreement,Renewal Term,"At Rogers' option, this Agreement shall renew for a subsequent term of two (2) years on the terms and conditions herein (the ""Renewal Term"").",24,this service will continue for two years at a time without notice to the user.,terms may be changed any time at their discretion without notice to the user.,Rogers can choose to renew this agreement for another two years under the same terms.
7058,"FOUNDATIONMEDICINE,INC_02_02_2015-EX-10.2-Collaboration Agreement",Ip Ownership Assignment,"Roche shall exclusively own all information, results, and intellectual property from Advanced Genomic Analyses performed on Roche samples (""Roche-Owned Advanced Genomic Analysis Results""), and any inventions arising from the Roche-Owned Advanced Genomic Analysis Results, and FMI will assign all rights to any such inventions to Roche (except for FMI Improvements).",50,this service assumes no ownership of any data.,you maintain ownership of your data.,"Roche owns all the results and inventions from genetic tests done on their samples, and Foundation Medicine will give Roche the rights to those inventions, except for improvements Foundation Medicine makes."
12383,MOELIS_CO_03_24_2014-EX-10.19-STRATEGIC ALLIANCE AGREEMENT,Termination For Convenience,"At any time during a renewed term, this Agreement may be terminated by any party on six (6) months prior notice that it wishes to terminate the Agreement.",28,this service can be terminated any time at their discretion without notice to the user.,terms may be changed any time at their discretion without notice to the user.,Either side can end this agreement by giving the other side six months' notice.
3802,GpaqAcquisitionHoldingsInc_20200123_S-4A_EX-10.6_11951677_EX-10.6_License Agreement,Covenant Not To Sue,"The Village Media Company shall not, and shall cause its Affiliates and their respective permitted sublicensees not to, whether during the Term or thereafter, challenge (a) the rights of PFHOF in and to any PFHOF Work, (b) the validity of any PFHOF Work, (c) PFHOF's right to grant rights or licenses relating to the PFHOF Works or (d) the validity, legality, or enforceability of this Agreement.",66,the Village Media Company does not challenge the validity of any PFHOF work.,you waive your right to a class action.,"Village Media Company and its partners agree they won't challenge Pro Football Hall of Fame's ownership of their content or their right to license it, both during and after this agreement ends."
398,CerenceInc_20191002_8-K_EX-10.4_11827494_EX-10.4_Intellectual Property Agreement,Affiliate License-Licensee,"The licenses granted in Sections 3.01(a), (b) and (c) to the SpinCo Group include the right to grant sublicenses within the scope of such licenses only to members of the SpinCo Group and, without any further right to sublicense, to their respective (i) contractors, distributors, manufacturers and resellers, in each case solely for the benefit of the SpinCo Business, and (ii) end users and customers, in each case solely in connection with the use of products and services of the SpinCo Business.",82,the license granted in Sections 3.01(a) and (b) is only for the benefit of the SpinCo Business.,you grant sublicenses to the SpinCo Group.,"SpinCo can sublicense the granted rights only to its own group members and their contractors, distributors, manufacturers, resellers, and customers, but only for SpinCo's business purposes."
4580,MACROGENICSINC_08_02_2013-EX-10-COLLABORATION AGREEMENT,Non-Compete,Green Cross shall pay to MacroGenics a royalty of *** on Net Sales of Competing Products for the Royalty Term.,20,the service will pay MacroGenics a royalty of *** on Net sales of Competing Products for the Royalty Term.,the service will pay a royalty of *** on Net Sales of Competing Products.,Green Cross must pay MacroGenics a royalty on sales of competing products during the agreement period.
227,"PACIRA PHARMACEUTICALS, INC. - A_R STRATEGIC LICENSING, DISTRIBUTION AND MARKETING AGREEMENT ",Non-Compete,"During the Term, PPI and its Affiliates shall not: (i) file for Marketing Authorization with respect to any Competing Product in  any country in the Territory, (ii) manufacture or have manufactured any Competing Product in any country in the Territory, (iii) market or  have marketed any Competing Product in any country in the Territory or (iv) license any Third Party to do any of the foregoing.",66,During the time this agreement is in effect PPI does not: make or sell any Competing Product in any country in the Territory.,this service does not allow third parties to sell any Competing Product.,"During the agreement, PPI and its related companies cannot file for approval, make, sell, or let others make or sell competing products in the specified territories."
961,HealthcareIntegratedTechnologiesInc_20190812_8-K_EX-10.1_11776966_EX-10.1_Reseller Agreement,Renewal Term,"Thereafter, this Agreement shall automatically be renewed for successive 1-year terms (each a ""Renewal Term"", and together with the Initial Term, the ""Term"").",23,the service will automatically continue for another year at a time.,terms may be changed any time at their discretion without notice to the user.,Your agreement automatically renews for one year at a time after the initial period ends.
6607,"VAXCYTE,INC_05_22_2020-EX-10.19-SUPPLY AGREEMENT",Competitive Restriction Exception,"SutroVax agrees to purchase all its requirements of Extract from Sutro in accordance with this Agreement, except to the extent SutroVax is allowed to purchase Extract from (a) Alternate Suppliers engaged by Sutro in accordance with Section 2.15 of this Agreement; (b) a CMO engaged or established and authorized by Sutro under Section 3.l(d) of the License Agreement; or (c) a CMO authorized by Sutro under Section 3.l(e) of the License Agreement. Manufacturing of Extracts in breach of this Section 2.20 shall be deemed a material breach of this Agreement and the License Agreement by SutroVax.",96,you can buy Extract from any of the following companies.,SutroVax agrees to purchase all its requirements from Sutro.,"SutroVax must buy all its Extract from Sutro, except from approved alternate suppliers or manufacturers that Sutro authorizes. buying Extract from anywhere else is a serious violation of the agreement."
405,CerenceInc_20191002_8-K_EX-10.4_11827494_EX-10.4_Intellectual Property Agreement,Irrevocable Or Perpetual License,"Subject to the terms and conditions of this Agreement, as of the Distribution Date, SpinCo hereby grants to Nuance and the members of the Nuance Group a worldwide, non-exclusive, fully paid-up, perpetual and irrevocable, transferable (subject to ARTICLE VIII), sublicensable (subject to Section 4.01(g)) license under the SpinCo Patents, solely to the extent that claims of the SpinCo Patents cover products or services of the Nuance Business in the Nuance Field of Use, together with natural extensions and evolutions thereof, in each case to make, have made use, sell, offer for sale, import and otherwise exploit such products and services, together with natural extensions and evolutions thereof.",107,"as of the Distribution Date, SpinCo gives Nuance and its group a worldwide license to use the SpinCo Patents.","the service provides a worldwide, non-exclusive and transferable license.","SpinCo gives Nuance a permanent, worldwide license to use SpinCo's patents for Nuance's business and can make, sell, and use products covered by those patents."
10430,EUROPEANMICROHOLDINGSINC_03_06_1998-EX-10.6-DISTRIBUTOR AGREEMENT,Termination For Convenience,WGT giving Distributor ninety (90) days' advance written notice of      termination at any time after the expiration of the Initial Term.,21,WGT gives the Distributor 90 days' written notice before the end of the Initial Term.,you wave your right to a termination notice.,WGT can end the agreement with the Distributor anytime after the initial term by giving 90 days' written notice.
8779,PaperexchangeComInc_20000322_S-1A_EX-10.4_5202103_EX-10.4_Co-Branding Agreement,Renewal Term,"This Agreement will automatically renew at the end of the Initial Term or a subsequent renewal term on a year to year basis (each, a ""Renewal Term""), unless either party notifies the other at least 30 days prior to the end of the Initial Term or then current Renewal Term, as applicable, of its intention not to renew this Agreement.",60,this service will automatically continue at the end of the first term or a subsequent renewal term on a year to year basis.,users agree not to terminate the service at the end of the first renewal term.,The agreement automatically renews every year unless either party tells the other at least 30 days before it ends that they don't want to renew.
11872,GluMobileInc_20070319_S-1A_EX-10.09_436630_EX-10.09_Content License Agreement1,Exclusivity,Fox has not granted and will not grant any exclusive distribution rights with respect to the Wireless Products to VGSL or any other party,24,this service does not sell the Wireless Products.,you maintain ownership of your data.,Fox is not giving VGSL or anyone else exclusive rights to distribute the wireless products.
12190,MANUFACTURERSSERVICESLTD_06_05_2000-EX-10.14-OUTSOURCING AGREEMENT,Change Of Control,"During the term of this Agreement, if MSL decides to sell a substantial       portion of its assets or operations outside the ordinary course of its       business, or to merge or transfer ownership of MSL to a third Party, MSL       will immediately notify IBM.",43,when MSL wants to sell its business outside the ordinary course of its business or to merge or transfer ownership to a third party.,this service assumes no liability for any losses or damages resulting from any matter relating to the service.,"If the company sells most of its assets, merges with another company, or changes ownership, it must tell IBM right away."
11903,GluMobileInc_20070319_S-1A_EX-10.09_436630_EX-10.09_Content License Agreement1,Ip Ownership Assignment,"Licensee further agrees to execute one or more copyright assignments at Fox's request, or any other subsequent document as further evidence of this assignment, and to cooperate with Fox in perfecting the assignment of any rights to the Fox Intellectual Property, and hereby appoints Fox as its attorney-in-fact to execute any documents required in connection with such assignment.",58,licensee agrees to execute one or more copyright assignments at Fox's request.,you waive your right to a class action.,"You agree to sign documents transferring your copyright to Fox and to help Fox perfect those rights, and you're giving Fox permission to sign documents on your behalf if needed."
10071,ClickstreamCorp_20200330_1-A_EX1A-6 MAT CTRCT_12089935_EX1A-6 MAT CTRCT_Development Agreement,Ip Ownership Assignment,"The Developer expressly acknowledges and agrees that any all proprietary materials prepared by the Developer under this Agreement shall be considered ""works for hire"" and the exclusive property of the Client unless otherwise specified.",34,you maintain ownership of your data.,you maintain ownership of your data.,"anything you create as a developer under this agreement belongs to the client, not you, unless you agree otherwise in writing."
10065,ClickstreamCorp_20200330_1-A_EX1A-6 MAT CTRCT_12089935_EX1A-6 MAT CTRCT_Development Agreement,Non-Compete,"The Developer shall not develop, maintain or market a similar platform and will not compete with the Client directly or indirectly worldwide.",22,"the Developer will not develop, maintain or market a similar platform.",you maintain ownership of your data.,The developer can't create or promote a competing platform anywhere in the world.
13386,TubeMediaCorp_20060310_8-K_EX-10.1_513921_EX-10.1_Affiliate Agreement,Volume Restriction,"for this purpose, except as required in infrequent and exceptional circumstances resulting from a Station's carriage of the primary television network with which such Station is affiliated with regard to its Primary Feed (e.g., ABC, CBS, NBC and Fox).",39,this service does not allow third parties to use the service.,this service assumes no liability for any losses or damages resulting from any matter relating to the service.,"TV stations don't have to follow this rule if they're showing their main network's primary feed, like ABC, CBS, NBC, or Fox."
7077,"FOUNDATIONMEDICINE,INC_02_02_2015-EX-10.2-Collaboration Agreement",Irrevocable Or Perpetual License,"Roche hereby grants to FMI a non-exclusive, royalty-free, worldwide and perpetual license, sublicensable to FMI's Affiliates, under any intellectual property rights arising directly from the Sample Results, or the correlation of the Sample Results to patient data (""Biomarker IP"") (i) to the extent such Biomarker IP becomes publicly known, for internal research purposes, (ii) to the extent such Biomarker IP becomes publicly known, to develop, make, have made, use, offer for sale, sell, import, and commercialize FMI's Products and Services relating to genomic analysis, and (iii) […***…].",87,Roche gives FMI a non-exclusive license to use the Sample Results.,"you grant to FMI a non-exclusive, royalty-free, worldwide and perpetual license.","Roche gives FMI a free, permanent license to use certain research findings from samples, but only for internal research and to develop FMI's genomic analysis products and services."
9166,VitalibisInc_20180316_8-K_EX-10.2_11100168_EX-10.2_Hosting Agreement,Price Restrictions,VOTOCAST expressly reserves the right to change its rates charged hereunder for the Services during any Renewal Term (as detined herein) but agrees that rates may not increase by more than ten percent (10%) during any Renewal Term.,38,the service can change its rates any time they see fit even without notification to the user.,this service assumes no liability for any losses or damages resulting from any loss.,"Votocast can raise prices during a renewal period, but the increase can't be more than 10%."
13559,INGEVITYCORP_05_16_2016-EX-10.5-INTELLECTUAL PROPERTY AGREEMENT,Non-Transferable License,"Such agreement shall prohibit any further sublicensing or transfer of rights by the Permitted Party, or, in the case of a sale or transfer of a Parent business, the transferee, or any use of the Licensed SpinCo IP outside the scope of the license granted to Parent herein.",48,this agreement does not stop the use of the Licensed SpinCo IP in a sale or transfer.,this agreement prohibits any further sublicensing or transfer of rights.,the person who gets the license can't give it to anyone else or use it in ways not allowed in the original agreement.
1565,WORLDWIDESTRATEGIESINC_11_02_2005-EX-10-RESELLER AGREEMENT,Irrevocable Or Perpetual License,"To the extent that Reseller or any Other Reseller is deemed to                 be the owner of all or any portion of the TouchStar Software,                 any Intellectual Property Rights of TouchStar or any Ancillary                 Software, or any improvements or intellectual property rights                 related thereto pursuant to applicable law, Reseller (i) hereby                 assigns exclusively to TouchStar all rights of Reseller in and                 to such Software and any improvements and intellectual property                 rights related thereto royalty-free and exclusively and (ii)                 shall include in any Other Reseller Agreement provision by which                 any Other Reseller grants to TouchStar an exclusive, perpetual,                 irrevocable, royalty-free assignment of all deemed rights of                 such Other Reseller in and to such TouchStar Software, Ancillary                 Software and Intellectual Property Rights.",119,this service assumes ownership of all the TouchStar Software and any improvements or intellectual property related thereto.,this service assumes no ownership of any portion of the TouchStar Software.,"if you're considered the owner of the TouchStar software or any improvements to it, you must give all those rights to TouchStar for free and make sure any other resellers do the same."
8789,PaperexchangeComInc_20000322_S-1A_EX-10.4_5202103_EX-10.4_Co-Branding Agreement,Non-Compete,"During the Term and for a period of four years after the termination of this Agreement, VerticalNet shall not, directly or indirectly, by itself, through its Affiliates or through any type of joint venture or similar affiliation with a third party, without prior written approval from PaperExchange, buy, sell or trade (a) paper pulp products through exchanges, auctions, or reverse auctions or any other e-commerce medium, (b) paper (other than finished paper-based products, including, but not limited to, books, stamps and labels) and copy paper (i) through exchanges, auctions or reverse auctions or (ii) in quantities greater than one ton through any e-commerce medium, (c) raw materials used to make paper packaging, including, but not limited to, linerboard, medium, other containerboard grades and corrugated sheet through exchanges, auctions, reverse auctions or any other e-commerce medium, or (d) paper rolls and reels weighing more than 50 pounds used by printers through exchanges, auctions, reverse auctions or any other e-commerce medium; provided, however, that this Section 5.8.1  [Non-Competition] shall not apply to advertisements, Storefronts or similar features on VerticalNet's Sites.",178,VerticalNet does not sell or trade paper.,this service does not sell any products.,"VerticalNet can't buy, sell, or trade certain paper products online for four years after this agreement ends without PaperExchange's permission, but this doesn't apply to ads or storefronts on VerticalNet's websites."
13620,"NOVOINTEGRATEDSCIENCES,INC_12_23_2019-EX-10.1-JOINT VENTURE AGREEMENT",Renewal Term,NVOS and HGF may renew the Agreement within two (2) years of the expiry of the initial term upon mutual understanding.,21,NVOS can end the Agreement any time they see fit even without notification to the user.,terms may be changed any time at their discretion without notice to the user.,Both NVOS and HGF can agree to renew the agreement within two years after it expires.
1843,UpjohnInc_20200121_10-12G_EX-2.6_11948692_EX-2.6_Manufacturing Agreement_ Supply Agreement,Volume Restriction,Nothing in this Agreement shall require Manufacturer to provide more than 75 hours per calendar year per Product in connection with any Technical Support.,24,the Manufacturer must provide more than 75 hours of technical support per year.,you must provide more than 75 hours per calendar year.,The manufacturer only has to provide up to 75 hours of technical support per year for each product.
9807,MusclepharmCorp_20170208_10-KA_EX-10.38_9893581_EX-10.38_Co-Branding Agreement,Competitive Restriction Exception,"Notwithstanding the foregoing or anything else contained herein, this Agreement shall not prevent or shall in any manner restrict Endorser from advertising, marketing and or endorsing products (or other companies which manufacture such products) which incidentally contain dietary supplements (including without limitation protein, vitamins, minerals, amino acids, herbs, legal performance enhancing substances) provided the primary purpose of such product or company is not to sell or market a dietary supplement.",70,"this agreement does not stop Endorser from advertising, marketing and or endorsing products that contain dietary supplements.",this service does not restrict you from advertising.,You can advertise or endorse products that happen to contain dietary supplements as long as selling dietary supplements isn't the main purpose of the product or company.
246,"PACIRA PHARMACEUTICALS, INC. - A_R STRATEGIC LICENSING, DISTRIBUTION AND MARKETING AGREEMENT ",Ip Ownership Assignment,"On the Effective Date, PPI has transferred the Domain Names to EKR for use in connection with the exercise of  the Distribution Rights.",23,the service gives the domain names to EKR for use in connection with the exercise of the distribution rights.,the service assumes ownership of the domain.,PPI gave the domain names to EKR so EKR can use them for distributing products or services.
11875,GluMobileInc_20070319_S-1A_EX-10.09_436630_EX-10.09_Content License Agreement1,Exclusivity,"the PSM in each Property, solely for the purpose of developing the wireless applications specifically set forth for each of the Properties on Exhibits B through M attached hereto (""Wireless Products""), some of which Wireless Products are defined in the Glossary attached hereto as Exhibit N",46,the PSM is only used for the purposes of developing wireless applications.,the service does not track you.,The property manager can only use the wireless system to develop the specific wireless products listed in the attached exhibits for each property.
12195,MANUFACTURERSSERVICESLTD_06_05_2000-EX-10.14-OUTSOURCING AGREEMENT,Ip Ownership Assignment,"IBM assumes and will assume ownership and MSL assigns and will assign all       intellectual and industrial property rights for hardware, software, design       and documentation of all Products delivered under this Agreement

      IBM will also own and MSL will assign any invention made by MSL on       Products, and on any invention related to IBM processes and systems that       MSL makes while MSL uses those processes and systems in the performance of       this Agreement provided that nothing herein shall restrict MSL's right to       use such inventions in the performance of its obligations hereunder.",91,IBM assumes ownership of the rights to the Products.,IBM assumes ownership of all your intellectual property.,"IBM owns all the technology, designs, and documents for products delivered under this agreement. IBM also owns any inventions MSL makes while working on these products, but MSL can still use those inventions to do its job."
6782,GpaqAcquisitionHoldingsInc_20200123_S-4A_EX-10.8_11951679_EX-10.8_Service Agreement,Affiliate License-Licensee,"This license expressly prohibits any pass-through rights or the use of the HOF Entity Marks by any third party, except (x) to Constellation's subsidiaries and brands for use in a manner consistent with clauses (i) through (iii) hereof or (y) with the express written consent of the HOF Entities (or the appropriate HOF Entity).",54,this license does not allow the use of the HOF Entity Marks by third parties.,this license prohibits any pass-through rights or the use by third parties.,"You can't let anyone else use these marks unless they're Constellation's subsidiaries or brands, or unless the HOF Entities give you written permission."
239,"PACIRA PHARMACEUTICALS, INC. - A_R STRATEGIC LICENSING, DISTRIBUTION AND MARKETING AGREEMENT ",Change Of Control,Either Party shall be entitled forthwith to terminate this Agreement by notice to the other if:,16,the parties agree to end the Agreement by giving notice to the other.,you wave your right to a termination notice.,"I need the actual text of what follows ""if:"" to summarize the termination conditions. Could you provide the complete clause?"
2910,ATMOSENERGYCORP_11_22_2002-EX-10.17-TRANSPORTATION SERVICE AGREEMENT,Volume Restriction,"Notwithstanding the MDDO at each Point of Delivery,          Shipper shall not nominate a total quantity of natural gas at all          Points of Delivery that exceeds the MDQ set forth in this Agreement.",32,the service does not provide a total quantity of natural gas at all points of delivery.,this service does not provide a total quantity of natural gas.,You can't ship more natural gas total across all delivery points than the maximum daily quantity allowed in your contract.
1564,WORLDWIDESTRATEGIESINC_11_02_2005-EX-10-RESELLER AGREEMENT,Non-Transferable License,"TouchStar hereby grants to Reseller, with the additional right                 to grant to Other Resellers who or which enter into an Other                 Reseller Agreement, the nontransferable and nonexclusive right                 and license to use one copy of the TouchStar Software as                 necessary to demonstrate the TouchStar Software to potential                 Customers in the Territory.",51,TouchStar gives Reseller the right to use one copy of the TouchStar Software.,TouchStar hereby grants to Reseller a copy of the TouchStar Software.,"TouchStar lets you use their software to show it to potential customers in your area, but you can't transfer this right to anyone else and it's not exclusive to you."
6779,GpaqAcquisitionHoldingsInc_20200123_S-4A_EX-10.8_11951679_EX-10.8_Service Agreement,Non-Transferable License,"This license expressly prohibits any pass-through rights or the use of the HOF Entity Marks by any third party, except (x) to Constellation's subsidiaries and brands for use in a manner consistent with clauses (i) through (iii) hereof or (y) with the express written consent of the HOF Entities (or the appropriate HOF Entity).",54,this license does not allow the use of the HOF Entity Marks by third parties.,this license prohibits any pass-through rights or the use by third parties.,"You can't let anyone else use these marks unless they're Constellation's subsidiaries or brands, or unless the HOF Entities give you written permission."
13561,INGEVITYCORP_05_16_2016-EX-10.5-INTELLECTUAL PROPERTY AGREEMENT,Non-Transferable License,Such agreement shall prohibit any further transfer of rights by such party or any use of the transferred Intellectual Property outside the scope of the license granted to SpinCo herein.,30,this agreement does not stop the transfer of rights.,the court of law governing the terms is in the jurisdiction of SpinCo.,whoever receives the rights can't transfer them to anyone else or use them in ways beyond what this agreement allows.
4601,MACROGENICSINC_08_02_2013-EX-10-COLLABORATION AGREEMENT,Joint Ip Ownership,"enforcement of any such rights by either Party outside the Territory relating to Jointly Owned Patents shall be first used to reimburse each Party's costs and expenses incurred in connection with such action, and any remainder of such recovery, shall be retained by the Party instituting the action.",48,this service assumes no liability for any losses or damages resulting from the action.,the court of law governing the terms is in the Territory.,"if either party sues to enforce a jointly owned patent outside the agreed territory, they keep any money recovered after paying back both parties' legal costs."
9810,MusclepharmCorp_20170208_10-KA_EX-10.38_9893581_EX-10.38_Co-Branding Agreement,Change Of Control,Neither party shall voluntarily or by operation of law assign or otherwise transfer the rights and/or obligations incurred pursuant to the terms of this Agreement without the prior written consent of the other party.,34,Neither party can transfer their rights or obligations without the other party's written consent.,you waive your right to a class action.,Neither you nor the company can transfer your rights or responsibilities under this agreement to someone else without getting written permission from the other side first.
6117,CHANGEPOINTCORP_03_08_2000-EX-10.6-LICENSE AND HOSTING AGREEMENT,Uncapped Liability,"ACTION FIRST ARISING, EVEN IF IT IS A CONTINUOUS ONE, OR IN THE          AGGREGATE, WITH RESPECT OF ALL CLAIMS ARISING OUT OF OR RELATED TO          THIS AGREEMENT, THE TOTAL AMOUNT ACTUALLY PAID BY CORIO UNDER THIS          AGREEMENT TO CHANGEPOINT.",39,this service assumes no liability for any losses or damages resulting from any matter relating to this agreement.,when the service wants to change its terms users are notified a week or more in advance.,Corio's total liability for any claims related to this agreement is limited to the amount Corio actually paid to ChangePoint under the agreement.
13545,INGEVITYCORP_05_16_2016-EX-10.5-INTELLECTUAL PROPERTY AGREEMENT,Termination For Convenience,"This Agreement may be terminated at any time prior to the Effective Time by Parent, in its sole and absolute discretion, without the approval or consent of",27,Parent can end the Agreement any time they see fit without prior notice to the user.,terms may be changed any time at their discretion without notice to the user.,Parent can end this agreement anytime before it starts without needing anyone's permission.
394,CerenceInc_20191002_8-K_EX-10.4_11827494_EX-10.4_Intellectual Property Agreement,Non-Transferable License,"Notwithstanding the forgoing, subject to Section 4.02(b) and ARTICLE VI, members of the Nuance Group may only sublicense the SpinCo Shared Technology Assets pursuant to terms and conditions as protective as those under which it licenses its own Technology of a similar nature and value, and in any event terms and conditions that provide for commercially reasonable protection for the source code, structure and other confidential and proprietary elements of the SpinCo Shared Technology Assets.",75,the Nuance Group can only sublicense the SpinCo Shared Technology Assets.,you can only sublicense the SpinCo Shared Technology Assets.,"Nuance Group members can only share the SpinCo Shared Technology Assets with others under terms that are at least as protective as the terms they use for their own similar technology, and must always protect the source code and confidential information."
407,CerenceInc_20191002_8-K_EX-10.4_11827494_EX-10.4_Intellectual Property Agreement,Irrevocable Or Perpetual License,"Subject to the terms and conditions of this Agreement, as of the Distribution Date, SpinCo hereby grants to Nuance and the members of the Nuance Group a worldwide, non-exclusive, fully paid-up, perpetual and irrevocable, transferable (subject to ARTICLE VIII), sublicensable (subject to Section 4.01(g)) license to install, access, use, reproduce, perform, display, modify (including the right to create improvements and derivative works), further develop, sell, manufacture, distribute and market products and services based on, using or incorporating the SpinCo Shared Technology Assets within the Nuance Field of Use, together with natural extensions and evolutions thereof.",95,"as of the Distribution Date, SpinCo gives Nuance and the members of the Nuance Group a worldwide license to use SpinCo Shared Technology.",the service assumes no liability for any losses or damages resulting from the sale of the products.,"SpinCo is giving Nuance a permanent, worldwide license to use, modify, and sell products based on SpinCo's technology for Nuance's business purposes, and Nuance can transfer or sublicense this right to others."
7079,"FOUNDATIONMEDICINE,INC_02_02_2015-EX-10.2-Collaboration Agreement",Irrevocable Or Perpetual License,"FMI hereby grants to Roche (i) an exclusive, royalty-free, sublicensable, worldwide and perpetual license to any intellectual property rights arising from the ctDNA Development Platform Program that are necessary for Roche to develop, make, have made, use, offer for sale, sell, import and commercialize Roche products other than diagnostic products (including the use, formulation, methods of treatment, clinical data or other data, information or results relating to the Roche therapeutic product) solely for use in connection with such activities and such Roche products and (ii) a non-exclusive, royalty-free, worldwide and perpetual license, with the right to grant sublicenses solely to Roche Affiliates, to any intellectual property rights arising from the ctDNA Development Platform Program, for internal research purposes.

Roche hereby grants to FMI a non-exclusive, royalty-free, worldwide, perpetual, and sublicensable license to any IP Controlled by Roche and developed under the ctDNA Platform Development Program (excluding Roche Immunotherapy Sample Results) to the extent necessary for FMI to research, develop, make, have made, use, offer for sale, sell, import and commercialize the ctDNA Assays.",173,FMI gives Roche a license to use certain intellectual property.,"FMI grants to Roche a non-exclusive, royalty-free, sublicensable, worldwide and perpetual license.","FMI gives Roche an exclusive, free license to use technology from their partnership to develop and sell Roche's non-diagnostic products, and a non-exclusive free license for Roche's internal research. Roche gives FMI a non-exclusive, free license to use Roche's technology to develop and sell ctDNA tests."
3797,GpaqAcquisitionHoldingsInc_20200123_S-4A_EX-10.6_11951677_EX-10.6_License Agreement,Non-Transferable License,"The Village Media Company shall not, directly or indirectly, assign, sublicense or otherwise transfer any of its rights or obligations hereunder without the prior written consent of PFHOF. T",29,the Village Media Company does not transfer its rights without PFHOF's written consent.,the service assumes no liability for any losses or damages resulting from any matter relating to the service.,The Village Media Company can't transfer its rights or responsibilities under this agreement without getting written permission from PFHOF first.
411,CerenceInc_20191002_8-K_EX-10.4_11827494_EX-10.4_Intellectual Property Agreement,Covenant Not To Sue,"Nuance agrees that it will not (i) oppose, challenge, petition to cancel, contest or threaten in any way, or assist another party in opposing, challenging, petitioning to cancel, contesting or threatening in any way, any application or registration by SpinCo or its Affiliates or their respective licensees for any SpinCo IP, (ii) engage in any act, or purposefully omit to perform any act, that impairs or adversely affects the rights of SpinCo or any member of the SpinCo Group in and to any SpinCo IP or (iii) apply for any registration (including federal, state and national registrations) with respect to the SpinCo IP.",103,you waive your right to a class action.,you waive your right to a class action.,"Nuance won't challenge or oppose any trademark or patent applications filed by SpinCo, won't do anything that harms SpinCo's rights to their intellectual property, and won't apply for any registrations related to SpinCo's intellectual property."
1831,UpjohnInc_20200121_10-12G_EX-2.6_11948692_EX-2.6_Manufacturing Agreement_ Supply Agreement,Price Restrictions,Customer may not change the price of Buy-Sell,8,the service does not guarantee quality.,you maintain ownership of your data.,The customer cannot change the price of Buy-Sell.
8071,AudibleInc_20001113_10-Q_EX-10.32_2599586_EX-10.32_Co-Branding Agreement_ Marketing Agreement_ Investment Distribution Agreement,Non-Disparagement,other behavior that is materially harming the goodwill or reputation of ACSI or its Affiliates or the ACSI Site;,19,the service prohibits users from doing anything that harms the service or its reputation.,the service prohibits users from engaging in illegal or politically or religiously motivated activities.,ACSI can remove you if your behavior seriously damages their reputation or the reputation of their partners or website.
8088,AudibleInc_20001113_10-Q_EX-10.32_2599586_EX-10.32_Co-Branding Agreement_ Marketing Agreement_ Investment Distribution Agreement,Non-Transferable License,"Company hereby grants to ACSI, during the Term, a non-exclusive, non-transferable (except in accordance with Section 11.7  [Assignment]) license, which ACSI may sublicense only to its Affiliates, to use the Company Intellectual Property supplied by Company to ACSI as is reasonably necessary to perform its obligations under this Agreement; provided, however, that ACSI shall not use Company's Trademarks, including in any advertising, without Company's prior written consent, unless such use conforms to a written Trademark use policy previously furnished by Company to ACSI and not subsequently modified or revoked.",89,the Company gives ACSI a license to use the Company's intellectual property.,"you grant to ACSI a non-exclusive, non-transferable (except in accordance with Section 11.7.","the company gives acsi permission to use its intellectual property only as needed to do the work under this agreement, and acsi can share this permission with its affiliated companies. acsi cannot use the company's trademarks in advertising without written permission first, unless the company has given them a written policy allowing it."
181,DovaPharmaceuticalsInc_20181108_10-Q_EX-10.2_11414857_EX-10.2_Promotion Agreement,Change Of Control,"Notwithstanding the foregoing, (a) either Party may, without the other Party's consent, assign this Agreement and its rights and obligations hereunder in whole or in part to an Affiliate; and (b) Dova may assign this Agreement to a successor in interest in connection with the sale or other transfer of all or substantially all of Dova's assets or rights relating to the Product; provided that such assignee shall remain subject to all of the terms and conditions hereof in all respects and shall assume all obligations of Dova hereunder whether accruing before or after such assignment.",96,you can transfer your rights to an Affiliate.,you waive your right to a class action.,"Either company can transfer this agreement to a related company without permission, and Dova can also transfer it to a buyer if it sells its business, as long as the new company follows all the same rules."
6437,FuelcellEnergyInc_20191106_8-K_EX-10.1_11868007_EX-10.1_Development Agreement,Irrevocable Or Perpetual License,"ExxonMobil grants FCE a worldwide, non-exclusive, royalty- free, non-sub-licensable (except as set forth herein), perpetual, irrevocable (except as stated in Paragraphs 12.03 (Failure to Perform), 12.04 (Other Termination), and 12.05 (Bankruptcy)), non- transferable (except pursuant to Article 14 (Assignment)) right and license to practice ExxonMobil Background Information and ExxonMobil Background Patents for Generation 1 Technology in any applications outside of Carbon Capture Applications.",63,ExxonMobil gives FCE a worldwide right to practice ExxonMobil Background Information.,"ExxonMobil grants FCE a worldwide, non-exclusive, royalty- free, and non-subsidized license.","ExxonMobil is giving FCE permission to use their technology and patents worldwide for free, but only for Generation 1 Technology and not for carbon capture uses."
6428,FuelcellEnergyInc_20191106_8-K_EX-10.1_11868007_EX-10.1_Development Agreement,Non-Transferable License,"ExxonMobil grants FCE a worldwide, non-exclusive, royalty-free, non-sub- licensable (except as set forth herein), perpetual, irrevocable (except as stated in Paragraphs 12.03 (Failure to Perform), 12.04 (Other Termination), and 12.05 (Bankruptcy)), non-transferable (except pursuant to Article 14 (Assignment)) right and license to practice ExxonMobil Background Information and ExxonMobil Background Patents for Generation 1 Technology in Carbon Capture Applications,",58,ExxonMobil gives FCE a worldwide right to practice ExxonMobil Background Information and ExxonMobil background Patents.,"ExxonMobil grants FCE a worldwide, non-exclusive, royalty-free, and non-transferable license.","ExxonMobil is giving FCE permission to use their technology and patents for carbon capture work worldwide, but FCE can't sell this permission to anyone else or make money from it."
3838,RitterPharmaceuticalsInc_20200313_S-4A_EX-10.54_12055220_EX-10.54_Development Agreement,No-Solicit Of Customers,"However, Qualigen shall not engage any distributors (whether exclusive or non-exclusive) other than Sekisui for the Qualigen Retained Customers",19,this service does not sell to third parties.,you maintain ownership of your data.,Qualigen can only use Sekisui as a distributor for their existing customers and cannot work with any other distributors for those customers.
11927,GluMobileInc_20070319_S-1A_EX-10.09_436630_EX-10.09_Content License Agreement1,Covenant Not To Sue,Licensee hereby does forever waive and agree never to assert any and all Moral Rights it may have in Fox's Intellectual Property Rights in and to the PSM and the Fox Intellectual Property and any derivative works thereof and shall cause its employees and contractors (including the developers) to do likewise.,51,you waive your right to a class action.,you waive your right to a class action.,You give up all your moral rights to the intellectual property and agree that your employees and contractors do the same.
11924,GluMobileInc_20070319_S-1A_EX-10.09_436630_EX-10.09_Content License Agreement1,Liquidated Damages,"In the event of termination of this Agreement and without limitation of Fox's rights and remedies all of which are expressly reserved, the following payment penalties shall apply: (i) if termination occurs in the first year of the Term, Licensee shall forfeit any Guarantee paid, and shall immediately pay any remaining Guarantee, up to the amount of ***** dollars (US$*****), and any Guarantee payments made in excess of ***** dollars ($*****) shall be refunded by Fox to Licensee; and (ii) if termination occurs in the second year of the Term, Licensee shall forfeit any Guarantee paid, and shall immediately pay any remaining portion of the Guarantee then unpaid, up to the amount of ***** dollars (US$*****). An",117,if the service terminates after the first year of the agreement Fox will immediately pay back any remaining money.,"if the service terminates in the first year of the Term, they can immediately refund you.","If you cancel in the first year, you lose any money you already paid and owe the rest of your guarantee (up to a certain amount). If you cancel in the second year, you lose what you paid and owe the remaining guarantee amount."
10434,EUROPEANMICROHOLDINGSINC_03_06_1998-EX-10.6-DISTRIBUTOR AGREEMENT,Change Of Control,"Upon the occurrence of any of the following, WGT may      terminate the Term by giving Distributor written notice of such termination      for:",22,if the service wants to end its terms users are notified a week or more in advance.,if the service terminates its terms users are notified a week or more in advance.,"I need the actual text of what follows ""for:"" to summarize this clause. The text you provided is incomplete. Could you share the full list of termination conditions?"
3796,GpaqAcquisitionHoldingsInc_20200123_S-4A_EX-10.6_11951677_EX-10.6_License Agreement,Non-Transferable License,"The Village Media Company shall not, directly or indirectly, assign, sublicense or otherwise transfer any of its rights or obligations hereunder without the prior written consent of PFHOF.",28,the Village Media Company does not transfer its rights without PFHOF's written consent.,the service assumes no liability for any losses or damages resulting from any matter relating to the service.,The Village Media Company can't transfer its rights or responsibilities under this agreement without getting written permission from PFHOF first.
7048,"FOUNDATIONMEDICINE,INC_02_02_2015-EX-10.2-Collaboration Agreement",Most Favored Nation,"If FMI enters into any subsequent agreement with another customer or collaborator which provides for pricing terms for substantially the same product or services at substantially the same (or a lesser) scale, which pricing terms are more favorable than those contained herein, then FMI shall notify Roche and Roche will have the right to modify this agreement to provide Roche with those more favorable pricing terms. […***…].",67,"if FMI makes a new agreement with another customer or collaborator that provides similar products or services at substantially the same price, they will notify Roche.",if FMI wants to change its pricing any time at their discretion without notification to the user.,"If FMI gives better pricing to another customer for the same products or services, Roche can ask for those same better prices."
8084,AudibleInc_20001113_10-Q_EX-10.32_2599586_EX-10.32_Co-Branding Agreement_ Marketing Agreement_ Investment Distribution Agreement,Joint Ip Ownership,"To the extent that any Joint Works are created in the course of performance of this Agreement, each Party shall own a joint, equal and undivided ownership interest in and to such Joint Works and the associated Intellectual Property Rights, with no duty on the part of either Party to account to the other with respect to its use and exploitation of the same.",64,"if any Joint Works are created in the course of working under this Agreement, neither party is responsible for the resulting profits.",the parties are responsible for operating the service.,"if you and the other party create something together while working under this agreement, you both own it equally and can each use it however you want without asking permission or sharing profits."
3771,GpaqAcquisitionHoldingsInc_20200123_S-4A_EX-10.6_11951677_EX-10.6_License Agreement,Notice Period To Terminate Renewal,"Thereafter, the agreement shall automatically renew for successive five (5)-year terms, unless either Party gives written notice to the other Party of intent not to renew at least six (6) months prior to the expiration of the then-current Term.",39,the service will automatically continue for another 5 years at a time unless one of the parties gives written notice to the other.,terms may be changed any time at their discretion without notice to the user.,The agreement automatically renews for another five years unless one side tells the other in writing at least six months before it expires that they don't want to renew.
400,CerenceInc_20191002_8-K_EX-10.4_11827494_EX-10.4_Intellectual Property Agreement,Affiliate License-Licensee,"Subject to the terms and conditions of this Agreement, as of the Distribution Date, SpinCo hereby grants to Nuance and the members of the Nuance Group a worldwide, non-exclusive, fully paid-up, perpetual and irrevocable, transferable (subject to ARTICLE VIII), sublicensable (subject to Section 4.01(g)) license to install, access, use, reproduce, perform, display, modify (including the right to create improvements and derivative works), further develop, sell, manufacture, distribute and market products and services based on, using or incorporating the SpinCo Shared Technology Assets within the Nuance Field of Use, together with natural extensions and evolutions thereof.",95,"as of the Distribution Date, SpinCo gives Nuance and the members of the Nuance Group a worldwide license to use SpinCo Shared Technology.",the service assumes no liability for any losses or damages resulting from the sale of the products.,"SpinCo is giving Nuance a permanent, worldwide license to use, modify, and sell products based on SpinCo's technology for Nuance's business purposes, and Nuance can transfer or sublicense this right to others."
6099,CHANGEPOINTCORP_03_08_2000-EX-10.6-LICENSE AND HOSTING AGREEMENT,Unlimited/All-You-Can-Eat-License,"Changepoint grants to Corio a nonexclusive, nontransferable (except in          accordance with Section 14.1 of this Agreement), royalty-free, fully





         paid-up license to install and use the Software, Documentation, and          Software tools and utilities if any, for an unlimited number of Corio          users, subject to any restrictions placed on the Changepoint by third          party software providers and payment of any applicable fees required by          such third parties, in machine executable object code for Corio's          internal business purposes.",75,Changepoint allows users to download and use the Software.,"Changepoint grants to Corio a nonexclusive, nontransferable, and non-transferable license.","Changepoint gives Corio permission to use their software for free for unlimited users within Corio's company, but Corio can't transfer this permission to others and must pay any fees that third-party software providers require."
12179,MANUFACTURERSSERVICESLTD_06_05_2000-EX-10.14-OUTSOURCING AGREEMENT,Renewal Term,This Agreement will automatically be renewed for periods of       twelve (12) months unless either Party gives six (6) months written       notice of its intent to terminate this Agreement.,28,this Agreement will automatically continue for 12 months at a time unless one of the parties gives written notice to the other.,terms may be changed any time at their discretion without notice to the user.,This agreement automatically renews every 12 months unless either side gives 6 months written notice to end it.
12381,MOELIS_CO_03_24_2014-EX-10.19-STRATEGIC ALLIANCE AGREEMENT,Competitive Restriction Exception,"Notwithstanding the foregoing, this provision shall not prevent any party from soliciting or otherwise contacting any Client (i) for any purpose other than working on or obtaining an assignment on Covered Businesses involving Japanese Companies in Covered Regions where all principal parties involved are located within Covered Regions or (ii) with whom such party (or its employees or consultants) has had a pre-existing relationship, including, but not limited to, a pre-existing contractual or business relationship, prior to the Introduction of such Client in connection with an assignment covered by this Agreement.",91,this provision does not stop any party from contacting the Client.,this provision does not prevent any party from contacting any client.,"You can still contact a client if it's not about work in Japan, or if you already had a relationship with them before this agreement."
3850,RitterPharmaceuticalsInc_20200313_S-4A_EX-10.54_12055220_EX-10.54_Development Agreement,Joint Ip Ownership,"In the event that any Development IP is jointly invented by the Parties in accordance with applicable intellectual property laws, then the ownership of such Development IP that has been jointly invented shall be co-owned by the Parties in accordance with such applicable intellectual property laws; provided, however, that neither Party shall have any duty or obligation to account to the other for any use or exploitation of such jointly invented Development IP and as between the Parties, each Party shall be entitled to retain any and all benefit, financial or otherwise, derived by such Party from such jointly invented Development IP.",102,"if a joint invention is jointly invented by the parties, the ownership of the invention will be shared with the other.",you maintain ownership of your data.,"if you and the other party jointly create something together, you'll both own it equally, and neither of you has to share profits or ask permission to use it."
6397,FuelcellEnergyInc_20191106_8-K_EX-10.1_11868007_EX-10.1_Development Agreement,Competitive Restriction Exception,"Notwithstanding the foregoing, ExxonMobil hereby grants approval for FCE solely to conduct Authorized Work using Generation 1 Technology with Authorized Third Parties for Carbon Capture Applications and any Work using Generation 2 Technology solely for Power Applications and Hydrogen Applications.",40,this service only uses certain technologies.,this service does not allow third parties to be involved in operating the service.,"ExxonMobil allows FCE to use their technology for carbon capture work with approved partners, and to use newer technology only for power and hydrogen projects."
7082,"FOUNDATIONMEDICINE,INC_02_02_2015-EX-10.2-Collaboration Agreement",Irrevocable Or Perpetual License,"FMI hereby grants to Roche a non-exclusive, royalty-free, worldwide, perpetual, and sublicensable license to any intellectual property arising from the Immunotherapy Testing Platform Program Controlled by FMI for internal research purposes and to the extent necessary for Roche to research, develop, make, have made, use, offer for sale, sell, import and commercialize Roche products other than diagnostic products.",58,FMI gives Roche a license to use the Immunotherapy Testing Platform.,"FMI grants to Roche a non-exclusive, royalty-free, worldwide, perpetual, and sublicensable license.","FMI gives Roche a permanent, free license to use intellectual property from their testing platform for research and to develop and sell Roche products, but not diagnostic products."
4963,"HEMISPHERX - Sales, Marketing, Distribution, and Supply Agreement",Covenant Not To Sue,"SCIEN agrees that it will not during the term of this Agreement, or thereafter, attack the title or any rights of HEMISPHERX in and to Interferon alfa-n3 (human leukocyte derived) or attack the validity of the license granted herein by HEMISPHERX and solely owned by HEMISPHERX.",46,SCIEN agrees not to attack HEMISPHERX.,you maintain ownership of your data.,SCIEN promises not to challenge HEMISPHERX's ownership or rights to the Interferon alfa-n3 product or the license agreement during or after this deal.
1837,UpjohnInc_20200121_10-12G_EX-2.6_11948692_EX-2.6_Manufacturing Agreement_ Supply Agreement,Price Restrictions,"In the event that Price is adjusted as a result of a change to Facility Conversion Cost under Section 3.2(b)(i), the Facility Conversion Cost Threshold for all remaining Fiscal Years in the Initial Term (or Extension Periods as appropriate) will be reduced such that if Facility Conversion Costs of a Facility during any Facility Conversion Cost Adjustment Fiscal Year are estimated to be (a) less -28-

Source: UPJOHN INC, 10-12G, 1/21/2020





than eighty percent (80%) of the Facility Conversion Costs for the Facility Conversion Cost Baseline Fiscal Year or (b) greater than one hundred and twenty percent (120%) of the Facility Conversion Costs for the Facility Conversion Cost Baseline Fiscal Year, then the Price for such Product will be updated beginning with such Facility Conversion Cost Adjustment Fiscal Year to reflect the full estimated amount of the increase or decrease in Conversion Cost",143,if the price is adjusted as a result of a change in the terms of service the price will be changed.,if the price of a product is changed any time at their discretion without notice to the user.,"if the cost to convert a facility changes by more than 20% compared to a baseline year, the price you pay for the product will be adjusted to reflect that change."
4934,"HEMISPHERX - Sales, Marketing, Distribution, and Supply Agreement",Notice Period To Terminate Renewal,The Term will be 3 years from Effective Date with an automatic 2 year term extensions unless otherwise advised by one of the Parties.,24,the Term will last for 3 years from the date it was signed.,terms may be extended any time at their discretion without notice to the user.,The agreement lasts for 3 years and then automatically renews for 2 more years unless one side tells the other to stop.
214,DovaPharmaceuticalsInc_20181108_10-Q_EX-10.2_11414857_EX-10.2_Promotion Agreement,Covenant Not To Sue,"During the Term, Valeant will not contest the ownership of the Dova Trademarks and Copyrights, their validity, or the validity of any registration therefor.",24,Valeant does not dispute the ownership of the Dova Trademarks and Copyrights.,you maintain ownership of your data.,"During the agreement, Valeant won't challenge that Dova owns the trademarks and copyrights or question whether they're valid."
13365,TubeMediaCorp_20060310_8-K_EX-10.1_513921_EX-10.1_Affiliate Agreement,Notice Period To Terminate Renewal,"If Affiliate fails to notify Network of its desire that this Agreement terminate on its expiration date, at least six (6) months before the expiration date, this Agreement will automatically renew, upon the same terms and conditions, for an additional four (4) -year period (""Renewal Term"").",46,if the Affiliate doesn't notify Network within 6 months of the expiration date they will automatically reactivate the service.,when the service wants to end its terms users are notified a week or more in advance.,"If you don't tell the network you want to cancel at least 6 months before your agreement expires, it will automatically renew for another 4 years on the same terms."
13390,TubeMediaCorp_20060310_8-K_EX-10.1_513921_EX-10.1_Affiliate Agreement,Volume Restriction,"The signal of the Service, including any program-related data and enhancements, shall be contained in no more than a 5.0 megabits-per-second (""mbps"") stream of data and shall consist of a resolution of no less than 480 x 720i.",38,the signal of the Service will be contained in no more than 5.0 megabits-per-second pixels.,the service will transmit no more than 5.0 megabits per second.,The service delivers video at a maximum of 5.0 megabits per second with a minimum resolution of 480 x 720i.
12234,MANUFACTURERSSERVICESLTD_06_05_2000-EX-10.14-OUTSOURCING AGREEMENT,Third Party Beneficiary,"Notwithstanding Section 16.18 of the Outsourcing Base Agreement, MS is an intended third party beneficiary of this Attachment 6 only, with full rights to enforce the terms of this Attachment 6 on its own behalf, but only to the extent that the terms of this Attachment 6 pertains to the MS Software Images and related MS documentation.",57,you maintain ownership of your data.,this service assumes no liability for any losses or damages resulting from any matter relating to the service.,"Microsoft can enforce the terms of this agreement on its own behalf, but only for the parts that relate to Microsoft software and documentation."
10427,EUROPEANMICROHOLDINGSINC_03_06_1998-EX-10.6-DISTRIBUTOR AGREEMENT,Notice Period To Terminate Renewal,"The Term will automatically renew for successive additional periods of one (1) year each, provided that: (a) Distributor has made all Guaranteed Minimum Purchases and has complied with the marketing requirements under paragraph 4.1(b); (b) the parties have agreed in writing upon the Guaranteed Minimum Purchase amounts and Product price discounts for the next subsequent one (1) year renewal period; (c) neither party provided the other party with notice of such party's intention not to renew this Agreement at least thirty (30) days prior to any year's Expiration Date; and (d) neither party provided the other party with such notice as may be required pursuant to paragraphs 5.2, 5.3 or 5.4.",111,the Term will automatically continue for another year at a time unless the Distributor has met the marketing requirements.,the Term will automatically renew for successive additional periods of one (1) year each.,"Your contract automatically renews for one more year unless you give 30 days notice before it ends, you've met your minimum purchase requirements, and both sides agree on new prices for the next year."
9177,VitalibisInc_20180316_8-K_EX-10.2_11100168_EX-10.2_Hosting Agreement,Liquidated Damages,"If any such action occurs and results in an employee accepting employment with the other Party, the Party with whom the employee accepts employment agrees to pay to the other Party as liquidated damages, an amount equal to two times that particular individual's annual salary and bonus.",47,if an employee accepts employment with the other party they pay a penalty.,if a party wants to liquidate its assets without prior notice to the user.,"If an employee moves to work for the other party after certain actions occur, the new employer must pay the old employer twice that employee's yearly salary and bonus as a penalty."
8825,PaperexchangeComInc_20000322_S-1A_EX-10.4_5202103_EX-10.4_Co-Branding Agreement,Uncapped Liability,"EXCEPT IN CONNECTION WITH A BREACH BY EITHER PARTY OF ARTICLE 10, THE INDEMNIFICATION OBLIGATIONS OF PAPEREXCHANGE UNDER SECTIONS 12.4(c)  [Indemnification by PaperExchange] AND THE INDEMNIFICATION OBLIGATIONS OF VERTICALNET UNDER SECTION 12.5(c)  [Indemnification by VerticalNet], NEITHER PARTY WILL BE LIABLE FOR ANY SPECIAL, INDIRECT, CONSEQUENTIAL, EXEMPLARY OR INCIDENTAL DAMAGES ARISING OUT OF OR RELATED TO THIS AGREEMENT, HOWEVER CAUSED AND UNDER ANY THEORY OF LIABILITY (INCLUDING NEGLIGENCE), EVEN IF SUCH PARTY HAS BEEN ADVISED OF THE POSSIBILITY OF SUCH DAMAGES.",80,this service assumes no liability for any losses or damages resulting from any breach of this agreement.,you waive your right to a class action.,"Neither company can be sued for indirect or special damages from this agreement, except for certain breaches involving intellectual property or indemnification obligations."
2905,ATMOSENERGYCORP_11_22_2002-EX-10.17-TRANSPORTATION SERVICE AGREEMENT,Notice Period To Terminate Renewal,"Thereafter, this





                  Agreement shall be effective month to month, until terminated                   by Transporter or Shipper upon the following written notice to                   the other specifying a termination date: sixty (60) days for

                  interruptible transportation under Rate Schedule ITS and 180                   days for firm transportation under Rate Schedule FTS.",47,this agreement will last for 60 days at a time.,users are notified a month or more in advance.,"After the initial period, the agreement continues month-to-month and either party can end it by giving 60 days' notice for interruptible service or 180 days' notice for firm service."
13389,TubeMediaCorp_20060310_8-K_EX-10.1_513921_EX-10.1_Affiliate Agreement,Volume Restriction,"In the event Affiliate owns more than one Station in any DMA (a ""Duopoly Market""), then Affiliate, at its option, shall have the right to determine which of its Stations in such DMA shall broadcast the Service; it being understood that Affiliate shall have no obligation to broadcast the Service over more than one of its Stations in any particular DMA.",61,if Affiliate owns more than one of its stations in a certain DMA they can choose to broadcast the service over more.,if Affiliate owns more than one Station in any particular DMA.,"If you own multiple radio stations in the same market, you can choose which one broadcasts this service, but you don't have to broadcast it on more than one station."
403,CerenceInc_20191002_8-K_EX-10.4_11827494_EX-10.4_Intellectual Property Agreement,Irrevocable Or Perpetual License,"Subject to the terms and conditions of this Agreement, as of the Distribution Date, Nuance hereby grants to SpinCo and the members of the SpinCo Group a worldwide, non-exclusive, fully paid-up, perpetual and irrevocable, transferable (subject to ARTICLE VIII), sublicensable (subject to Section 3.01(g)) license to continue to use any Nuance IP (other than Nuance Patents, Nuance Technology Assets, Nuance Trademarks and Nuance Data), in each case solely as and to the extent that it is used by the SpinCo Group in connection with products and services of the SpinCo Business within the SpinCo Field of Use, together with natural extensions and evolutions thereof.",104,"as of the Distribution Date, Nuance gives SpinCo and its group a worldwide license to continue using Nuance.",you maintain ownership of your data.,"Nuance is giving SpinCo a permanent license to use certain Nuance intellectual property for SpinCo's business, but this doesn't include patents, technology assets, trademarks, or data."
7060,"FOUNDATIONMEDICINE,INC_02_02_2015-EX-10.2-Collaboration Agreement",Joint Ip Ownership,FMI and Roche shall jointly own all Joint Inventions.,9,FMI and Roche will jointly own all the Joint Inventions.,you maintain ownership of your data.,FMI and Roche both own any inventions they create together.
8082,AudibleInc_20001113_10-Q_EX-10.32_2599586_EX-10.32_Co-Branding Agreement_ Marketing Agreement_ Investment Distribution Agreement,Joint Ip Ownership,"Derivative Works, on the one hand, and/or Company Existing Intellectual Property, Company Future Intellectual Property and/or Company Derivative Works, on the other hand; or (b) include or incorporate no ACSI Existing Intellectual Property or ACSI",35,the Company may not have any current or future intellectual property.,"Derivative Works, on the one hand, and/or Company Existing Intellectual Property.",I can't summarize this text because it's incomplete and appears to be a fragment from a larger legal document about intellectual property rights. Please provide the full clause or section so I can give you an accurate summary.
12380,MOELIS_CO_03_24_2014-EX-10.19-STRATEGIC ALLIANCE AGREEMENT,No-Solicit Of Customers,"Each of SMBC/Nikko and Moelis Holdings agrees, during the term of this Agreement (except pursuant to this Agreement) and for a period of 12 months thereafter, not to solicit any Client Introduced by the other party in connection with an assignment on Covered",43,the service agrees not to solicit clients for assignment on Covered.,you waive your right to a class action.,SMBC/Nikko and Moelis Holdings agree not to recruit clients that the other party introduced for 12 months after this agreement ends.
3799,GpaqAcquisitionHoldingsInc_20200123_S-4A_EX-10.6_11951677_EX-10.6_License Agreement,Affiliate License-Licensee,"The Village Media Company shall have the right to sublicense (a) the production and creation of the HOFV Works and (b) Exploitation of the PFHOF Works hereunder to any of its Affiliates; provided, that, Village Media Company shall (x) cause such sublicenses to comply with all terms and conditions of this Agreement and (y) not be relieved of any of its obligations under this Agreement as a result of any such sublicense, and will be primarily responsible for any acts or omissions of such sublicensees.",85,the Village Media Company has the right to sublicense the HOFV Works.,the service assumes no liability for any losses or damages resulting from sublicenses.,"Village Media Company can let its related companies help create and use the works, but Village Media stays responsible for making sure those companies follow all the agreement rules and for anything they do wrong."
397,CerenceInc_20191002_8-K_EX-10.4_11827494_EX-10.4_Intellectual Property Agreement,Affiliate License-Licensee,"Subject to the terms and conditions of this Agreement, as of the Distribution Date, SpinCo hereby grants to Nuance and the members of the Nuance Group a worldwide, non-exclusive, fully paid-up, perpetual and irrevocable, transferable (subject to ARTICLE VIII), sublicensable (subject to Section 4.01(g)) license under the SpinCo Patents, solely to the extent that claims of the SpinCo Patents cover products or services of the Nuance Business in the Nuance Field of Use, together with natural extensions and evolutions thereof, in each case to make, have made use, sell, offer for sale, import and otherwise exploit such products and services, together with natural extensions and evolutions thereof.",107,"as of the Distribution Date, SpinCo gives Nuance and its group a worldwide license to use the SpinCo Patents.","the service provides a worldwide, non-exclusive and transferable license.","SpinCo gives Nuance a permanent, worldwide license to use SpinCo's patents for Nuance's business and can make, sell, and use products covered by those patents."
1553,WORLDWIDESTRATEGIESINC_11_02_2005-EX-10-RESELLER AGREEMENT,No-Solicit Of Employees,employment to any former employee of TouchStar for a period of four           (4) months after such employee leaves the employ of TouchStar.,22,this service does not provide compensation to employees who leave the service.,you can terminate your employment without prior notice to the user.,Former TouchStar employees cannot work for competitors for 4 months after leaving the company.
4599,MACROGENICSINC_08_02_2013-EX-10-COLLABORATION AGREEMENT,Joint Ip Ownership,MacroGenics shall have the initial right to institute and direct legal proceedings against any Third Party believed to be infringing Jointly Owned Patents that claims or covers a Product sold outside the Territory.,33,the court of law governing the terms is in the Territory.,the court of law governing the terms is in the Territory.,MacroGenics has the first right to sue anyone they believe is illegally using their jointly owned patents for products sold outside their territory.
6136,CHANGEPOINTCORP_03_08_2000-EX-10.6-LICENSE AND HOSTING AGREEMENT,Warranty Duration,The Warranty Period for the Licensed Software shall mean the period          commencing on the Effective Date and ending ninety (90) days          thereafter.,22,the warranty period for the Licensed Software starts on the Effective Date and lasts 90 days.,users are notified a week or more in advance.,The company guarantees the software will work properly for 90 days starting from when you get it.
8098,AudibleInc_20001113_10-Q_EX-10.32_2599586_EX-10.32_Co-Branding Agreement_ Marketing Agreement_ Investment Distribution Agreement,Liquidated Damages,"FOR THE AVOIDANCE OF DOUBT, THE PARTIES HEREBY ACKNOWLEDGE AND AGREE THAT NOTHING IN THIS SECTION 8.2  [No Consequential Damages] IS INTENDED TO LIMIT ANY RIGHT OF ACSI TO RECEIVE LIQUIDATED DAMAGES AS SET FORTH IN SECTION 10.5.2  [Effect of Termination].",41,the parties agree not to suffer any losses.,you waive your right to a class action.,This section says that the rule about not paying certain types of damages doesn't apply to a specific type of payment called liquidated damages that's described elsewhere in the contract.
1576,WORLDWIDESTRATEGIESINC_11_02_2005-EX-10-RESELLER AGREEMENT,Warranty Duration,"(ii) for a period of ninety (90)           days after delivery, the TouchStar Software will perform in all",17,the TouchStar Software will last for 90 days after delivery.,users are notified a week or more in advance.,The TouchStar Software is guaranteed to work properly for 90 days after you receive it.
4600,MACROGENICSINC_08_02_2013-EX-10-COLLABORATION AGREEMENT,Joint Ip Ownership,"If MacroGenics does not abate such violation of Jointly Owned Patents, including by commencement of a lawsuit against the accused person if necessary, within *** after receiving notice of such infringement of Jointly Owned Patents and immediately after notice of other violation of such Jointly Owned Patents, then Green Cross shall be entitled (but shall not be obligated) to take all actions reasonably necessary to abate such violation in the Territory, including commencement of a lawsuit against the accused Third Party if necessary.",83,if MacroGenics does not fix the problem within *** a month of the notice being sent to the user.,the court of law governing the terms is in the Territory.,"If MacroGenics doesn't stop someone from violating a jointly owned patent within a certain time after being notified, Green Cross can take action to stop the violation themselves, including filing a lawsuit if needed."
3863,RitterPharmaceuticalsInc_20200313_S-4A_EX-10.54_12055220_EX-10.54_Development Agreement,Liquidated Damages,"In the event of any breach of Sections 9.1 through 9.3, including without limitation, any actions by stockholders of Qualigen that result in a Sale Transaction without complying with Sections 9.1 through 9.3 above, or otherwise hinder the intent and purpose of the provisions of Sections 9.1 through 9.3 above, in addition to any other remedies available to Sekisui under the terms of this Agreement, including the right to specific performance and other equitable remedies, Sekisui shall be entitled to liquidated damages in the amount of three times any and all Financing Payments made to date.",96,"if Qualigen breaks the law without prior notice and without a reason, Sekisui will be entitled to liquidated damages of three times the amount of any Financing Payments made to date.",you waive your right to a class action.,"if Qualigen breaks the rules about selling the company without following the right steps, Sekisui can sue for money damages equal to three times all the payments made so far, plus other legal remedies."
5232,EuromediaHoldingsCorp_20070215_10SB12G_EX-10.B(01)_525118_EX-10.B(01)_Content License Agreement,Most Favored Nation,"Licensor shall provide to Rogers, no later than February 28 in each year, a sworn statement of a senior officer of Licensor, or a certificate of the auditors of Licensor, confirming that, during the immediately preceding calendar year, Licensor did not enter into such an agreement or series of agreements or, if it did enter into such agreement(s), confirming the effective date thereof and identifying the terms contained therein that are more favourable than those contained in this Agreement.",79,Licensor must provide a sworn statement to Rogers no later than February 28 in each year.,Licensor must provide to the court of law governing the terms.,"Every year by February 28, the licensor must give Rogers a signed statement confirming whether they made any better deals with other companies during the past year."
5233,EuromediaHoldingsCorp_20070215_10SB12G_EX-10.B(01)_525118_EX-10.B(01)_Content License Agreement,Most Favored Nation,"In the event that Licensor grants to another VOD or Pay-Per-View (""PPV"") service provider in the U.S. or the Territory the right to distribute or exhibit any Licensed Program on an earlier availability date, then Licensor shall also grant to Rogers the right to distribute and exhibit such Licensed Program on such earlier availability date, on the terms provided herein.",60,"if the service gives you the right to distribute the Licensed Program on an earlier date than the earlier availability date, you can share it with others.","if the service wants to distribute any Licensed Program on an earlier availability date than is currently available in the U.S. or the Territory, they can do so without notification to the user.","If the content owner lets another video service show a program earlier than planned, they must also let Rogers show it at that same earlier date under the same terms."
371,PfHospitalityGroupInc_20150923_10-12G_EX-10.1_9266710_EX-10.1_Franchise Agreement3,Third Party Beneficiary,"Member hereby acknowledges and agrees that Franchisor is an intended third-party beneficiary of this Agreement with the right to enforce it, independently or jointly with Franchisee.",26,Member agrees that Franchisor is an intended third party who can enforce the terms of service.,you waive your right to a class action.,"Franchisor can enforce this agreement on their own or together with you, even though they're not directly signing it."
8083,AudibleInc_20001113_10-Q_EX-10.32_2599586_EX-10.32_Co-Branding Agreement_ Marketing Agreement_ Investment Distribution Agreement,Joint Ip Ownership,"Without limiting the generality of the foregoing, either Party may, without any duty to account to the other (including, without limitation, any duty to pay, share or account for any royalties):

          (a) make, manufacture, assemble, produce, market, sell, distribute,      transfer, use, license and otherwise commercially and non-commercially      exploit and deal with the Joint Works; provided, that neither Party shall      seek or obtain any",63,Neither party is responsible for any royalties.,the parties agree not to pay any royalties.,"Either party can make, sell, use, and profit from the joint works without owing the other party any money or royalties."
13396,TubeMediaCorp_20060310_8-K_EX-10.1_513921_EX-10.1_Affiliate Agreement,Affiliate License-Licensee,"Network hereby grants to Affiliate the exclusive right via Broadcast Television, and Affiliate hereby accepts such exclusive right and the obligation during the Term to broadcast the Service via Broadcast Television (i) over the transmission facilities of each Station identified on Exhibit A, which is licensed by the FCC to serve the community for each such Station (the ""Licensed Community""), for receipt by TV Households in the DMA in which the Licensed Community is located, as such DMA is identified on Exhibit A, and (ii) over the transmission facilities of any Acquired Station, except to the extent that, as of the date Affiliate notifies Network in writing of its binding agreement to acquire such Acquired Station, (A) another Broadcast Television station in the same DMA as the Acquired Station has exclusive rights to broadcast the Service, or (B) the Acquired Station is obligated to broadcast other material that precludes it from also carrying the Service.",155,Network gives Affiliate the exclusive right to broadcast the Service via Broadcast Television.,you grant to Affiliate the exclusive right to broadcast the Service via Broadcast Television.,"the network gives the affiliate the exclusive right to broadcast a service on specific TV stations in certain areas, unless another station in that area already has exclusive rights or the station is obligated to broadcast other content instead."
6436,FuelcellEnergyInc_20191106_8-K_EX-10.1_11868007_EX-10.1_Development Agreement,Affiliate License-Licensee,"To the extent not already granted pursuant to the License Agreement, FCE grants ExxonMobil and its Affiliates a worldwide, non-exclusive, royalty-free, irrevocable, perpetual, sub-licensable, non-transferable (except pursuant to Article 14 (Assignment)) right and license to practice FCE Background Information and FCE Background Patents for Generation 2 Technology in Carbon Capture Applications and Hydrogen Applications.",54,this service gives ExxonMobil and its related companies a worldwide license to use FCE Background Information.,the license is available to all customers.,"FCE gives ExxonMobil and its related companies a permanent, worldwide license to use FCE's technology and patents for carbon capture and hydrogen applications, but ExxonMobil cannot sell or transfer this license to others."
6068,CHANGEPOINTCORP_03_08_2000-EX-10.6-LICENSE AND HOSTING AGREEMENT,Notice Period To Terminate Renewal,"Thereafter, this Agreement shall automatically renew for subsequent one          (1) year periods unless either party provides the other party with          written notification at least thirty (30) days prior to the expiration          of the initial five (5) year term or any one (1) year renewal thereof          of its intention to terminate this Agreement.",52,this service will automatically continue for subsequent one year periods unless one of the parties gives written notice to the other.,users are notified a week or more in advance.,The agreement automatically renews for one year at a time unless either side gives written notice at least 30 days before it expires saying they want to end it.
6081,CHANGEPOINTCORP_03_08_2000-EX-10.6-LICENSE AND HOSTING AGREEMENT,Joint Ip Ownership,"Ownership of any works to be created jointly by the          parties, including all copyrights, patents, trade secret rights,          trademarks and other intellectual property rights therein, shall be          decided by the parties at the commencement of such joint efforts.",38,the ownership of any works created jointly by the parties will be decided at the start of the joint efforts.,the copyright license of any works to be created by the parties is transferred to the user.,"If you and the other party create something together, you need to decide upfront who owns it and all the rights to it."
1849,UpjohnInc_20200121_10-12G_EX-2.6_11948692_EX-2.6_Manufacturing Agreement_ Supply Agreement,Affiliate License-Licensor,"""Customer Property"" means all Intellectual Property, together with all materials, data, writings and other property in any form whatsoever, which is (a) owned or controlled by Customer or its Affiliates as of and following the Effective Date and (b) provided to Manufacturer by or on behalf of Customer or its Personnel under this Agreement.",54,this service assumes ownership of all your data.,you maintain ownership of your data.,"Customer Property is anything you own or control that you give to the manufacturer under this agreement, including intellectual property, materials, data, and writings."
4594,MACROGENICSINC_08_02_2013-EX-10-COLLABORATION AGREEMENT,Joint Ip Ownership,All out­of­pocket costs for Patent Prosecution of Jointly Owned Patents and for maintaining Jointly Owned Patents in the Territory shall be shared equally by the Parties.,26,the costs of maintaining the Jointly Owned Patents in the Territory are shared equally by the parties.,the court of law governing the terms is in the Territory.,Both parties split the costs equally for filing and maintaining patents that they both own.
8081,AudibleInc_20001113_10-Q_EX-10.32_2599586_EX-10.32_Co-Branding Agreement_ Marketing Agreement_ Investment Distribution Agreement,Joint Ip Ownership,"""Joint Work"" means any content, data, URLs, domain names, technology, software, code, user interfaces, ""look and feel"" or other items which are invented, created, developed or first reduced to practice jointly by the Parties after the Effective Date, are protected or protectable by any Intellectual Property Rights and either: (a) include or incorporate both ACSI Existing Intellectual Property, ACSI Future Intellectual Property and/or ACSI",64,"Joint Work means any data, data, or user interfaces that are created or developed jointly by the parties after the Effective Date are protected or protected by any intellectual property rights.",you maintain ownership of your data.,"""Joint Work"" means anything created together by both parties after the agreement starts that includes technology or creative work from both sides and is protected by intellectual property laws."
4598,MACROGENICSINC_08_02_2013-EX-10-COLLABORATION AGREEMENT,Joint Ip Ownership,"Before taking any material step in the Patent Prosecution or Jointly Owned Patents, MacroGenics and its counsel shall allow Green Cross a reasonable opportunity to comment on the action proposed to be taken, and agrees to incorporate in such filings all reasonable comments of Green Cross.",46,MicroGenics gives Green Cross a reasonable opportunity to comment on the matter.,the court of law governing the terms is in Green Cross.,"Before MacroGenics takes major steps with patents, it must give Green Cross a chance to comment and include Green Cross's reasonable suggestions in any filings."
6106,CHANGEPOINTCORP_03_08_2000-EX-10.6-LICENSE AND HOSTING AGREEMENT,Source Code Escrow,"Corio          shall bear all fees, expenses and other charges to open and maintain          such escrow account.",16,Corio must pay for operating the escrow account.,you maintain ownership of your data.,Corio has to pay all the fees and costs to set up and keep the escrow account open.
202,DovaPharmaceuticalsInc_20181108_10-Q_EX-10.2_11414857_EX-10.2_Promotion Agreement,Affiliate License-Licensee,"[REDACTED], Valeant hereby grants to Dova a fully paid-up, royalty free, non-transferable, non- exclusive license (with a limited right to sub-license to its Affiliates) to any Valeant Property that appears on, embodied on or contained in the Product materials or Product Labeling solely for use in connection with Dova's promotion or other commercialization of the Product in the Territory.",59,Valeant gives Dova a license to use any Valeant property.,you grant a royalty free license to Dova.,Valeant gives Dova a free license to use Valeant's materials that are in the product or its labeling only for selling and promoting the product in the agreed territory.
10067,ClickstreamCorp_20200330_1-A_EX1A-6 MAT CTRCT_12089935_EX1A-6 MAT CTRCT_Development Agreement,No-Solicit Of Employees,"Because of the trade secret subject matter of Developer's business, Client agrees that, during the term of this Agreement and for a period of two (2) years thereafter, it will not solicit the services of any of Developer's employees, consultants or suppliers for Client's own benefit or for the benefit of any other person or entity.",56,Client agrees not to solicit the services of any of Developer's employees or suppliers.,Client agrees not to solicit the services of third parties.,"You can't hire any of the developer's employees, consultants, or suppliers during the agreement and for 2 years after it ends."
12185,MANUFACTURERSSERVICESLTD_06_05_2000-EX-10.14-OUTSOURCING AGREEMENT,No-Solicit Of Employees,"IBM agrees that, for a period of [REDACTED] years from the Effective Date             of this Agreement, it will not in any way solicit for employment             any Transferred Employees without the prior written consent of MSL;             provided, however, that the foregoing will not restrict or prevent             IBM from a) employing any such person who contacts IBM on his or her             own initiative without any solicitation or encouragement from IBM             or b) by using general employment advertising or communications or             independent search firms, hiring any person who responds thereto,             provided that IBM does not direct or encourage such independent             search firms to solicit such Transferred Employees.",104,IBM agrees not to try to hire any Transferred Employees without MSL's written consent.,you waive your right to a class action.,"IBM won't try to hire employees that came from MSL for a certain number of years without permission, but they can hire someone if that person contacts them first or responds to a general job ad."
9164,VitalibisInc_20180316_8-K_EX-10.2_11100168_EX-10.2_Hosting Agreement,Price Restrictions,"If circumstances require VOTOCAST to raise its rates more than ten percent (10%) during any Renewal Term, VOTOCAST will provide Licensee cost related supporting documentation to justify the rate increase.",30,"if VOTOCAST wants to increase its rates by more than 10% during any Renewal Term, they must provide Licensee cost related documentation.",if the service wants to raise its rates any time at their discretion without notification to the user the service will notify.,"If VOTOCAST raises prices by more than 10% during your renewal period, they have to show you documents explaining why."
3788,GpaqAcquisitionHoldingsInc_20200123_S-4A_EX-10.6_11951677_EX-10.6_License Agreement,Price Restrictions,"The Parties acknowledge and agree that two hundred twenty five thousand dollars ($225,000) (the ""Youth Sports License Fee"") shall be credited against the Annual Guarantee on the Closing Date and each anniversary of the Closing Date during the Term for the license granted by PFHOF to Youth Sports Management, LLC (""Youth Sports"") pursuant to that certain branding license agreement to be entered into on the Effective Date between PFHOF and Youth Sports for so long as such agreement remains in effect; provided that after the first five (5) years of the Term, the Youth Sports License Fee shall increase by three percent (3%) on a year-over year basis and thereafter, the aggregate amount of the Youth Sports License Fee, after giving effect to such increase each year, shall be the amount credited against the Annual Guarantee.",136,the parties agree that after the first five years of the agreement the Youth Sports License Fee will be 3% on a year-over year basis.,if the license is changed any time at their discretion without notice to the user it will be credited against the Annual Guarantee.,"Youth Sports gets a $225,000 yearly credit toward their payments, which increases by 3% each year after the first five years."
12382,MOELIS_CO_03_24_2014-EX-10.19-STRATEGIC ALLIANCE AGREEMENT,No-Solicit Of Employees,"Each of SMBC/Nikko and Moelis Holdings agrees not to solicit or hire any employee of the other party during the term of this Agreement and for a period of 12 months thereafter; provided, however, that the foregoing restriction shall not apply to general solicitations to the public that are not specifically directed to employees of other party (or employment of applicants to such solicitations).",64,SMBC/Nikko and Moelis Holdings agree not to hire any employee of the other party during the time this Agreement is in effect and for 12 months after it ends.,you waive your right to a class action.,"Neither company can hire employees from the other company during the deal and for 12 months after, unless they're doing a general public job posting that isn't specifically targeting the other company's workers."
8070,AudibleInc_20001113_10-Q_EX-10.32_2599586_EX-10.32_Co-Branding Agreement_ Marketing Agreement_ Investment Distribution Agreement,Non-Disparagement,"the same shall be deemed a material breach of this Agreement which is not susceptible to cure, and ACSI shall be entitled to terminate this Agreement upon written notice to Company.",31,this service assumes no liability for any breach of this Agreement.,this service assumes no liability for any matter relating to the termination of the service.,"if you break this agreement in this way, ACSI can end the agreement by sending you a written notice and doesn't have to give you a chance to fix it."
13564,INGEVITYCORP_05_16_2016-EX-10.5-INTELLECTUAL PROPERTY AGREEMENT,Affiliate License-Licensor,"Subject to the terms and conditions of this Agreement, SpinCo hereby grants to each individual member of the Parent Group, on behalf of itself and the other members of the SpinCo Group, and shall cause the other members of the SpinCo Group to grant to each individual member of the Parent Group, a non-exclusive, worldwide, perpetual, irrevocable, fully paid-up, royalty-free right and license, for use in the Parent Field, to (i) use, reproduce, distribute, display, perform, make Improvements and exploit the Licensed SpinCo IP, and (ii) make, have made, use, sell, offer to sell and import any goods and services incorporating, embodying or utilizing the Licensed SpinCo IP.",108,the Parent Group has the right to use the Licensed SpinCo IP.,you grant to each individual member of the Parent Group a perpetual right to a free license.,"SpinCo gives the Parent Group a permanent, free license to use SpinCo's intellectual property and make products with it in their business area."
6105,CHANGEPOINTCORP_03_08_2000-EX-10.6-LICENSE AND HOSTING AGREEMENT,Source Code Escrow,"Within sixty (60) days of the Effective Date,          Changepoint agrees to execute an escrow agreement by and among Corio,          Changepoint and a mutually acceptable escrow agent (the ""ESCROW          AGENT"").",29,Changepoint agrees to sign an escrow agreement with Corio.,the escrow service agrees to provide escrow.,"Within 60 days, Changepoint must sign an escrow agreement with Corio and a mutually agreed-upon escrow agent to hold money or documents."
179,DovaPharmaceuticalsInc_20181108_10-Q_EX-10.2_11414857_EX-10.2_Promotion Agreement,No-Solicit Of Employees,"[REDACTED], neither Valeant nor Dova (nor any of their respective Affiliates) shall directly or indirectly solicit for hire or employee as an employee, consultant or otherwise any of the other Party's professional personnel who have had direct involvement with the JSC, with the Valeant Activities under this Agreement (which, in the case of Valeant, includes the Field Force Personnel) or with Dova's commercialization activities for the Product, without the other Party's prior written consent.",74,you waive your right to a class action.,you waive your right to a class action.,Neither company can hire the other company's employees who worked on this joint project without getting written permission first.
1833,UpjohnInc_20200121_10-12G_EX-2.6_11948692_EX-2.6_Manufacturing Agreement_ Supply Agreement,Price Restrictions,"Following the Initial Price Term, the Price of such Product may be adjusted only as set forth in Section 3.1(b) and Section 3.2.",23,the price of the Product may be adjusted any time at their discretion without notice to the user.,the price of such product may be changed any time at their discretion without notice to the user.,"After the initial pricing period ends, the price can only be changed according to the rules in sections 3.1(b) and 3.2."
6772,GpaqAcquisitionHoldingsInc_20200123_S-4A_EX-10.8_11951679_EX-10.8_Service Agreement,Non-Disparagement,"Each of the HOF Entities or Constellation may terminate this Agreement at any time without liability if association with another Party could, in such Party's reasonable opinion, materially damage its reputation or image or in the event a Party breaches Section 3.3 hereof, which breach is not cured within sixty (60).",51,the service can end this Agreement at any time without liability.,this service assumes no liability for any losses or damages resulting from any matter relating to the service.,"Either party can end this agreement without penalty if they think working together would hurt their reputation, or if someone breaks Section 3.3 and doesn't fix it within 60 days."
367,PfHospitalityGroupInc_20150923_10-12G_EX-10.1_9266710_EX-10.1_Franchise Agreement3,No-Solicit Of Customers,"Member covenants and agrees that during the term of the Franchise Agreement, except as otherwise approved in writing by Franchisor, Member shall not, either directly or indirectly, for itself, or through, on behalf of, or in conjunction with any person, persons, partnership, corporation, or entity:",45,Member agrees not to participate in the Franchise Agreement.,you waive your right to a class action.,"During the franchise agreement, you can't do certain things without written permission from the franchisor, either on your own or with others involved."
13566,INGEVITYCORP_05_16_2016-EX-10.5-INTELLECTUAL PROPERTY AGREEMENT,Affiliate License-Licensor,"use, reproduce, distribute, display, perform, make improvements and exploit Intellectual Property owned or controlled by Parent or a member of the Parent Group and currently used in the SpinCo Business, and (ii) make, have made, use, sell, offer to sell and import any goods and services incorporating, embodying or utilizing such Intellectual Property currently used in the SpinCo Business.",59,you can use the intellectual property in any manner you see fit.,you can use your intellectual property in any manner you see fit.,"You can use, copy, share, and improve the intellectual property (like patents and trademarks) that belongs to the parent company and is used in the SpinCo business, and you can make and sell products using that intellectual property."
1832,UpjohnInc_20200121_10-12G_EX-2.6_11948692_EX-2.6_Manufacturing Agreement_ Supply Agreement,Price Restrictions,"Subject to the remainder of this Section 3.2(b), on a Facility-by-Facility basis, if the Facility Conversion Costs of a Facility during any Fiscal Year following the first full Fiscal Year of the Term of the applicable Facility Addendum (such Fiscal Year, a ""Facility Conversion Cost Adjustment Fiscal Year"") are estimated to be (a) less than seventy-five percent (75%) of the Facility Conversion Costs for the Facility Conversion Cost Baseline Fiscal Year (as defined below) or (b) greater than one hundred and twenty-five percent (125%) of the Facility Conversion Costs for the Facility Conversion Cost Baseline Fiscal Year (clauses (a) and (b) referred to collectively as the ""Facility Conversion Cost Threshold""), when adjusted to reflect a constant volume between the Facility Conversion Cost Adjustment Fiscal Year and the Facility Conversion Cost Baseline Fiscal Year, then the Price for such Product will be updated beginning with such Facility Conversion Cost Adjustment Fiscal Year to reflect one hundred and ten percent (110%) of the increase or decrease in Facility Conversion Costs.",168,if the Facility Conversion Cost is less than 75% of what it was for the first full Fiscal Year of the agreement and less than 125% of the facility conversion costs for the following year.,if the Facility Conversion Cost is changed any time at their discretion without notice to the user.,"If a facility's conversion costs drop below 75% or rise above 125% compared to a baseline year, the product price will be adjusted to reflect 110% of that cost change."
8069,AudibleInc_20001113_10-Q_EX-10.32_2599586_EX-10.32_Co-Branding Agreement_ Marketing Agreement_ Investment Distribution Agreement,Non-Disparagement,In the event that: (a) Company at any time engages in,11,the Company can do whatever they want at any time without notification to the user.,this service allows you to leave the service at any time.,"I'm ready to summarize, but the text you've provided appears to be incomplete. Could you please share the full clause or section you'd like me to summarize?"
6139,CHANGEPOINTCORP_03_08_2000-EX-10.6-LICENSE AND HOSTING AGREEMENT,Third Party Beneficiary,"Changepoint, Inc. (""Changepoint"") shall be a       direct and intended third-party beneficiary to this Agreement.",14,Changepoint is a direct beneficiary of this Agreement.,Changepoint is a third party.,"Changepoint, Inc. is a third party that has direct rights under this agreement."
3789,GpaqAcquisitionHoldingsInc_20200123_S-4A_EX-10.6_11951677_EX-10.6_License Agreement,Price Restrictions,"provided that the Parties acknowledge and agree that after the first five (5) years of the Term, the Annual Guarantee shall increase by three percent (3%) on a year-over-year basis (e.g., the Annual Guarantee shall increase to $1,287,500 for year six (6) and to $1,326,125 for year seven (7)).",49,after the first five years of the Term the Annual Guarantee will increase by 3% on a year-over-year basis.,this service assumes no liability for any losses or damages resulting from any matter relating to the service.,"After the first five years, the yearly payment amount will go up by 3% each year."
9165,VitalibisInc_20180316_8-K_EX-10.2_11100168_EX-10.2_Hosting Agreement,Price Restrictions,VOTOCAST will give Licensee at least thirty (30) days prior written notice of any rate changes during any Renewal Term.,20,VOTOCAST gives Licensee at least 30 days of notice before any rate changes.,when the service wants to change its terms users are notified a week or more in advance.,VOTOCAST will email you at least 30 days before changing prices when your contract renews.
368,PfHospitalityGroupInc_20150923_10-12G_EX-10.1_9266710_EX-10.1_Franchise Agreement3,No-Solicit Of Customers,"(ii) Divert or attempt to divert any business or customer, or potential business or customer, to any Competitive Business;",19,the service does not allow users to leave the service.,you can delete your account without prior notice to the user.,You can't try to take business or customers away from the company to give to a competing business.
12379,MOELIS_CO_03_24_2014-EX-10.19-STRATEGIC ALLIANCE AGREEMENT,No-Solicit Of Customers,Businesses involving Japanese Companies where all principal parties involved are located within Covered Regions,14,the service is located in the Covered Regions.,the service is only available to users of the service.,I'm ready to summarize legal text for you. Please provide the specific terms of service or contract clause you'd like me to summarize in plain English.
1834,UpjohnInc_20200121_10-12G_EX-2.6_11948692_EX-2.6_Manufacturing Agreement_ Supply Agreement,Price Restrictions,"In the event that Customer elects to extend the Initial Term of the Agreement or of a Facility Addendum, the Price for each applicable Product in any Extension Period shall be one hundred percent (100%) of Manufacturer's Standard Product Materials Cost plus one hundred and ten percent (110%) of Manufacturer's Standard Conversion Cost of such Product, each for the initial Fiscal Year of the first Extension Period with respect to such Product.",72,if the Customer wants to extend the initial term of the agreement or of a Facility Addendum the price of the product is 100% of the Manufacturer's standard product materials cost plus 10% of Manufacturer's Standard Conversion Cost.,terms may be changed any time at their discretion without notice to the user.,"If you extend your contract, the price for the first year of the extension will be based on the manufacturer's material costs plus a 110% markup on conversion costs."
3837,RitterPharmaceuticalsInc_20200313_S-4A_EX-10.54_12055220_EX-10.54_Development Agreement,No-Solicit Of Customers,"Sekisui shall not, and shall cause its subdistributors not to, market, rent or sell any Products to the Qualigen Retained Customers. 3. Supply;",23,you maintain ownership of your data.,you maintain ownership of your data.,Sekisui and its subdistributors cannot sell or rent products to Qualigen's existing customers.
3787,GpaqAcquisitionHoldingsInc_20200123_S-4A_EX-10.6_11951677_EX-10.6_License Agreement,Price Restrictions,"To the extent that the Village Media Company and PFHOF work collaboratively on media projects, the EP's services on such projects for the benefit of PFHOF shall be charged to PFHOF at cost without markup.",35,the service will be used by the Village Media Company and PFHOF at cost without markup.,the service is provided at no cost to the user.,"When the Village Media Company and PFHOF work together on media projects, the EP will charge PFHOF only the actual cost with no extra fee added on top."
12410,MOELIS_CO_03_24_2014-EX-10.19-STRATEGIC ALLIANCE AGREEMENT,Third Party Beneficiary,"Notwithstanding anything to the contrary in this Agreement, each of the Indemnified Parties has relied on this Section 13.9, is an express third party beneficiary of this Section 13.9 and is entitled to enforce the obligations of the applicable Indemnified Parties under this Section 13.9 directly against such Indemnified Parties to the full extent thereof.",55,indemnified parties are entitled to enforce the obligations of the indemnified parties.,the court of law governing the terms is in the jurisdiction of the Indemnified Parties.,"Certain people mentioned in this section can enforce these rules directly against the company, even though they're not the main parties to the agreement."
1835,UpjohnInc_20200121_10-12G_EX-2.6_11948692_EX-2.6_Manufacturing Agreement_ Supply Agreement,Price Restrictions,"If such Standard Cost methodology change results in an increase of Facility Conversion Cost for Products manufactured for Customer of more than two percent (2%), then Manufacturer shall revert to the former methodology for purposes of the calculation of Price during such Fiscal Year.",44,"if the Company wants to reduce the price of products manufactured for the customer by more than two percent (2%), the Company will revert to the former methodology.",if the service wants to change its pricing any time at their discretion without notice to the user.,"If a change in how costs are calculated would increase your product costs by more than 2%, the manufacturer has to use the old calculation method instead for that year."
6104,CHANGEPOINTCORP_03_08_2000-EX-10.6-LICENSE AND HOSTING AGREEMENT,Source Code Escrow,"If a Release Condition (as defined in Section 12.2          of this Agreement) occurs and the Escrow Agent provides the Source Code          to Corio under the escrow agreement, Corio agrees to hold the Source          Code in strict confidence, and not to use the Source Code for any          purpose other than those purposes set forth under Section 12.3 of this          Agreement.",59,"if a certain event occurs and the Escrow Agent provides the Source Code to Corio under an escrow agreement, Corio agrees not to use the source code for any purpose other than the purposes listed in Section 12.3 of this Agreement.",if a Release Condition occurs and the user agrees not to use the Source Code for any purpose other than the purposes set forth under Section 12.2.,"If the escrow agreement releases the source code to Corio, Corio must keep it secret and only use it for the specific purposes listed in Section 12.3."
6097,CHANGEPOINTCORP_03_08_2000-EX-10.6-LICENSE AND HOSTING AGREEMENT,Unlimited/All-You-Can-Eat-License,"The utilization rights of Customer are as follows:

         (a)  Customer is granted an unlimited number of Client Access Licenses.               Each Client Access License entitles Customer to receive one (1)               Enable Code from Changepoint which will enable Customer to have               one (1) user use the Licensed Materials.

         (b)  Customer may install Licensed Software on one or more computer               servers as it desires.",61,the service allows users to access the Licensed Materials on any computer.,users are granted access to a number of computer systems.,"You can have unlimited users access the software, and you can install it on as many servers as you want."
6098,CHANGEPOINTCORP_03_08_2000-EX-10.6-LICENSE AND HOSTING AGREEMENT,Unlimited/All-You-Can-Eat-License,"The Components of the CHANGEPOINT Software which are licensed to          Customer hereunder are the following: CHANGEPOINT, SQL edition, version          5.2, for an unlimited number of users, including the following modules:          - Service Delivery Management          - Project and Resource Management          - Customer Relationship Management",43,The Components of the CHANGEPOINT Software are licensed to the customer.,this service allows you to use any of the following operating systems.,"You're getting CHANGEPOINT software version 5.2 for unlimited users, which includes tools for managing services, projects, resources, and customer relationships."
6107,CHANGEPOINTCORP_03_08_2000-EX-10.6-LICENSE AND HOSTING AGREEMENT,Source Code Escrow,"Corio shall notify Changepoint in writing if it believes that          one of the following events (the ""RELEASE CONDITIONS"") has occurred and          that it intends to seek release of the Source Code from the escrow          account: (i) Changepoint's dissolution or ceasing to do business in the          normal course, except as a result or a merger, amalgamation or sale of          all or a substantial part of the assets of Changepoint, or (ii)          Changepoint's repeated and material breach of Changepoint's Software          Support and Maintenance obligations defined under Section 5 of this          Agreement and EXHIBIT C pertaining to the correction of programming





         errors and such breach is not cured within sixty (60) days of receipt          of written notice thereof from Corio.",117,Corio can notify Changepoint in writing if they find out about a breach of the Software Support and Maintenance obligations.,the service will notify you if they have a material breach of the Source Code.,Corio can ask to get the source code from escrow if Changepoint goes out of business or stops supporting the software properly and doesn't fix it within 60 days of being notified.
6100,CHANGEPOINTCORP_03_08_2000-EX-10.6-LICENSE AND HOSTING AGREEMENT,Unlimited/All-You-Can-Eat-License,"Subject to the terms and conditions of this          Agreement, Changepoint hereby grants to Corio a fee-bearing,          irrevocable, nonexclusive, nontransferable (except in accordance with          Section 14.1 of this Agreement) license in the Territory to (i)          reproduce the Software in machine executable object code format only          for installation on the Corio Servers; (ii) install multiple copies of          the Software on Corio's Servers which will be made remotely accessible          to Corio's Customers for their internal business purposes, (iii) permit          limited access to and use of the Software by Customers through Corio          Servers solely for such Customer's internal business purposes; (iv)          sublicense an unlimited number of Customers to access and use the          Software only through the installation on Corio Servers solely for such          Customer's internal business purposes; and (v) use Changepoint's tools          and utilities, if any, subject to any restrictions placed on the          Changepoint by third party software providers and payment of any          applicable fees required by such third parties, to configure, integrate          and manage the Software.",163,changepoint gives Corio a license to use the Software in two ways.,changepoint gives you a free copy of the software.,"Corio can install and run the software on their servers and let their customers access it remotely for business use, but cannot transfer this license to anyone else without permission."
5246,EuromediaHoldingsCorp_20070215_10SB12G_EX-10.B(01)_525118_EX-10.B(01)_Content License Agreement,Unlimited/All-You-Can-Eat-License,Multiple viewings of the Licensed Program shall be permitted during the Viewing Period for no additional fee and all such viewings shall be considered a single exhibition of the Licensed Program for the purposes of calculating License Fees hereunder.,39,you can view multiple viewings of the Licensed Program at any time without a fee.,the service allows multiple viewings at any time.,"You can watch the licensed program as many times as you want during the viewing period without paying extra, and all those viewings count as just one showing for billing purposes."
