doc,original_text,reference_summary,summary_word_count,input_tokens,target_tokens
Pokemon GO Terms of Service,by using our services you are agreeing to these terms our trainer guidelines and our privacy policy. if you are the parent or legal guardian of a child under the age of 13 the parent you are agreeing to these terms on behalf of yourself and your child ren who are authorized to use the services pursuant to these terms and in our privacy policy. if you don t agree to these terms our trainer guidelines and our privacy policy do not use the services.,by playing this game you agree to these terms. if you re under 13 and playing your parent guardian agrees on your behalf.,23,90,27
Pokemon GO Terms of Service,during game play please be aware of your surroundings and play safely. you agree that your use of the app and play of the game is at your own risk and it is your responsibility to maintain such health liability hazard personal injury medical life and other insurance policies as you deem reasonably necessary for any injuries that you may incur while using the services. you also agree not to use the app to violate any applicable law rule or regulation including but not limited to the laws of trespass or the trainer guidelines and you agree not to encourage or enable any other individual to violate any applicable law rule or regulation or the trainer guidelines. without limiting the foregoing you agree that in conjunction with your use of the app you will not inflict emotional distress on other people will not humiliate other people publicly or otherwise will not assault or threaten other people will not enter onto private property without permission will not impersonate any other person or misrepresent your affiliation title or authority and will not otherwise engage in any activity that may result in injury death property damage and or liability of any kind. to the extent permitted by applicable law niantic the pokémon company tpc and tpci disclaim all liability related to any property damage personal injury or death that may occur during your use of our services including any claims based on the violation of any applicable law rule or regulation or your alleged negligence or other tort liability. further in the event that you have a dispute with one or more other users of the app you release niantic tpc and tpci and our officers directors agents subsidiaries joint ventures and employees from all claims demands and damages actual and consequential of every kind and nature known and unknown suspected and unsuspected disclosed and undisclosed arising out of or in any way connected with such disputes.,don t die or hurt others and if you do it s not our fault.,15,347,18
Pokemon GO Terms of Service,we welcome feedback comments and suggestions for improvements to the services feedback. you can submit feedback by reaching out to us on facebook twitter or google. you grant to us a nonexclusive worldwide perpetual irrevocable fully paid royalty free sublicensable and transferable license under any and all intellectual property rights that you own or control to use copy modify create derivative works based upon and otherwise exploit the feedback for any purpose.,give us feedback and we can do whatever we want with it.,12,83,15
Pokemon GO Terms of Service,the services and app may contain links to third party websites or resources. we provide these links only as a convenience and are not responsible for the content products or services on or available from those websites or resources or links displayed on such websites. you acknowledge sole responsibility for and assume all risk arising from your use of any third party websites or resources.,we might link to other people s websites but we re not responsible for what they do.,17,70,20
Pokemon GO Terms of Service,your use of the app and services are at your own risk. to the extent permitted by applicable law the services and content are provided as is without warranty of any kind. without limiting the foregoing niantic tpc and tpci explicitly disclaim any warranties of merchantability fitness for a particular purpose quiet enjoyment or non infringement and any warranties arising out of course of dealing or usage of trade. niantic tpc and tpci make no warranty that the services will meet your requirements or be available on an uninterrupted secure or error free basis and we make no warranty regarding the quality accuracy timeliness truthfulness completeness or reliability of any content. you assume all risks relating to your online or offline communications and interactions with other users of the services and with other persons with whom you communicated or interact as a result of your use of the services. you understand that niantic tpc and tpci do not screen or inquire into the background of any users of the services. niantic tpc and tpci make no representations or warranties as to the conduct of users of the services. you agree to take reasonable precautions in all communications and interactions with other users of the services and with other persons with whom you communicate or interact as a result of your use of the services particularly if you decide to meet offline or in person.,lots of yelling. oh you re responsible for your use of these services.,13,269,18
Pokemon GO Terms of Service,to the extent permitted by applicable law neither niantic nor tpc or tpci or any other party involved in creating producing or delivering the services or content will be liable to you for any indirect incidental special punitive exemplary or consequential damages including lost profits loss of data or goodwill service interruption computer damage or system failure or the cost of substitute services arising out of or in connection with these terms or from the use of or inability to use the services or content or from any communications interactions or meetings with other users of the services or persons with whom you communicate or interact as a result of your use of the services whether based on warranty contract tort including negligence product liability or any other legal theory and whether or not niantic tpc or tpci have been advised of the possibility of such damages even if a limited remedy set forth herein is found to have failed of its essential purpose. some jurisdictions do not allow the exclusion or limitation of liability for consequential or incidental damages so the foregoing limitation of liability shall apply to the fullest extent permitted by law in the applicable jurisdiction in no event will the total liability of niantic tpc or tpci arising out of or in connection with these terms or from the use of or inability to use the services or content exceed one thousand dollars 1 000. the exclusions and limitations of damages set forth above are fundamental elements of the basis of the bargain between niantic and you.,as much as the law permits it s not our fault if people lose money or data. if it is our fault we can t owe you more than 1000.,30,284,34
Pokemon GO Terms of Service,these terms and any action related thereto will be governed by the laws of the state of california without regard to its conflict of laws provisions. these terms constitute the entire and exclusive understanding and agreement between niantic and you regarding the services and content and these terms supersede and replace any and all prior oral or written understandings or agreements between niantic and you regarding the services and content. if any provision of these terms is held invalid or unenforceable either by an arbitrator appointed pursuant to the terms of the dispute resolution section above or by a court of competent jurisdiction but only if you timely opt out of arbitration by sending us an arbitration opt out notice in accordance with the terms set forth above that provision will be enforced to the maximum extent permissible and the other provisions of these terms will remain in full force and effect. you may not assign or transfer these terms by operation of law or otherwise without niantic s prior written consent. any attempt by you to assign or transfer these terms without such consent will be null. niantic may freely assign or transfer these terms without restriction. subject to the foregoing these terms will bind and inure to the benefit of the parties their successors and permitted assigns. any notices or other communications provided by niantic under these terms including those regarding modifications to these terms will be given a via email or b by posting to the services. for notices made by email the date of receipt will be deemed the date on which such notice is transmitted. niantic s failure to enforce any right or provision of these terms will not be considered a waiver of such right or provision. the waiver of any such right or provision will be effective only if in writing and signed by a duly authorized representative of niantic. except as expressly set forth in these terms the exercise by either party of any of its remedies under these terms will be without prejudice to its other remedies under these terms or otherwise.,california governs these terms. we ll let you know if we make changes to the terms and we might forget to enforce them sometimes.,24,388,30
TLDRLegal Terms of Service,as a condition to using some features of the sites tldr may require you to register for an account create a user profile and select a user name and password. you agree to provide tldr with accurate and complete identity information including your email address and agree to update your identity information promptly if it changes. you agree not to impersonate another person falsify your identity use another user s account or otherwise take action to gain access to content to which you do not have the rights to access or use the sites in any way to which you do not have authorization. you are solely responsible for all activity that takes place under the authorization of your account. you hereby release tldr from any and all liabilities arising from such activity. you are responsible for maintaining the security of your password. you agree to promptly inform tldr if you know or suspect that your account s password or security has been breached. c tldr expressly disclaims any and all liability arising from revocation cancellation or suspension of your account for any reason. your account and registration will terminate immediately upon your breach of any of the terms. you may terminate your account and participation as a registered user at any time without notice. d tldr respects your right to privacy. tldr will use any personally identifying information collected by the sites in accordance with tldr s privacy policy located at www tldrlegal com privacy. the servers on which certain personally identifiable information will be collected may be located in the united states or such other jurisdiction as tldr may determine.,you are responsible for all your actions on tldr. we can terminate your account if you breach these terms.,19,311,25
Minecraft End User Licence Agreement,minecraft end user licence agreementin order to protect minecraft our game and the members of our community we need these end user licence terms to set out some rules for downloading and using our game. we don t like rules any more than you do so we have tried to keep this as short as possible. if you break these rules we may stop you from using our game. if we think it is necessary we might even have to ask our lawyers to get in touch. if you buy download use or play our game you are agreeing to stick to the rules of these end user licence terms eula. if you don t want to or can t agree to these rules then you must not buy download use or play our game. this eula incorporates the terms of use for the mojang com website account terms our brand and asset usage guidelines and our privacy policy. by agreeing to this eula you also agree to all parts of these three documents so please read through them carefully.,by using minecraft you agree to the end user licence agreement. if you break rules we might keep you from playing minecraft.,22,197,28
Minecraft End User Licence Agreement,using our gameyou have bought the game so you can use it yourself on your computer. below we also give you limited rights to do other things but we have to draw a line somewhere or else people will go too far. if you wish to make something pertaining to anything we ve made we re humbled but please make sure that it can t be interpreted as being official and that it complies with this eula and the brand and asset usage guidelines and above all do not make commercial use of anything we ve made. the permission we give you to use and play our game can be revoked if you break the terms of this eula when you buy our game we give you permission to install the game on your own personal computer and use and play it on that computer as set out in this eula. this permission is personal to you so you are not allowed to distribute the game or any part of it to anyone else. this also means you cannot sell or rent the game or make it available for access to other people and you cannot pass on or resell any licence keys. you may however give gift codes that have been bought through our official gift code system. this is important to help us stop piracy and fraud and to protect our game. it is also important to prevent members of our community from buying pirated versions of our game or fraudulent licence keys which we may cancel such as in the case of fraud.,you may only use the game on your computer but you may give gift codes.,15,285,18
Minecraft End User Licence Agreement,if you ve bought the game you may play around with it and modify it. we d appreciate it if you didn t use this for griefing though and remember not to distribute the changed versions of our software. basically mods or plugins or tools are cool you can distribute those hacked versions of the game client or server are not you can t distribute those.,you may mod the game but don t distribute hacked clients.,11,72,14
Minecraft End User Licence Agreement,any tools you write for the game from scratch belong to you. modifications to the game mods including pre run mods and in memory mods and plugins for the game also belong to you and you can do whatever you want with them as long as you don t sell them for money try to make money from them. we have the final say on what constitutes a tool mod plugin and what doesn t.,mods you make belong to you just don t sell them.,11,80,14
Minecraft End User Licence Agreement,if you are going to make something available on or through our game it must not be offensive to people or illegal it must be honest and it must be your own creation. the types of things you must not make available using our game include posts that include racist or homophobic language posts that are bullying or trolling posts that might damage our or another person s reputation posts that include porn advertising or someone else s creation or image or posts that impersonate a moderator or try to trick or exploit people.,things you make available on or through the game must not be offensive to people or illegal.,17,99,20
Minecraft End User Licence Agreement,our liability. when you get a copy of our game we provide it as is. updates and upgrades are also provided as is. this means that we are not making any promises to you about the standard or quality of our game or that our game will be uninterrupted or error free or for any loss or damage that they cause. we only promise to provide the game and any services with reasonable skill and care and even then you have to accept that we may release games well before they are complete and so they may and often will have bugs but that s a price you pay for getting them so early. the law in most countries says that we can t disclaim liability for death or personal injury caused by our negligence so if your computer gets up and stabs you because of something we ve done wrong then we ll take the hit on that.,the game is provided as is updates and upgrades not promised.,11,168,14
Minecraft End User Licence Agreement,termination. if we want we can terminate this eula if you breach the terms. you can terminate it too at any time all you have to do is uninstall the game from your computer and the eula will be terminated. if the eula is terminated you will no longer be allowed to play our game. the paragraphs about ownership of our game our liability and general stuff will continue to apply even after the eula is terminated.,you can terminate the eula by uninstalling the game.,9,88,15
YouTube Terms of Service,your acceptance by using or visiting the youtube website or any youtube products software data feeds and services provided to you on from or through the youtube website collectively the service you signify your agreement to 1 these terms and conditions the terms of service 2 google s privacy policy found at http www youtube com t privacy and incorporated herein by reference and 3 youtube s community guidelines found at http www youtube com t community_guidelines and also incorporated herein by reference. if you do not agree to any of these terms the google privacy policy or the community guidelines please do not use the service. although we may attempt to notify you when major changes are made to these terms of service you should periodically review the most up to date version http www youtube com t terms. youtube may in its sole discretion modify or revise these terms of service and policies at any time and you agree to be bound by such modifications or revisions. nothing in these terms of service shall be deemed to confer any third party rights or benefits.,you also accept google s privacy policy and youtube s community guidelines. we may change these terms at any time.,20,196,24
YouTube Terms of Service,youtube accounts in order to access some features of the service you will have to create a youtube or google account. you may never use another s account without permission. when creating your account you must provide accurate and complete information. you are solely responsible for the activity that occurs on your account and you must keep your account password secure. you must notify youtube immediately of any breach of security or unauthorized use of your account. although youtube will not be liable for your losses caused by any unauthorized use of your account you may be liable for the losses of youtube or others due to such unauthorized use.,don t lie when you create your account. tell us immediately when your account has been compromised.,17,118,21
YouTube Terms of Service,content is provided to you as is. you may access content for your information and personal use solely as intended through the provided functionality of the service and as permitted under these terms of service. you shall not download any content unless you see a download or similar link displayed by youtube on the service for that content. you shall not copy reproduce distribute transmit broadcast display sell license or otherwise exploit any content for any other purposes without the prior written consent of youtube or the respective licensors of the content. youtube and its licensors reserve all rights not expressly granted in and to the service and the content.,you are not allowed to download videos.,7,119,10
YouTube Terms of Service,d you understand that when using the service you will be exposed to content from a variety of sources and that youtube is not responsible for the accuracy usefulness safety or intellectual property rights of or relating to such content. you further understand and acknowledge that you may be exposed to content that is inaccurate offensive indecent or objectionable and you agree to waive and hereby do waive any legal or equitable rights or remedies you have or may have against youtube with respect thereto and to the extent permitted by applicable law agree to indemnify and hold harmless youtube its owners operators affiliates licensors and licensees to the fullest extent allowed by law regarding all matters related to your use of the service.,you cannot hold us liable for the videos on youtube. it s not our fault you got sick after following that cooking video s recipe.,25,131,29
YouTube Terms of Service,12. ability to accept terms of serviceyou affirm that you are either more than 18 years of age or an emancipated minor or possess legal parental or guardian consent and are fully able and competent to enter into the terms conditions obligations affirmations representations and warranties set forth in these terms of service and to abide by and comply with these terms of service. in any case you affirm that you are over the age of 13 as the service is not intended for children under 13. if you are under 13 years of age then please do not use the service. there are lots of other great web sites for you. talk to your parents about what sites are appropriate for you.,you must be 13 years or older.,7,135,10
YouTube Terms of Service,13. assignmentthese terms of service and any rights and licenses granted hereunder may not be transferred or assigned by you but may be assigned by youtube without restriction 14. generalyou agree that i the service shall be deemed solely based in california and ii the service shall be deemed a passive website that does not give rise to personal jurisdiction over youtube either specific or general in jurisdictions other than california. these terms of service shall be governed by the internal substantive laws of the state of california without respect to its conflict of laws principles. any claim or dispute between you and youtube that arises in whole or in part from the service shall be decided exclusively by a court of competent jurisdiction located in santa clara county california. these terms of service together with the privacy notice at http www youtube com t privacy and any other legal notices published by youtube on the service shall constitute the entire agreement between you and youtube concerning the service. if any provision of these terms of service is deemed invalid by a court of competent jurisdiction the invalidity of such provision shall not affect the validity of the remaining provisions of these terms of service which shall remain in full force and effect. no waiver of any term of this these terms of service shall be deemed a further or continuing waiver of such term or any other term and youtube s failure to assert any right or provision under these terms of service shall not constitute a waiver of such right or provision. youtube reserves the right to amend these terms of service at any time and without notice and it is your responsibility to review these terms of service for any changes. your use of the service following any amendment of these terms of service will signify your assent to and acceptance of its revised terms. you and youtube agree that any cause of action arising out of or related to the services must commence within one 1 year after the cause of action accrues. otherwise such cause of action is permanently barred.,the jurisdiction is california.,4,386,9
Android SDK License Agreement (June 2014),you may not use the sdk for any purpose not expressly permitted by the license agreement. except to the extent required by applicable third party licenses you may not a copy except for backup purposes modify adapt redistribute decompile reverse engineer disassemble or create derivative works of the sdk or any part of the sdk or b load any part of the sdk onto a mobile handset or any other hardware device except a personal computer combine any part of the sdk with other software or distribute any software or device incorporating a part of the sdk.,don t hack the sdk.,5,111,9
Android SDK License Agreement (June 2014),you agree that you will not take any actions that may cause or result in the fragmentation of android including but not limited to distributing participating in the creation of or promoting in any way a software development kit derived from the sdk.,don t fork the sdk.,5,47,9
Android SDK License Agreement (June 2014),you agree that the form and nature of the sdk that google provides may change without prior notice to you and that future versions of the sdk may be incompatible with applications developed on previous versions of the sdk. you agree that google may stop permanently or temporarily providing the sdk or any features within the sdk to you or to users generally at google s sole discretion without prior notice to you.,it won t be around for ever.,7,82,10
Android SDK License Agreement (June 2014),you agree to use the sdk and write applications only for purposes that are permitted by a the license agreement and b any applicable law regulation or generally accepted practices or guidelines in the relevant jurisdictions including any laws regarding the export of data or software to and from the united states or other relevant countries.,stay within the law and license agreement.,7,60,10
Android SDK License Agreement (June 2014),you agree that if you use the sdk to develop applications you will protect the privacy and legal rights of users. if users provide you with user names passwords or other login information or personal information you must make the users aware that the information will be available to your application and you must provide legally adequate privacy notice and protection for those users. if your application stores personal or sensitive information provided by users it must do so securely. if users provide you with google account information your application may only use that information to access the user s google account when and for the limited purposes for which each user has given you permission to do so.,protect users sensitive data and have an adequate privacy notice.,10,126,13
Android SDK License Agreement (June 2014),you agree that you will not engage in any activity with the sdk including the development or distribution of an application that interferes with disrupts damages or accesses in an unauthorized manner the servers networks or other properties or services of google or any third party.,no malware.,2,54,5
Android SDK License Agreement (June 2014),you agree that you are responsible for maintaining the confidentiality of any developer credentials that may be issued to you by google or which you may choose yourself and that you will be solely responsible for all applications that are developed under your developer credentials.,keep your password certificates safe.,5,48,8
Android SDK License Agreement (June 2014),6 1 in order to continually innovate and improve the sdk google may collect certain usage statistics from the software including but not limited to a unique identifier associated ip address version number of the software and information on which tools and or services in the sdk are being used and how they are being used. before any of this information is collected the sdk will notify you and seek your consent. if you withhold consent the information will not be collected 6 2 the data collected is examined in the aggregate to improve the sdk and is maintained in accordance with google s privacy policy located at http www google com policies privacy.,google collect stats and analyses aggregated data.,7,123,11
Android SDK License Agreement (June 2014),if you use any api to retrieve data from google you acknowledge that the data may be protected by intellectual property rights which are owned by google or those parties that provide the data or by other persons or companies on their behalf. your use of any such api may be subject to additional terms of service. you may not modify rent lease loan sell distribute or create derivative works based on this data either in whole or in part unless allowed by the relevant terms of service.,data provided by google may be protected.,7,93,10
Android SDK License Agreement (June 2014),if you use any api to retrieve a user s data from google you acknowledge and agree that you shall retrieve data only with the user s explicit consent and only when and for the limited purposes for which the user has given you permission to do so.,get explicit consent if you want to use any user s data.,12,51,15
Android SDK License Agreement (June 2014),10 1 you expressly understand and agree that your use of the sdk is at your sole risk and that the sdk is provided as is and as available without warranty of any kind from google 10 2 your use of the sdk and any material downloaded or otherwise obtained through the use of the sdk is at your own discretion and risk and you are solely responsible for any damage to your computer system or other device or loss of data that results from such use. without limiting the foregoing you understand that the sdk may contain errors defects and security vulnerabilities that can result in significant damage including the complete irrecoverable loss of use of your computer system or other device.,sdk is provided as is use it at your own risk.,11,134,15
Android SDK License Agreement (June 2014),google further expressly disclaims all warranties and conditions of any kind whether express or implied including but not limited to the implied warranties and conditions of merchantability fitness for a particular purpose and non infringement.,it comes with no warranty.,5,40,8
Android SDK License Agreement (June 2014),to the maximum extent permitted by law you agree to defend indemnify and hold harmless google its affiliates and their respective directors officers employees and agents from and against any and all claims actions suits or proceedings as well as any and all losses liabilities damages costs and expenses including reasonable attorneys fees arising out of or accruing from a your use of the sdk b any application you develop on the sdk that infringes any intellectual property rights of any person or defames any person or violates their rights of publicity or privacy and c any non compliance by you of the license agreement.,don t blame google.,4,115,7
"Google Play Game Services (May 15th, 2013)",you agree to comply with the google platform developer policies set forth athttp developers google com policies and the google play content policies set forth at http play google com about developer content policy html or other such urls as google may provide for this purpose from time to time the content of your api client including any content supplied by your users or other content providers must follow the google user content and conduct policy at http www google com intl en policy content html.,you must also abide by the developer content and user content policies also.,13,92,16
"Google Play Game Services (May 15th, 2013)",you may not use user data from our apis for advertising purposes unless i you are explicitly authorized by google or ii you are using an advertising solution that google provides for this purpose. you may not and may not permit any third party to sell or transmit any user data received from our apis including anonymized aggregate or derivative data to any third party ad network or service data broker or other advertising or marketing provider.,don t use the data for advertising some google adverts allowed.,11,84,15
"Google Play Game Services (May 15th, 2013)",notwithstanding the foregoing or section b 1 of the google platform developer policies and provided that you don t operate as an ad network you may use user data from our apis to target ads within your api client where you have sold the ad slot to the advertiser directly directly sold ads and you may make anonymized user data from our apis available to a third party solely to enable that third party to serve directly sold ads to your api client.,if you re not an ad network and you sell ads direct to clients you can use the data to target ads.,22,91,25
"Google Play Game Services (May 15th, 2013)",you shall not permit your api client to submit any false gameplay information such as invalid scores for a user in a leaderboard or an achievement that a user did not earn to google. you shall not permit your api client to send or accept an invite to a multiplayer game including automatching requests or to take a turn without an explicit action or request from a user.,don t allow users to fake scores. no multiplayer invites.,10,74,14
"Google Play Game Services (May 15th, 2013)",for api clients that use their own avatar naming system in place of the user s google identity then you must make clear to users that their gameplay information will still be submitted to google and associated with their google identity and viewable within different google products.,if using avatars usernames tell the user that their g identity will still be used by google.,17,51,23
"Google Play Game Services (May 15th, 2013)",the indemnification provision in section 9 of the api tos is deleted in its entirety and replaced with the following you agree to hold harmless and indemnify google and its subsidiaries affiliates officers agents and employees or partners from and against any third party claim arising from or in any way related to your misuse of google play game servicesyour violation of these terms orany third party s misuse of google play game services or actions that would constitute a violation of these terms provided that you enabled such third party to access the apis or failed to take reasonable steps to prevent such third party from accessing the apis including any liability or expense arising from all claims losses damages actual and consequential suits judgments litigation costs and attorneys fees of every kind and nature. in such a case google will provide you with written notice of such claim suit or action.,don t blame google.,4,164,7
Facebook Terms of Service (Statement of Rights and Responsibilities),you own all of the content and information you post on facebook and you can control how it is shared through your privacy and application settings. in addition for content that is covered by intellectual property rights like photos and videos ip content you specifically give us the following permission subject to yourprivacy and application settings you grant us a non exclusive transferable sub licensable royalty free worldwide license to use any ip content that you post on or in connection with facebook ip license. this ip license ends when you delete your ip content or your account unless your content has been shared with others and they have not deleted it. when you delete ip content it is deleted in a manner similar to emptying the recycle bin on a computer. however you understand that removed content may persist in backup copies for a reasonable period of time but will not be available to others when you use an application the application may ask for your permission to access your content and information as well as content and information that others have shared with you. we require applications to respect your privacy and your agreement with that application will control how the application can use store and transfer that content and information. to learn more about platform including how you can control what information other people may share with applications read our data use policy and platform page. when you publish content or information using the public setting it means that you are allowing everyone including people off of facebook to access and use that information and to associate it with you i e your name and profile picture.,facebook can use stuff that you post on or in connection with facebook that you have intellectual property rights to. facebook loses rights to your stuff if you delete it or your account so long as others have not shared without later deleting your stuff. publishing stuff using the public setting gives everyone else rights to that stuff.,58,295,63
Facebook Terms of Service (Statement of Rights and Responsibilities),if you include our social plugins such as the share or like buttons on your website the following additional terms apply to you we give you permission to use facebook s social plugins so that users can post links or content from your website on facebook. you give us permission to use and allow others to use such links and content on facebook. you will not place a social plugin on any page containing content that would violate this statement if posted on facebook.,you can t use facebook plugins on your own pages if stuff on those pages violates these terms.,18,89,21
Facebook Terms of Service (Statement of Rights and Responsibilities),facebook users provide their real names and information and we need your help to keep it that way. here are some commitments you make to us relating to registering and maintaining the security of your account you will not provide any false personal information on facebook or create an account for anyone other than yourself without permission. you will not create more than one personal account. if we disable your account you will not create another one without our permission. you will not use your personal timeline primarily for your own commercial gain and will use a facebook page for such purposes. you will not use facebook if you are under 13 you will not use facebook if you are a convicted sex offender. you will keep your contact information accurate and up to date. you will not share your password or in the case of developers your secret key let anyone else access your account or do anything else that might jeopardize the security of your account. you will not transfer your account including any page or application you administer to anyone without first getting our written permission. if you select a username or similar identifier for your account or page we reserve the right to remove or reclaim it if we believe it is appropriate such as when a trademark owner complains about a username that does not closely relate to a user s actual name.,you can t fake your personal info create a new account if facebook disables yours use a personal facebook only for business be under 13 be a convicted sex offender or transfer your account without permission. you can only have one personal account and have to keep your contact information accurate.,51,251,56
Dropbox Terms of Service,thanks for using dropbox. these terms of service terms cover your use and access to the services client software and websites services provided by dropbox inc our privacy policy explains how we collect and use your information while our acceptable use policy outlines your responsibilities when using our services. by using our services you re agreeing to be bound by these terms and to review our privacy and acceptable use policies. if you re using our services for an organization you re agreeing to these terms on behalf of that organization.,by accepting these terms you also agree to the privacy and acceptable use policies linked in the right.,18,99,21
Dropbox Terms of Service,when you use our services you provide us with things like your files content email messages contacts and so on your stuff. your stuff is yours. these terms don t give us any rights to your stuff except for the limited rights that enable us to offer the services. we need your permission to do things like hosting your stuff backing it up and sharing it when you ask us to. our services also provide you with features like photo thumbnails document previews email organization easy sorting editing sharing and searching. these and other features may require our systems to access store and scan your stuff. you give us permission to do those things and this permission extends to trusted third parties we work with.,dropbox along with their third parties are allowed to access scan store and duplicate content that you put on the service.,21,135,25
Dropbox Terms of Service,you re responsible for your conduct your stuff and you must comply with our acceptable use policy. content in the services may be protected by others intellectual property rights. please don t copy upload download or share content unless you have the right to do so. we may review your conduct and content for compliance with these terms and our acceptable use policy. with that said we have no obligation to do so. we aren t responsible for the content people post and share via the services. please safeguard your password to the services make sure that others don t have access to it and keep your account information current. finally our services are not intended for and may not be used by people under the age of 13. by using our services you are representing to us that you re over 13 we respect the intellectual property of others and ask that you do too. we respond to notices of alleged copyright infringement if they comply with the law and such notices should be reported using our dmca process. we reserve the right to delete or disable content alleged to be infringing and terminate accounts of repeat infringers. our designated agent for notice of alleged copyright infringement on the services is.,you have to respect the content of others via the acceptable use policy and are responsible for any content you share. dropbox isn t liable for stuff you post on the site and can remove any copyright infringing material. also you must be over 13.,45,229,51
Dropbox Terms of Service,billing. you can increase your storage space and add paid features to your account turning your account into a paid account. we ll automatically bill you from the date you convert to a paid account and on each periodic renewal until cancellation. you re responsible for all applicable taxes and we ll charge tax when required to do so. no refunds. you may cancel your dropbox paid account at any time but you won t be issued a refund. downgrades. your paid account will remain in effect until it s cancelled or terminated under these terms. if you don t pay for your paid account on time we reserve the right to suspend it or reduce your storage to free space levels. you re responsible for all taxes and we may charge taxes when required to do so. changes. we may change the fees in effect but will give you advance notice of these changes via a message to the email address associated with your account.,you re responsible to pay any bills you re not entitled to any refunds and if you re late on payments dropbox can suspend or reduce the storage on your account. they can also change their pricing but will email you if they do.,44,183,49
Dropbox Terms of Service,you re free to stop using our services at any time. we also reserve the right to suspend or end the services at any time at our discretion and without notice. for example we may suspend or terminate your use of the services if you re not complying with these terms or use the services in a manner that would cause us legal liability disrupt the services or disrupt others use of the services. except for paid accounts we reserve the right to terminate and delete your account if you haven t accessed our services for 12 consecutive months. we ll of course provide you with notice via the email address associated with your account before we do so.,dropbox can end their services at any time without notice. for free accounts they can delete your account if you haven t used dropbox for 12 months. they ll email you before doing so.,34,126,41
Apple Website Terms of Service,apple s privacy policy applies to use of this site and its terms are made a part of these terms of use by this reference. to view apple s privacy policy click here. additionally by using the site you acknowledge and agree that internet transmissions are never completely private or secure. you understand that any message or information you send to the site may be read or intercepted by others even if there is a special notice that a particular transmission for example credit card information is encrypted.,apple s privacy policy applies to this site and its terms are part of these terms. you acknowledge and agree that the internet is never completely private or secure and that any message or information sent to this website may be read or intercepted by others.,46,94,50
Apple Website Terms of Service,you agree to indemnify and hold apple its officers directors shareholders predecessors successors in interest employees agents subsidiaries and affiliates harmless from any demands loss liability claims or expenses including attorneys fees made against apple by any third party due to or arising out of or in connection with your use of the site.,you agree to compensate apple for harm or loss and hold apple and people associated with them harmless from any demands loss responsibility claims or expenses made against them due to your use of the website.,36,58,39
Apple Website Terms of Service,apple administers and operates the www apple com site from its location in cupertino california usa other apple sites may be administered and operated from various locations outside the united states. although the site is accessible worldwide not all features products or services discussed referenced provided or offered through or on the site are available to all persons or in all geographic locations or appropriate or available for use outside the united states. apple reserves the right to limit in its sole discretion the provision and quantity of any feature product or service to any person or geographic area. any offer for any feature product or service made on the site is void where prohibited. if you choose to access the site from outside the united states you do so on your own initiative and you are solely responsible for complying with applicable local laws.,not all apple products or services are available to everyone or in all locations. apple may limit any product or service to any person or area. products and services are not available where prohibited by law. you are responsible for complying with local laws if accessing the website outside of the u s.,53,158,59
Apple Website Terms of Service,any feedback you provide at this site shall be deemed to be non confidential. apple shall be free to use such information on an unrestricted basis.,apple may use your feedback without restrictions e g. share it publicly.,12,30,16
Privacy Policy,search encrypt does not track search history in any user identifiable way. the most popular search engines create search profiles of specific users in order to retarget ads based on those search queries as the user navigates the internet. search encrypt does not track your search history in any user identifiable way.,this service does not track you.,6,59,9
Privacy Policy,we also provide you additional data control options created by the gdpr but provided to the stack overflow community regardless of geographic location with respect to your information including data access and portability including the right to obtain and download a copy of the personal data you provided to stack overflow data correction the ability to update the personal data we collect and display on you in many cases via your account settings data deletion where stack overflow will delete personal information stored on you which we are not required by necessity to maintain and the ability to have us stop processing your personal data with certain exceptions as may be necessary. for more information on these choices you have over how we collect and store your personal data please visit our gdpr page. please also be aware that in order to provide some of these data choices to you we may need to first verify your identity.,you can request access and deletion of personal data.,9,168,12
Additional Terms of Service,rvices you grant oath the following worldwide royalty free and non exclusive license the license to use distribute reproduce modify adapt publicly perform and publicly display such content on the services solely for the purpose for which such content was submitted or made available. this license exists only for as long as you elect to continue to include such content on the services and will terminate at the time you remove or oath removes such content from the services.,the copyright license granted to yahoo for photos graphics audio and video is limited solely for the purpose for which such content was submitted or made available.,27,85,31
Terms and Conditions,we may change these terms and conditions to reflect a changes in applicable laws. b regulatory or security requirements. c relevant guidance or codes of practice. d technical alterations to jagex products. and e to improve clarity and consistency. please check the terms and conditions whenever you use a jagex product. if you are not a subscriber we will treat your continued use of a jagex product as acceptance of these changes from their effective date as shown above. if you are a subscriber we will treat the first renewal date of your subscription after the changes as your acceptance of the changes. if you do not agree with the changes you should cancel your subscription as explained below in section 14 of these terms and conditions before the renewal date.,if you are a subscriber jagex will treat the first renewal date of your subscription after the changes as your acceptance of the changes.,24,148,29
Privacy Policy,it also enables us to serve you advertising and other relevant content on and off of the academia edu services.,the service uses your personal data to employ targeted third party advertising.,12,24,15
Terms of Use,you must not use any automated script or other software to collect information or content from cybernet s sites in any way.,users cannot scrape the website of the service.,8,26,11
Terms of Use,you are not permitted to attempt to overload flood spam mailbomb or crash the website or servers.,this service prohibits users sending chain letters junk mail spam or any unsolicited messages.,14,21,18
Privacy Policy,sharing data like address book contacts anonymous usage statistics and crash logs is completely optional on your part. you can opt out anytime.,the privacy policy states sharing data like anonymous usage statistics and crash logs is completely optional.,16,27,19
Privacy Policy,if you choose to create an account then the minimum we ask is that you choose a unique username and password use a web browser that accepts session cookies and provide a verified email address.,the service allows you to use pseudonyms.,7,38,11
Data License,supplementary data the remaining portions of the database are released under the creative commons attribution noncommercial sharealike 3 0 license.,you publish under a free license not a bilateral one.,10,28,13
Privacy Policy,you do not have to provide any personal data to be able to browse the contents of the databases published by metabrainz.,no need to register.,4,27,7
Privacy Policy,information collected automatically stack overflow receives and records information from your browser or mobile device when you visit the network or use the apps such as your internet protocol ip address or unique device identifier. cookies and data about which pages you visit on our network allow us to operate and optimize the products and services we provide to you. this information is stored in secure logs and is collected automatically. we may combine this browser information with other information we collect about you. this information is used to keep the products and services secure analyze and understand how our products and services are used optimize such usage provide advertising across the network as well as certain products and services to personalize your experience and to help connect you with potential job opportunities in the case of our recruiting products and services.,the service uses your personal data for advertising.,8,150,11
Social Contract,the client and server software will remain free and accessible under generally accepted open licenses.,features of the website are made available under a free software license.,12,18,15
Privacy Policy,i don t store any personally identifiable data about you as my visitor.,the service provides details about what kinds of personal information they collect.,12,16,15
Privacy Policy,you do not have to give your personal or legal name to create an npm account. you can use a pseudonym instead.,the service allows you to use pseudonyms.,7,26,11
Open-Source Terms,nothing in this agreement gives npm any ownership rights in intellectual property that you share with npm services such as your account information or any packages you share with npm services your content.,you maintain ownership of your data.,6,36,9
Open-Source Terms,your content belongs to you. you decide whether and how to license it. but at a minimum you license npm to provide your content to users of npm services when you share your content. that special license allows npm to copy publish and analyze your content and to share its analyses with others. npm may run computer code in your content to analyze it but npm s special license alone does not give npm the right to run code for its functionality in npm products or services.,users are free to choose the type of copyright license that they want to use over their content.,18,94,21
Open-Source Terms,use of npm services is at your sole risk. npm services are provided on an as is and as available basis.,the service is provided as is and to be used at the users sole risk.,15,25,18
Open-Source Terms,npm makes no warranty that npm services will meet your requirements operate in an uninterrupted timely secure or error free manner.,the service provider makes no warranty regarding uninterrupted timely secure or error free service.,14,25,17
Open-Source Terms,you will be solely responsible for any damage to your computer system and network as well as any data loss that may result from use of npm services or material received via npm services.,users are responsible for any risks damages or losses they may incur by downloading materials.,15,37,18
Open-Source Terms,npm services may provide information and software that is inaccurate incomplete misleading illegal offensive or otherwise harmful.,the service does not guarantee accuracy or reliability of the information provided.,12,21,15
Privacy Policy,contests surveys and sweepstakes data this personal data is used to allow you to sign up and participate in these types of promotions. the exact personal data collected will vary depending on the promotion.,spotify may merge your current personal info with more if you participate in a special promotion.,16,40,20
Terms and Conditions of Use,if you do not want to continue to be charged on a recurring monthly basis you must cancel the applicable paid subscription through your spotify account s subscription page or terminate your spotify account before the end of the recurring monthly period. paid subscriptions cannot be terminated before the end of the period for which you have already paid and except as expressly provided in these terms spotify will not refund any fees that you have already paid. the limitation section sets forth additional terms regarding cancellation of your paid subscription.,spotify doesn t provide refunds.,5,99,9
Terms and Conditions of Use,to the fullest extent permitted by applicable law spotify and all owners of the content make no representations and disclaim any warranties or conditions of satisfactory quality merchantability fitness for a particular purpose or non infringement. neither spotify nor any owner of content warrants that the spotify service is free of malware or other harmful components.,there is no guarantee of quality of service. if the service is not delivered to your expectations you still pay for it to the extent of applicable law.,28,64,32
Privacy Policy,technical data which may include url information cookie data your ip address the types of devices you are using to access or connect to the spotify service unique device ids device attributes network connection type e g. wifi 3g lte bluetooth and provider network and device performance browser type language information enabling digital rights management operating system and spotify application version.,the service may use tracking pixels web beacons browser fingerprinting and or device fingerprinting on users.,16,71,22
Privacy Policy,open book publishers will not send you email that you have not agreed to receive. if you are a member of our mailing list you may be contacted with announcements news portfolio additions and new products or services. with each email sent you have the option of unsubscribing from our mailing list at any time thereby disabling any further such email communication from being sent.,you can opt out of promotional communications.,7,72,10
Privacy Policy,where you request that we delete your account from our system we will immediately lock the account and archive the information then delete it from our severs within approximately 7 days from the date of your request.,you can delete your content from this service.,8,41,11
Privacy Policy,the app may use third party code and libraries that use cookies to collection information and to improve their services.,this service allows tracking via third party cookies for purposes including targeted advertising.,13,23,16
Privacy Policy,we also save searches but again not in a personally identifiable way as we do not store ip addresses or unique user agent strings.,this service does not track you.,6,27,9
Privacy Policy,if this policy is substantively updated we will update the text of this page and provide notice to you at https duckduckgo com about by writing updated in red next to the link to this page in the footer for a period of at least 30 days.,conditions may change but your continued acceptance is not inferred from an earlier acceptance flow.,15,55,19
Privacy Policy,we also allow specific partners to collect information from your browser or device for advertising and measurement purposes using their own cookies or similar technologies.,the service may use tracking pixels web beacons browser fingerprinting and or device fingerprinting on users.,16,28,22
Privacy Policy,things could change. we may amend or terminate any terms of this agreement at any time and such amendment or termination will be effective at the time we post the revised terms on the site.,terms may be changed any time at their discretion without notice to the user.,14,39,17
Terms of Service and Privacy,if you are not subject to the special arbitration provision for united states or canada users section below you agree that you will resolve any claim you have with us relating to arising out of or in any way in connection with our terms us or our services each a dispute and together disputes exclusively in the united states district court for the northern district of california or a state court located in san mateo county in california and you agree to submit to the personal jurisdiction of such courts for the purpose of litigating all such disputes. governing law. the laws of the state of california govern our terms as well as any disputes whether in court or arbitration which might arise between whatsapp and you without regard to conflict of law provisions.,the court of law governing the terms is in the state of california.,13,149,18
Information for Authors,your work your copyright all our titles are published using creative commons licences. these licences mean that you are in full control of your own copyright and can choose how your work is used by other people. we recommend creative commons attribution licences cc by which allows others to copy distribute display and perform your copyrighted work but ensures that they must give you full credit.,users are free to choose the type of copyright license that they want to use over their content.,18,71,21
Iron Horse Games' Privacy Policy,to measure reach and effectiveness of advertisement campaigns to offer targeted advertising to personalize experience by showing advertisements for products and services that are more likely to appeal to you i e. behavioral advertising.,the service uses your personal data to employ targeted third party advertising.,12,39,15
Iron Horse Games' Privacy Policy,information we collect about you from third party companies including but not limited to publishing partners platforms advertising platforms and partners and data aggregators which may include attributes about you and your interests as well as other games and services you use and demographic and general location information.,the service may collect extra data about you through promotions.,10,52,13
Iron Horse Games' Privacy Policy,ad identifiers are non permanent non personal identifiers such as the android advertising id and or apple s id for advertising the idfa which are uniquely associated with your device. similar technologies include tracking pixels within ads.,the service may use tracking pixels web beacons browser fingerprinting and or device fingerprinting on users.,16,42,22
License Terms,you must be 18 to accept these terms and buy the app you must be 18 or over to accept these terms and buy the app.,this service is only available to users of a certain age.,11,29,14
Privacy Policy,device information. in addition to log data we may also collect information about the device you re using pinterest on including what type of device it is what operating system you re using device settings unique device identifiers and crash data. whether we collect some or all of this information often depends on what type of device you re using and its settings. for example different types of information are available depending on whether you re using a mac or a pc or an iphone or an android phone. to learn more about what information your device makes available to us please also check the policies of your device manufacturer or software provider.,the service may use tracking pixels web beacons browser fingerprinting and or device fingerprinting on users.,16,123,22
Terms of Service,these terms and the relationship between you and weebly shall be governed by the laws of the state of california without regard to its conflict of law provisions.,the court of law governing the terms is in location the state of california.,14,35,19
Terms of Service,to the fullest extent permitted by applicable law in no event will ibm be liable to any party for any direct indirect incidental special exemplary or consequential damages of any type whatsoever related to or arising from this web site or any use of this web site or of any site or resource linked to referenced or accessed through this web site or for the use or downloading of or access to any materials information products or services including without limitation any lost profits business interruption lost savings or loss of programs or other data even if ibm is expressly advised of the possibility of such damages.,this service assumes no liability for any losses or damages resulting from any matter relating to the service.,18,112,21
Terms of Use,by submitting any feedback you grant us the right to use the feedback without any restriction or any compensation to you.,if you offer suggestions to the service they become the owner of the ideas that you give them.,18,24,21
Terms of Service,you agree to defend indemnify and hold harmless the site its affiliates and licensors and their respective officers directors employees contractors agents and licensors from and against any claims liabilities damages judgments awards losses costs expenses or fees including reasonable attorneys fees resulting from your violation of these terms and conditions or your use of the site including without limitation any use of the site s content services or items purchased through the site.,you agree to defend indemnify and hold the service harmless in case of a claim related to your use of the service.,22,80,26
Terms of Use,to the extent that you provide user content you grant coursera a fully transferable royalty free perpetual sublicensable non exclusive worldwide license to copy distribute modify create derivative works based on publicly perform publicly display and otherwise use the user content.,this service can use your content for all their existing and future services.,13,49,16
Terms of Use,indemnificationyou agree to indemnify defend and hold harmless the coursera parties from any and all claims liabilities expenses and damages including reasonable attorneys fees and costs made by any third party related to a your use or attempted use of the services in violation of these terms. b your violation of any law or rights of any third party. or c user content including without limitation any claim of infringement or misappropriation of intellectual property or other proprietary rights.,you agree to defend indemnify and hold the service harmless in case of a claim related to your use of the service.,22,92,26
Terms of Use,jetbrains reserves the right at its sole discretion to change add or remove any part of these terms of use at any time without prior notice to you. we may at our discretion choose to notify those subscribed to our newsletters and rss feeds of such changes. however it is up to you to check these terms of use for changes.,terms may be changed any time at their discretion without notice to the user.,14,69,17
Terms of Service,you agree that disputes between you and us will be resolved by binding individual arbitration and you waive your right to participate in a class action lawsuit or class wide arbitration. we explain some exceptions and how you can opt out of arbitration below.,by agreeing to instagram s terms you agree that you can only bring any claim against them on your own behalf. you waive your right to being part of a class action or participating in claims brought in any representative capacity.,41,48,46
Terms of Service,we may change our service and policies and we may need to make changes to these terms so that they accurately reflect our service and policies. unless otherwise required by law we will notify you for example through our service before we make changes to these terms and give you an opportunity to review them before they go into effect.,when the service wants to change its terms users are notified a week or more in advance.,17,64,20
Terms of Service,your payments to the site are nonrefundable.,no refund policy.,3,13,6
Terms of Service,the laws of the state of california to the extent not preempted by or inconsistent with federal law will govern these terms and any claim without regard to conflict of law provisions.,the court of law governing the terms is in the state of california.,13,38,18
Terms of Service,we can refuse to provide or stop providing all or part of the service to you including terminating or disabling your account immediately to protect our community or services or if you create risk or legal exposure for us violate these terms of use or our policies including our instagram community guidelines if you repeatedly infringe other people s intellectual property rights or where we are permitted or required to do so by law.,the service can suspend your account for several reasons.,9,79,12
Privacy Policy,here are some of the types of information we collect log data. when you use pinterest or go to a webpage or use an app that has pinterest features like our pin it button our servers automatically record information log data including information that your browser sends whenever you visit a website or your mobile app sends when you re using it. this log data may include your internet protocol address the address of the web pages you visited that had pinterest features browser type and settings the date and time of your request how you used pinterest and cookie data.,pinterest collects user log data such as ip addresses browser type and settings the date and time people access pinterest and the way they use it. they also collect user log data on other websites that contain pin it buttons.,40,110,46
Privacy Policy,we do not use cookies for tracking purposes.,this service only uses temporary session cookies.,7,11,10
Terms of Use,you also agree to register one account only for your use of the site. the site administrators reserve the right to ban users because of accessing the site with more than one account. the information we obtain through your use of this site including your registration data is subject to our privacy policy which is specifically incorporated by reference into these terms of use.,service does not allow alternative accounts.,6,69,9
Terms of Service,researchgate strives to connect the world of science. it is essential for the credibility of the world of science and for the reputation of researchers that researchers identify themselves using their real names and their affiliation. you must therefore provide only true and non misleading statements and your real name. you may not use pseudonyms or pen names. you may not accept adopt or post content that falsely or misleadingly implies an incorrect identity inaccurate biographical facts or misleading information about your qualifications work experience or achievements. you warrant and represent that all personal information you provide is accurate and complete. you are obliged to update such data when it changes. if you choose to use a profile photo you must use a photo where you can be clearly identified. images of other people animals text and logos are not permitted. this again is essential for the credibility of the researchers using the service and is in the best interest of the world of science.,pseudonym not allowed user to user trust is relevant for service.,11,181,16
Privacy Policy,we collect content of your files and communications when necessary to provide you with the services you use.,the service can read your private messages.,7,21,10
Privacy Policy,our use of web beacons and analytics services microsoft web pages may contain electronic images known as web beacons also called single pixel gifs that we use to help deliver cookies on our sites count users who have visited those sites and deliver co branded services. we also include web beacons in our promotional email messages or newsletters to determine whether you open and act on them.,tracking pixels used in service to user communication.,8,76,11
Legal information,we do not use cookies or any other tracking technology.,this service does not track you.,6,13,9
About our edit tool,phoenix is hosted on heroku for development purposes. please refer to their tos for any more details.,tos dr refers users to heroku s terms of service for more information.,13,24,18
About our edit tool,nothing here should be considered legal advice. we express our opinion with no guarantee and we do not endorse any service in any way. please refer to a qualified attorney for legal advice. reading tos dr is in no way a replacement for reading the full terms to which you are bound.,tos dr gives no guarantee regarding quality.,7,59,11
CoReadingWebPrivacyPolicy,public disclosure as a general rule the city does not disclose any personally identifiable information collected online except where you have given us permission or where the information is public information under the pennsylvania right to know act 65 p s. 66 1 et seq or other applicable laws. visitors should be aware that information collected by the city on its website may be subject to examination and inspection if such information is a public record and not otherwise protected from disclosure.,the service will not allow third parties to access your personal information without a legal basis.,16,88,19
CoReadingWebPrivacyPolicy,security the city has taken steps to safeguard the submission of information by implementing detailed technology and security policies. security measures have been integrated into the design implementation and day to day operations of the entire operating environment as part of our continuing commitment to the security of electronic content as well as the electronic transmission of information.,this service prohibits users from attempting to gain unauthorized access to other computer systems.,14,62,17
Linking Policy,furthermore the city of reading pa reserves the right to deny or remove any link that contains misleading information or unsubstantiated claims or is determined to be in conflict with the city of reading pa mission or policies.,prohibits the posting of content which promotes or glorifies violence or politically or religiously extremist values.,16,45,22
Privacy Policy,when we post changes to this privacy policy we will revise the last updated date at the top of this privacy policy.,there is a date of the last update of the terms.,11,25,14
Privacy Policy,we may also automatically collect device specific information when you install access or use our services. this information may include information such as the hardware model operating system information app version app usage and debugging information browser information ip address and device identifiers.,the service may use tracking pixels web beacons browser fingerprinting and or device fingerprinting on users.,16,47,22
Terms of Service,you and 500px agree that any proceedings to resolve or litigate any dispute arising hereunder will be conducted solely on an individual basis and that you will not seek to have any dispute heard as a class action a representative action a collective action a private attorney general action or in any proceeding in which you act or propose to act in a representative capacity. you further agree that no proceeding will be joined consolidated or combined with another proceeding without the prior written consent of 500px and all parties to any such proceeding.,you waive your right to a class action.,8,102,11
Terms of Service,by posting visual content to the site you grant to 500px a non exclusive or exclusive transferable fully paid worldwide license to use sublicense distribute reproduce modify adapt publicly perform and publicly display such visual content in connection with the services. this license will exist for the period during which the visual content is posted on the site and will automatically terminate upon the removal of the visual content from the site subject to the terms of any license granted by an authorized 500px distributor the license granted to 500px includes the right to use visual content fully or partially for promotional reasons and to distribute and redistribute visual content to other parties websites authorized agents applications and other entities provided such visual content is attributed in accordance with the required credits i e. username or collection name profile picture photo title descriptions tags and other accompanying information if any and as appropriate as submitted to 500px subject to any credit requirements governing the licensing of visual content pursuant to the contributor agreement notwithstanding the foregoing no inadvertent failure to provide appropriate attribution shall be considered a breach of these terms 500px and its distributors have the right to modify alter and amend photo titles descriptions tags metadata and other accompanying information for any visual content and the right to submit visual content to other parties and authorized agents for the purpose of creating tags for visual content.,the copyright license you grant to 500px is transferable and sublicensable. the copyright license is limited for use in connection with the services which includes promotional uses and redistribution to other parties web sites applications and other entities if you are credited properly. the license on your content terminates when you remove such content.,54,252,64
Privacy Policy,ithaka may also transfer personally identifiable information to third parties including third parties located internationally such as applicable publishers other content providers and libraries who can better assist with your inquiries to facilitate order fulfillment for the journals hosting program and to enable them to inform users of services provided by ithaka and or the third parties products and services that may be of interest.,many third parties are involved in operating the service.,9,71,12
Privacy Policy,we may update this privacy policy to reflect changes to our information practices. if we make any change in how we use your personal information we will notify you by email sent to the e mail address specified in your account. we encourage you to periodically review this page for the latest information on our privacy practices.,users should revisit the terms periodically although in case of material changes the service will notify.,16,62,19
Terms of Use,we may in our sole discretion a suspend or terminate your account and or your access to the service.,the service can delete your account without prior notice and without a reason.,13,22,16
Terms of Use,we reserve the right to modify or discontinue the service at any time including by limiting or discontinuing certain features of the service without notice to you. we will have no liability whatsoever on account of any change to the service.,they may stop providing the service at any time.,9,47,12
Privacy Policy,company aggregates non personal data which cannot identify a user. such data includes the apps installs the frequency of the launches and the use of different screens in the application. we also collect non personalized data about the devices models software versions the countries where the application is used and the language. also the users may be asked to leave an email to get access to certain additional features.,the service provides details about what kinds of personal information they collect.,12,76,15
Terms of Service,only one account per user is allowed. users caught with more than one account may be permanently banned and have all their accounts disabled.,service does not allow alternative accounts.,6,28,9
Privacy Policy,certain parts of non personalized data can be shared with the partners of the company in the amounts necessary to ensure cooperation between the company and its partners or service providers.,third parties may be involved in operating the service.,9,34,12
Terms & Rules,you are granting us with a non exclusive permanent irrevocable unlimited license to use publish or re publish your content in connection with the service.,the copyright license that users grant to the service is limited for the purposes of that same service and not third parties.,22,30,25
Terms & Rules,you agree to not use the service to submit or link to any content which is defamatory abusive hateful threatening spam or spam like likely to offend contains adult or objectionable content contains personal information of others risks copyright infringement encourages unlawful activity or otherwise violates any laws.,users agree not to submit illegal content.,7,53,10
Privacy Policy,we currently do not offer website functionality for you to opt out of any do not track signals or listings.,this service ignores the do not track dnt header and tracks users anyway even if they set this header.,19,23,23
Privacy Policy,disqus may in its sole discretion modify or update this privacy policy from time to time and so you should review this page periodically. when we change the policy we will update the last modified date at the bottom of this page. your continued use of the site following the posting of any changes to this policy means you accept such changes.,they can change the terms of service any time they see fit even without notification to the user. your use of the service supposedly constitutes acceptance of the changes in the terms.,32,68,36
Steam Subscriber Agreement,valve may amend this agreement including any subscription terms or rules of use unilaterally at any time in its sole discretion. in this case you will be notified by e mail of any amendment to this agreement made by valve within 60 sixty days before the entry into force of the said amendment. you can view the agreement at any time at http www steampowered com. your failure to cancel your account within thirty 30 days after the entry into force of the amendments will constitute your acceptance of the amended terms.,when the service wants to change its terms users are notified a month or more in advance.,17,101,20
Terms of Service,the courts sitting in seattle washington will have exclusive jurisdiction over any claim arising from or related to these terms and conditions.,the court of law governing the terms is in seattle washington.,11,27,16
Steam Subscriber Agreement,if you live in the european union this section 11 does not apply to you. most user concerns can be resolved by use of our steam support site at https support steampowered com. if valve is unable to resolve your concerns and a dispute remains between you and valve this section explains how the parties have agreed to resolve it. you and valve agree to resolve all disputes and claims between us in individual binding arbitration. that includes but is not limited to any claims arising out of or relating to i any aspect of the relationship between us. ii this agreement. or iii your use of steam your account or the content and services. it applies regardless of whether such claims are based in contract tort statute fraud unfair competition misrepresentation or any other legal theory. however this section does not apply to the following types of claims or disputes which you or valve may bring in any court with jurisdiction i claims of infringement or other misuse of intellectual property rights including such claims seeking injunctive relief. and ii claims related to or arising from any alleged unauthorized use piracy or theft. this section does not prevent you from bringing your dispute to the attention of any federal state or local government agencies that can if the law allows seek relief from us for you. an arbitration is a proceeding before a neutral arbitrator instead of before a judge or jury. arbitration is less formal than a lawsuit in court and provides more limited discovery. it follows different rules than court proceedings and is subject to very limited review by courts. the arbitrator will issue a written decision and provide a statement of reasons if requested by either party. you understand that you and valve are giving up the right to sue in court and to have a trial before a judge or jury. you and valve agree to make reasonable good faith efforts to informally resolve any dispute before initiating arbitration. a party who intends to seek arbitration must first send the other a written notice that describes the nature and basis of the claim or dispute and sets forth the relief sought. if you and valve do not reach an agreement to resolve that claim or dispute within 30 days after the notice is received you or valve may commence an arbitration.,you waive your right to a class action.,8,427,11
Steam Refunds,you can request a refund for nearly any purchase on steam for any reason. maybe your pc doesn t meet the hardware requirements. maybe you bought a game by mistake. maybe you played the title for an hour and just didn t like it. it doesn t matter. valve will upon request via help steampowered com issue a refund for any reason if the request is made within fourteen days of purchase and the title has been played for less than two hours. there are more details below but even if you fall outside of the refund rules we ve described you can ask for a refund anyway and we ll take a look.,users are entitled to a refund if certain thresholds or standards are not met by the service.,17,125,20
Privacy Policy Agreement,we use cookies which are text files placed on your computer to help us analyze how users use our services and similar technologies e g. web beacons pixels ad tags and device identifiers to recognize you and or your device s on off and across different devices and our services as well as to improve the services we are offering to improve marketing analytics or website functionality. the use of cookies is standard on the internet. although most web browsers automatically accept cookies the decision of whether to accept or not is yours. you may adjust your browser settings to prevent the reception of cookies or to provide notification whenever a cookie is sent to you. you may refuse the use of cookies by selecting the appropriate settings on your browser. the management of the use of cookies for each browser is further detailed on the following help page https support steampowered com kb_article php ref 9076 qyoj 0930. however please note that if you do this you may not be able to access the full functionality of our websites. when you visit any of our services our servers log your global ip address which is a number that is automatically assigned to the network your computer is part of.,the service may use tracking pixels web beacons browser fingerprinting and or device fingerprinting on users.,16,231,22
Terms of Use,by registering for an account you further agree to a provide accurate truthful current and complete information.,you have to provide accurate truthful current and complete information when creating an account on couchsurfing.,16,20,21
Terms of Use,if you post member content to our services you hereby grant us a perpetual i e. lasting forever worldwide irrevocable non exclusive royalty free and fully sublicensable i e. we can grant this right to others license to use reproduce display perform adapt modify create derivative works from distribute have distributed and promote such member content in any form in all media now known or hereinafter created including in emails or other communications to our members to administer operate develop and otherwise provide the couchsurfing services.,may retain certain information as required by law for legitimate business purposes and to protect member safety. they say they will hold data from already closed accounts in order to help them combat fraud on the platform.,37,99,41
Terms of Use,by accessing or using our services you agree to adhere to the community guidelines.,you should follow the community guidelines.,6,17,9
Terms of Use,if you provide a submission whether by email or otherwise you agree that it is non confidential unless couchsurfing states otherwise in writing and shall become the sole property of couchsurfing. couchsurfing shall own exclusive rights including all intellectual property rights and shall be entitled to the unrestricted use and dissemination of submissions for any purpose commercial or otherwise. you acknowledge that couchsurfing is not obligated to provide acknowledgment or compensation to you in exchange for submissions.,if you offer suggestions to the service they become the owner of the ideas that you give them.,18,90,21
Cookies and Privacy Policy - About Privacy,advertising cookies cookies are widely used in online advertising. neither us advertisers or our advertising partners can gain personally identifiable information from these cookies.,this service allows tracking via third party cookies for purposes including targeted advertising.,13,28,16
Terms of Service,we will not be liable for any loss or damage caused by a distributed denial of service attack viruses or other technologically harmful material that may infect your computer equipment computer programs data or other proprietary material due to your use of the site or any services or items obtained through the site or to your downloading of any material posted on it or on any site linked to it.,this service assumes no liability for any losses or damages resulting from any matter relating to the service.,18,73,21
Privacy Policy,apple and our partners and licensees may collect use and share precise location data including the real time geographic location of your apple computer or device. where available location based services may use gps bluetooth and your ip address along with crowd sourced wi fi hotspot and cell tower locations and other technologies to determine your devices approximate location. unless you provide consent this location data is collected anonymously in a form that does not personally identify you and is used by apple and our partners and licensees to provide and improve location based products and services. for example your device may share its geographic location with application providers when you opt in to their location services.,this service may collect use and share location data.,9,128,12
Application-Based Services Terms of Use,apple may change add or remove any part of these terms at any time. if it does so apple will post such changes on www apple com internetservices terms. if any future changes are unacceptable to you you should discontinue using the services. your continued use of the services now or following the posting of notice of any such changes will indicate your acceptance of these terms and of any such changes.,they can change the terms of service any time they see fit even without notification to the user. your use of the service supposedly constitutes acceptance of the changes in the terms.,32,82,36
Application-Based Services Terms of Use,except as required by applicable non u s local or national law the laws of the state of california excluding its conflicts of law rules govern these terms and your use of the services.,the court of law governing the terms is in the state of california.,13,39,18
Website Terms of Service,you agree to the personal jurisdiction by and venue in the state and federal courts in santa clara county california and waive any objection to such jurisdiction or venue.,the court of law governing the terms is in santa clara county california.,13,36,20
Terms of Service,you hereby agree to indemnify defend and hold harmless soundcloud its successors assigns affiliates agents directors officers employees and shareholders from and against any and all claims obligations damages losses expenses and costs including reasonable attorneys fees resulting from i any violation by you of these terms of use or our community guidelines ii any third party claim of infringement of copyright or other intellectual property rights or invasion of privacy arising from the hosting of your content on the platform and or your making available thereof to other users of the platform and or the actual use of your content by other users of the platform or linked services in accordance with these terms of use and the parameters set by you with respect to the distribution and sharing of your content iii any activity related to your account be it by you or by any other person accessing your account with or without your consent unless such activity was caused by the act or default of soundcloud.,you agree to indemnify soundcloud from all claims resulting from any third party for infringement of copyright or invastion of privacy related to your content or any activity related to your account.,32,175,39
Terms of Service,to the extent it is necessary in order for soundcloud to provide you with any of the aforementioned hosting services to undertake any of the tasks set forth in these terms of use including the distribution of advertising or other promotional material on our platform and or to enable your use of the platform you hereby grant such licenses to soundcloud on a limited worldwide non exclusive royalty free and fully paid basis. by uploading your content to the platform you also grant a limited worldwide non exclusive royalty free fully paid up license to other users of the platform and to operators and users of any other websites apps and or platforms to which your content has been shared or embedded using the services linked services to use copy listen to offline repost transmit or otherwise distribute publicly display publicly perform adapt prepare derivative works of compile make available and otherwise communicate to the public your content utilizing the features of the platform from time to time and within the parameters set by you using the services.,you only grant to soundcloud the rights necessary to operate the services. you grant to the public the rights to listen and to share your tracks within the parameters set by you for each track. you can also publish easily your tracks under a creative commons license of your choice.,50,185,56
Terms of Service,this agreement is subject to the laws of the federal republic of germany excluding the un convention on contracts for the international sale of goods cisg and excluding the principles of conflict of laws international private law.,the court of law governing the terms is in germany.,10,43,15
Terms of Service,this license continues even if you stop using our services for example for a business listing you have added to google maps. some services may offer you ways to access and remove content that has been provided to that service. also in some of our services there are terms or settings that narrow the scope of our use of the content submitted in those services.,the license that you grant to google on content you upload to their services will continue even if you stop using the services. while this makes sense for some services e g. google maps this applies by default to all google services. otherwise you need to check each service for ways to remove content and for specific clauses that restrict the license in time.,64,70,70
Terms of Service,the laws of california u s a excluding california s conflict of laws rules will apply to any disputes arising out of or relating to these terms or the services. the laws of california u s a excluding california s conflict of laws rules will apply to any disputes arising out of or relating to these terms or the services. all claims arising out of or relating to these terms or the services will be litigated exclusively in the federal or state courts of santa clara county california usa and you and google consent to personal jurisdiction in those courts.,the court of law governing the terms is in california.,10,119,15
Terms of Service,when you upload submit store send or receive content to or through our services you give google and those we work with a worldwide license to use host store reproduce modify create derivative works such as those resulting from translations adaptations or other changes we make so that your content works better with our services communicate publish publicly perform publicly display and distribute such content.,the copyright license you grant is for the limited purpose of operating promoting and improving existing and new google services. however please note that the license does not end if you stop using the google services.,36,68,40
Privacy Policy,the information we collect includes unique identifiers browser type and settings device type and settings operating system mobile network information including carrier name and phone number and application version number. we collect device specific information such as your hardware model operating system version unique device identifiers and mobile network information including phone number. google may associate your device identifiers or phone number with your google account.,google may collect your device fingerprint.,6,71,9
Privacy Policy,when we detect spam malware illegal content and other forms of abuse on our systems in violation of our policies we may disable your account or take other appropriate action. en quote do not use our services improperly. fr quote n utilisez pas nos services de façon impropre.,users agree not to use the service for illegal purposes.,10,59,13
Terms of Service,enforcement of these terms and conditions is solely in our discretion and failure to enforce the terms and conditions in some instances does not constitute a waiver of our right to enforce them in other instances.,failure to enforce any provision of the terms of service does not constitute a waiver of such provision.,18,39,22
Terms of Service and License Agreement,if grammarly updates or revises this agreement grammarly will notify you either by email to your most recently provided email address by posting the updated or revised terms of service and end user license agreement on the site or by any other manner chosen by grammarly in its commercially reasonable discretion.,terms may be changed any time at their discretion without notice to the user.,14,58,17
Terms of Service and License Agreement,by uploading or entering any user content you give grammarly and those it works with a nonexclusive worldwide royalty free and fully paid transferable and sublicensable perpetual and irrevocable license to copy store and use your user content and if you are an authorized user your enterprise subscriber s user content in connection with the provision of the software and the services and to improve the algorithms underlying the software and the services.,this service can use your content for all their existing and future services.,13,83,16
Privacy Policy,this is the data we store for an account¹ account number expiry date.,the service does not log any user information.,8,19,11
Terms of Service,15 1 this agreement shall be effective for a 30 day term at the end of which it will automatically and continuously renew for subsequent 30 day terms until such time when you or airbnb terminate the agreement in accordance with this provision. 15 2 you may terminate this agreement at any time by sending us an email. if you cancel your airbnb account as a host any confirmed booking s will be automatically cancelled and your guests will receive a full refund. if you cancel your airbnb account as a guest any confirmed booking s will be automatically cancelled and any refund will depend upon the terms of the listing s cancellation policy.,users have the right to cancel their account at any time. however this cancellation is only effective after the 30 day term of the agreement is over.,27,123,31
Terms of Service,unless you provide specific consent airbnb does not claim any ownership rights in any member content and nothing in these terms will be deemed to restrict any rights that you may have to use or exploit your member content.,you maintain ownership of your data.,6,43,9
Terms of Service,airbnb reserves the right to modify these terms at any time in accordance with this provision. if we make changes to these terms we will post the revised terms on the airbnb platform and update the last updated date at the top of these terms. we will also provide you with notice of the modifications by email at least thirty 30 days before the date they become effective. if you disagree with the revised terms you may terminate this agreement with immediate effect. we will inform you about your right to terminate the agreement in the notification email. if you do not terminate your agreement before the date the revised terms become effective your continued access to or use of the airbnb platform will constitute acceptance of the revised terms.,when the service wants to change its terms users are notified a month or more in advance.,17,141,20
Terms of Service,15 3 unless your country of residence is the united states without limiting our rights specified below airbnb may terminate this agreement for convenience at any time by giving you thirty 30 days notice via email to your registered email address.,the service gives 30 days of notice before closing your account.,11,45,14
Terms of Service,15 7 when this agreement has been terminated you are not entitled to a restoration of your airbnb account or any of your member content. if your access to or use of the airbnb platform has been limited or your airbnb account has been suspended or this agreement has been terminated by us you may not register a new airbnb account or access and use the airbnb platform through an airbnb account of another member.,users who have been permanently banned from this service are not allowed to re register under a new account.,19,85,22
Terms of Service,22 4 if any provision of these terms is held to be invalid or unenforceable such provision will be struck and will not affect the validity and enforceability of the remaining provisions.,invalidity of any portion of the terms of service does not entail invalidity of its remainder.,16,39,22
Privacy Policy,information you have shared with others e g reviews forum postings may continue to be publicly visible on the airbnb platform even after your airbnb account is cancelled. however attribution of such information to you will be removed.,this service will continue using anonymized user generated content even after erasure of personal information.,15,44,20
Privacy Policy,6 4 data retention and erasure. we generally retain your personal information for as long as is necessary for the performance of the contract between you and us and to comply with our legal obligations. if you no longer want us to use your information to provide the airbnb platform to you you can request that we erase your personal information and close your airbnb account.,you can request access and deletion of personal data.,9,74,12
Privacy Policy,personal information you provide to us is stored on a password protected server accessible only by administrator.,your private content may be accessed by people working for the service.,12,20,15
Privacy Policy,please note that if you request the erasure of your personal information we may retain some of your personal information as necessary for our legitimate business interests such as fraud detection and prevention and enhancing safety. for example if we suspend an airbnb account for fraud or safety reasons we may retain certain information from that airbnb account to prevent that member from opening a new airbnb account in the future. we may retain and use your personal information to the extent necessary to comply with our legal obligations. for example airbnb and airbnb payments may keep some of your information for tax legal reporting and auditing obligations.,this service may keep personal data after a request for erasure for business interests or legal obligations.,17,121,21
Terms of Service,d collection is a static page with no active contents. it doesn t have any scripts cookies ads trackers facebook links or anything else that might poke around in your private parts. you don t have to log in register pay or sell your soul in order to use it. just browse it read it as long as you wish leave when you re done. feel free to.,ip addresses of website visitors are not tracked.,8,76,11
Privacy & Terms,nanowrimo claims no copyright on projects created or shared on our website and will not be held liable for any content therein.,you maintain ownership of your data.,6,28,9
Terms of Service,gitlab reserves the right at its sole discretion to modify or replace any part of this agreement. it is your responsibility to check this agreement periodically for changes. your continued use of or access to the website following the posting of any changes to this agreement constitutes acceptance of those changes. gitlab may also in the future offer new services and or features through the website including the release of new tools and resources. such new features and or services shall be subject to the terms and conditions of this agreement. gitlab may also in the future remove features at any time without warning.,the service makes critical changes to its terms without user involvement.,11,115,14
Terms of Service,the website is available only to individuals who are at least 13 years old.,this service is only available to users of a certain age.,11,17,14
Terms of Service,your account and website if you create an account on the website you are responsible for maintaining the security of your account and you are fully responsible for all activities that occur under the account and any other actions taken in connection with the account. you must immediately notify gitlab of any unauthorized use of your account or any other breaches of security. gitlab will not be liable for any acts or omissions by you including any damages of any kind incurred as a result of such acts or omissions.,you are responsible for maintaining the security of your account and for the activities on your account.,17,99,20
Terms,we may revise these terms from time to time to better reflect a changes to the law b new regulatory requirements or c improvements or enhancements made to our services. if an update affects your use of the services or your legal rights as a user of our services we ll notify you prior to the update s effective date by sending an email to the email address associated with your account or via an in product notification. these updated terms will be effective no less than 30 days from when we notify you. if you don t agree to the updates we make please cancel your account before they become effective.,they can change the terms of service any time they see fit but they will notify the user. your use of the service supposedly constitutes acceptance of the changes in the terms.,32,118,36
Privacy Policy,if you delete your account we ll also delete this information.,dropbox allows you to leave the service.,8,14,11
Terms,these and other features may require our systems to access store and scan your stuff. you give us permission to do those things and this permission extends to our affiliates and trusted third parties we work with.,third parties may be involved in operating the service.,9,41,12
Privacy Policy,tartle does not sell rent or lease its customer lists to third parties ever.,you maintain ownership of your data.,6,19,9
Terms of Service & Privacy Policy,signal does not sell rent or monetize your personal data or content in any way ever.,this service does not sell your personal data.,8,21,11
Terms of Service & Privacy Policy,you must be at least 13 years old to use our services. the minimum age to use our services without parental approval may be higher in your home country.,you must be at least 13 years old to use the service.,12,33,15
Terms of Service & Privacy Policy,we work with third parties to provide some of our services. for example our third party providers send a verification code to your phone number when you register for our services. these providers are bound by their privacy policies to safeguard that information. if you use other third party services like youtube spotify giphy etc. in connection with our services their terms and privacy policies govern your use of those services.,third parties may be involved in operating the service.,9,81,12
Signal and the General Data Protection Regulation (GDPR),signal messages and calls cannot be accessed by us or other third parties because they are always end to end encrypted private and secure. signal messages pictures files and other contents are stored locally on your device. these contents are readable by the open source signal clients. because everything in signal is end to end encrypted the signal service does not have access to any of this data. there are several community developed open source utilities that are capable of parsing locally stored signal content. android users can also help us test a new backup feature that makes it possible to move your local signal data between devices signal settings chats and media chat backups.,you maintain ownership of your data.,6,124,9
Signal and the General Data Protection Regulation (GDPR),signal messages pictures files and other contents are stored locally on your device. these contents are readable by the open source signal clients. because everything in signal is end to end encrypted the signal service does not have access to any of this data. you can permanently disable your phone number from being recognized as a signal user by unregistering your phone number here. you will need access to this phone number to verify and complete this action.,you can delete your content from this service.,8,88,11
Terms of Service & Privacy Policy,signal may update the terms from time to time. when we update our terms we will update the last modified date associated with the updated terms. your continued use of our services confirms your acceptance of our updated terms and supersedes any prior terms. you will comply with all applicable export control and trade sanctions laws. our terms cover the entire agreement between you and signal regarding our services. if you do not agree with our terms you should stop using our services.,terms may be changed any time at their discretion without notice to the user.,14,94,17
"Grand jury subpoena for Signal user data, Eastern District of Virginia",the transparency report states we ve designed the signal service to minimize the data we retain about signal users so the only information we can produce in response to a request like this is the date and time a user registered with signal and the last date of a user s connectivity to the signal service.,this service does not track you.,6,59,9
Terms of Service & Privacy Policy,you may optionally add other information to your account such as a profile name and profile picture. this information is end to end encrypted.,the service allows you to use pseudonyms.,7,28,11
"Grand jury subpoena for Signal user data, Eastern District of Virginia",the only information we can produce in response to a request like this is the date and time a user registered with signal and the last date of a user s connectivity to the signal service. notably things we don t have stored include anything about a user s contacts such as the contacts themselves a hash of the contacts any other derivative contact information anything about a user s groups such as how many groups a user is in which groups a user is in the membership lists of a user s groups or any records of who a user has been communicating with. all message contents are end to end encrypted so we don t have that information either.,only necessary user logs are kept by the service to ensure quality.,12,126,15
Terms and Conditions.txt,the user is obliged a to provide only true and non misleading statements along with its real name and to refrain from using pseudonyms or pen names.,you must use your real name. using a pseudonym is not allowed.,12,31,16
"Terms of Service (deprecated, should be removed)",by visiting or using the service you agree that the laws of the united states and the state of california without regard to principles of conflict of laws and regardless of your location will govern these terms and any dispute of any sort that might arise between you and the company. any claim or dispute between you and the company that arises in whole or in part from these terms or your use of the service shall be decided exclusively by a court of competent jurisdiction located in santa clara county california and you hereby consent to and waive all defenses of lack of personal jurisdiction and forum non conveniens with respect to venue and jurisdiction in the state and federal courts of santa clara county california.,users agree to comply with the law of the service s country.,12,142,15
Privacy Policy,this privacy notice was posted on may 1 2015. it is effective upon acceptance for new users and from june 15 2015 for all other users. see previous version of this privacy notice.,ebay s previous privacy notices are available for viewing.,9,39,13
Privacy Statement,how do not track requests are handled. this website does not support do not track requests. to determine whether any of the third party services it uses honor the do not track requests please read their privacy policies.,this service ignores the do not track dnt header and tracks users anyway even if they set this header.,19,43,23
Terms of Service,we do not guarantee that any of the information provided by patook users to patook is accurate. we do not regularly verify personal information provided by patook users. this also includes but is not limited to date of birth location and age.,the service does not guarantee accuracy or reliability of the information provided.,12,50,15
Privacy Policy,we may use third party service providers to support our provision of our services. such will relate to business functions including without limitation it support hosting our data on cloud platforms legal accounting audit consulting and other professional service providers and providers of other services related to our business. portions of our services may be provided by organisations with which we have a contractual relationship including subcontractors and accordingly your personal information may be disclosed to them. we only provide these organisations with the information that they need to be able to perform their services.,third parties may be involved in operating the service.,9,102,12
Privacy Policy,we will have in place an agreement with our service providers which will restrict how they are able to process your personal information.,third parties used by the service are bound by confidentiality obligations.,11,26,14
Privacy Policy,no personal information will be kept any longer than necessary in order to fulfil the purpose it was collected for and if you ask us to it will be deleted.,you can delete your content from this service.,8,33,11
Privacy Policy,digital technology is rapidly evolving. if we decide to change our privacy policy in the future we ll post the changes here and indicate at the top of the policy the last date on which it was updated. unless otherwise noted all changes will be effective when posted.,they can change the terms of service any time they see fit even without notification to the user. your use of the service supposedly constitutes acceptance of the changes in the terms.,32,53,36
Privacy Policy,if you wish to cancel your account or request that we no longer use your personal information to provide you services contact us at support groupon com. we will retain and use your personal information as necessary to comply with our legal obligations resolve disputes and enforce our agreements.,if you deactivate your account groupon cannot guarantee that they will always delete records.,14,54,19
Privacy Policy,finally we may disclose your personal information upon a transfer or sale to another entity of all or substantially all of our assets or equity securities or upon any other corporate reorganization.,bittorrent may disclose your personal data as part transfer or sale or any other corporate reorganization.,16,37,23
Privacy Policy,we claim no ownership rights over user content created by you. the user content you create remains yours. however by sharing user content through the service you agree to allow others to view edit and or share your user content in accordance with this agreement see user content license grants below.,the company takes no ownership for any content posted by you. however it grants other users the rights to view modify or share your created content.,26,56,30
Privacy Policy,contains any information or content that is illegal.,users agree not to submit illegal content.,7,12,10
Privacy Policy,choosing or changing your choices for subscriptions newsletters and alerts choosing whether to receive from us offers and promotions for our products and services or products and services that we think may be of interest to you choosing whether we share your personal information with other companies so they can send you offers and promotions about their products and services.,by default indiegogo may send users promotional emails.,8,64,13
Privacy Policy,the ifttt service is not intended for use by children. if you are under 18 you may use the service only with involvement of a parent or guardian. we do not knowingly collect or solicit personal information from anyone under the age of 13. if you are under 13 please do not attempt to register for the services or send any personal information about yourself to us. if we learn that we have collected personal information from a child under age 13 we will delete that information as quickly as possible.,ifttt is not meant to be used by users who are younger than 18 without the supervision of a parent or guardian.,22,100,27
Terms of Service,we don t use any cookie or any other ads tracking device pixel fingerprinting when browsing our services.,this service does not track you.,6,22,9
Privacy Policy,personal data that you transmit are never disclosed or sold by qwant to third parties except for job applications that may be shared with recruiting partners unless you ask us not to.,this service does not sell your personal data.,8,36,11
Privacy Policy,qwant has a privacy office dedicated to protecting your privacy. it also has a data protection officer dpo. both work closely with eachother to ensure that the relevant regulation regarding personal data is applied as strongly as it should. the dpo keeps an updated register of all processing of personal data made by qwant for his services. for instance when you create an account on the site you can choose to fill in your profile and this is a processing of personal data for which the register will say how data may be kept and how long and who can access it. the dpo makes this register available to anyone who asks privacy qwant com qwant does not require any registration to use its search engine. however you may want to register an account to sign in and enjoy advanced functionalities such as the possibility to save search results in favorites or create boards. in such cases we collect some personal data such as your name firstname and email address when you register to our services or when you use forms available on our website.,your personal data is used for limited purposes.,8,205,11
Terms of Service,if you have created a user account you bear the sole responsibility for information that you fill in when registering or when modifying your account. you acknowledge that you alone are responsible for the contents and consequences following their aggregation and their being shared on your boards. you agree to put the required permissions rights licenses consent and or authorization allowing you to share other s information. on the other hand you are not allowed to publish content that includes elements you are not legally authorized to possess. you will be held responsible for all content that may infringe upon the rights of others or applicable laws including rules related to the right to one s image and rights regarding intellectual property and shared content.,you are responsible for maintaining the security of your account and for the activities on your account.,17,133,20
Terms of Service,the services and their terms are governed by french law wherever originates the use of the services. if friendly solutions can t be found or are not sought french courts within the competence of the cour d appel de paris are the only courts competent to know of any litigation arose from the current terms.,the court of law governing the terms is in france.,10,62,14
Privacy Policy,qwant also collects connection data not associated with your search queries only to ensure the security of its information system and if you create or modify boards to respect the obligation to identify content creators such as mandated by french law article 6 ii de la loi pour la confiance en l économie numérique. even when you are connected with an id we don t use any cookie nor any other tracking device when you browse the site. the only technology that may be installed on your browser called local storage is used to locally save your settings language activation or deactivation of options.,only necessary user logs are kept by the service to ensure quality.,12,117,15
Privacy Policy,when you use qwant no personal information whatsoever is neither captured or transmitted to advertisers. in details no third party cookies no trackers no behavioral targeting no campaigns mixing legit and promotional content native advertising we don t use any cookie nor any tracking device that may allow us to track your browsing habits or to establish your profile.,this service only uses temporary session cookies.,7,65,10
Privacy Policy,if we change our privacy policies and procedures we will post those changes on our website to keep you aware of what information we collect how we use it and under what circumstances we may disclose it. changes to this privacy policy are effective when they are posted on this page.,goodreads does not notify you when they change their privacy policy.,11,55,15
Terms of Service,counter notice. if you believe that your content that was removed or to which access was disabled is not infringing or that you have the authorization from the copyright owner the copyright owner s agent or pursuant to the law to post and use the material in your content you may send a counter notice containing the following information to the copyright agent your physical or electronic signature identification of the content that has been removed or to which access has been disabled and the location at which the content appeared before it was removed or disabled a statement that you have a good faith belief that the content was removed or disabled as a result of mistake or a misidentification of the content. and your name address telephone number and e mail address a statement that you consent to the jurisdiction of the federal court in san francisco california and a statement that you will accept service of process from the person who provided notification of the alleged infringement. if a counter notice is received by the copyright agent youtube may send a copy of the counter notice to the original complaining party informing that person that it may replace the removed content or cease disabling it in 10 business days. unless the copyright owner files an action seeking a court order against the content provider member or user the removed content may be replaced or access to it restored in 10 to 14 business days or more after receipt of the counter notice at youtube s sole discretion.,if you are the target of a copyright holder s take down notice youtube gives you a chance to defend your right in front of the jurisdiction of california. see section counter notice.,33,272,39
Terms of Service,youtube may retain but not display distribute or perform server copies of your videos that have been removed or deleted.,this service holds onto content that you ve deleted.,9,23,12
Terms of Service,although we may attempt to notify you when major changes are made to these terms of service you should periodically review the most up to date version.,users should revisit the terms periodically although in case of material changes the service will notify.,16,30,19
Terms of Use,these terms of use are subject to binding arbitration and a waiver of class action rights as detailed in sections 11 and 12.,you wave your right to a class action.,8,26,11
Terms of Use,changes to terms of use. cnn may modify the terms of use or any part thereof or add or remove terms at any time and such modifications additions or deletions will be effective immediately upon posting. your use of the site after such posting shall be deemed to constitute acceptance by you of such modifications additions or deletions.,terms may be changed any time at their discretion without notice to the user.,14,66,17
Terms of Use,you agree not to upload post or otherwise transmit any user content that violates or infringes in any way upon the rights of others including any statements which may defame harass stalk or threaten others.,users agree not to submit libelous harassing or threatening content.,10,40,14
Terms of Use,you shall be responsible for protecting the confidentiality of your user name s or password s if any. you are responsible for all use of your account regardless of whether you authorized such access or use and for ensuring that all use of your account complies fully with the provisions of these terms of use.,you are responsible for maintaining the security of your account and for the activities on your account.,17,60,20
Terms of Use,contains or advocates pornography or sexually explicit content pedophilia incest bestiality or that is otherwise obscene or lewd.,prohibits the posting of pornographic content.,6,25,11
Terms of Use,advocates violent behavior. poses a reasonable threat to personal or public safety. contains violent images of killing or physical abuse that appear to have been captured solely or principally for exploitive prurient or gratuitous purposes.,prohibits the posting of content which promotes or glorifies violence or politically or religiously extremist values.,16,46,22
Conditions of Use,you are responsible for maintaining the confidentiality of your account and password and for restricting access to your account and you agree to accept responsibility for all activities that occur under your account or password.,users are responsible for maintaining the security of their amazon account and for the activities on their account.,18,38,22
Terms of Use,you forever waive and agree not to claim or assert any entitlement to any and all moral rights of an author in any of the user content.,sign away moral rights.,4,30,7
Terms of Use,cnn reserves the right in its sole discretion to remove or edit user content by you.,the service can delete specific content without prior notice and without a reason.,13,20,16
Privacy Policy,softpedia allows other companies called third party ad servers or ad networks to serve advertisements within the softpedia site.,softpedia uses third party targeted advertising.,6,24,10
Terms of Use,we will also notify you either through the site user interface in an email notification or through other reasonable means. any such changes will become effective no earlier than fourteen 14 days after they are posted except that changes addressing new functions of the site or changes made for legal reasons will be effective immediately.,when the service wants to change its terms users are notified a week or more in advance.,17,59,20
Terms of Use,if you are under 13 years of age you are not authorized to register to use the site.,this service is only available to users of a certain age.,11,21,14
Terms of Use,you are responsible for maintaining the confidentiality of your password and account if any and are fully responsible for any and all activities that occur under your password or account. you agree to a immediately notify y combinator of any unauthorized use of your password or account or any other breach of security and b ensure that you exit from your account at the end of each session when accessing the site.,you are responsible for maintaining the security of your account and for the activities on your account.,17,77,20
Terms of Use,you acknowledge that y combinator may establish general practices and limits concerning use of the site including without limitation the maximum period of time that data or other content will be retained by the site and the maximum storage space that will be allotted on y combinator s servers on your behalf. you agree that y combinator has no responsibility or liability for the deletion or failure to store any data or other content maintained or uploaded by the site.,this services gives no guarantee regarding quality.,7,87,10
Privacy Policy,for example we use google analytics a web analytics service provided by google inc google. google analytics uses cookies to help us analyze how users use the site and enhance your experience when you use the site. for more information on how google uses this data go to www google com policies privacy partners.,this service allows tracking via third party cookies for purposes including targeted advertising.,13,59,16
Terms of Use,you agree that y combinator in its sole discretion may suspend or terminate your account or any part thereof or use of the site and remove and discard any content within the site for any reason.,the service can delete your account without prior notice and without a reason.,13,40,16
Privacy Statement,as also explicitly stated in the terms of service we are obliged to provide access to lawful interception requests issued by a swiss judge. these are then processed by our staff and either granted or rejected. as a country that places a high value on privacy switzerland is extremely reluctant with such access and all the statistics of such lawful interceptions li are always provided in anonymized form by the authorities themselves including detailed spreadsheets that allow you to control the grounds for approval. as you can see for yourself in the detailed overview for 2014 and the one for 2012 2013 there were only 12 20 in 2012 31 in 2013 cases of real time internet wire tapping in all of switzerland and a further 18 26 in 2012 32 in 2013 for retroactive communication meta information. although that information is not provided to our knowledge none of these was for email specifically. we do however know that this information is complete. for more information please see our overview on the swiss legal framework. what we do know is that kolab systems has received a total of 0 requests to access customer data 0 such requests were granted and 0 such requests were denied and we have received 1 administrative request and 2 unauthorized attempts for administrative requests. please see the complete statistics for more information. should these numbers change we ll update this page accordingly and without delay.,kolabnow is very strict when providing access to lawful interception requests.,11,261,17
Terms of Service,these terms and the service prices may need to be modified in the future to adjust to changes in the service to adhere to applicable legislation or to reflect economic necessities. when we change terms or prices we will notify you by email to your main account in this service. after receiving that email you have 30 days to respond a by informing us that you agree to the new terms or prices b by informing us that you disagree in which case kolab systems ag may on a case to case basis agree to continue providing you with the service under the previous terms and or prices or c by giving us notice that you terminate this agreement regardless of the remaining duration you had agreed to under the previous terms. continuation of use after 30 days will constitute agreement to the new terms.,when the service wants to change its terms users are notified a month or more in advance.,17,153,20
Privacy Statement,cookies are only used in so far as they are required for the technical working of the system and we never use them to track you on third party sites.,this service does not track you.,6,34,9
Terms of Service,you agree to license your contents according to creative commons by default unless otherwise specified.,you publish under a free license not a bilateral one.,10,18,13
Terms of Service,modifications to this agreement tumblr reserves the right to modify this agreement by 1 posting a revised agreement on and or through the services and 2 providing notice to you that this agreement has changed generally via email where practicable and otherwise through the services such as through a notification on your tumblr dashboard or in our mobile applications. modifications will not apply retroactively. you are responsible for reviewing and becoming familiar with any modifications to this agreement. we may sometimes ask you to review and to explicitly agree to or reject a revised version of this agreement. in such cases modifications will be effective at the time of your agreement to the modified version of this agreement. if you do not agree at that time you are not permitted to use the services. in cases where we do not ask for your explicit agreement to a modified version of this agreement but otherwise provide notice as set forth above the modified version of this agreement will become effective fourteen days after we have posted the modified agreement and provided you notification of the modifications. your use of the services following that period constitutes your acceptance of the terms and conditions of this agreement as modified. if you do not agree to the modifications you are not permitted to use and should discontinue your use of the services. note that if you have prepaid for any paid services as defined below prior to a modification of this agreement your use of such prepaid paid services is governed by the version of this agreement in effect at the time tumblr received your prepayment.,they can change the terms of service any time they see fit but they will notify the user. your use of the service supposedly constitutes acceptance of the changes in the terms.,32,292,36
Terms of Service,19. special provisions for subscribers located outside of the united states.,tumblr has provisions for users outside the us.,8,15,11
Terms of Service,we re also going to make it a practice to post old versions so it s easy to see changes additions deletions. to see old versions scroll down to the end of this document.,they provide transparency on how the current policies differ from earlier versions and when they changed.,16,39,19
Terms of Service,tumblr retains the right to create limits on and related to use of the services in its sole discretion at any time with or without notice. tumblr may also impose limits on certain services or aspects of those services or restrict your access to parts or all of the services without notice or liability. tumblr may change suspend or discontinue any or all of the services at any time including the availability of any product feature database or content as defined below. tumblr may also terminate or suspend accounts as defined below at any time in its sole discretion.,tumblr can limit restrict suspend services at any time without prior notice.,12,109,15
Privacy Policy,ip logging by default protonmail does not keep permanent ip logs. we also don t record your login ip address unless this feature is specifically enabled by the user. however ip logs are sometimes kept to combat abuse and fraud and your ip address may be retained if you are engaged in activities that breach our terms and conditions spamming ddos attacks against protonmail infrastructure brute force attacks etc.,ip addresses of website visitors are not tracked.,8,80,11
Privacy Policy,if permitted by law protonmail will always contact a user first before any data disclosure. under swiss law it is obligatory to notify the target of a data request although such notification may come from the authorities and not from the company.,the service is transparent regarding government requests or inquiries that may involve user data.,14,49,17
Legal Documents,modifications to terms of service discogs may at any time revise the tos by updating this posting. by using discogs you agree to be bound by any such revisions and should therefore periodically visit this page to determine the then current tos to which you are bound. your continued use of discogs constitutes an affirmative 1 acknowledgment by you of the tos and tos modifications. and 2 agreement by you to abide and be bound by the tos and tos modifications.,terms may be changed any time at their discretion without notice to the user.,14,97,17
Legal Documents,if you are under the minimum age of consent to enter into a contract in your jurisdiction then you may not use or access the services at any time or in any manner. for example in the united states you must be at least 13 years of age to establish an account and use the service and you must be at least 18 years old to purchase and sell items through the service.,to use discogs users must be of the minimum age of consent which varies by jurisdiction. in the case of the united states users must be at least 13 years old to sign up for an account and 18 years old to buy and sell items on discogs.,48,77,54
Legal Documents,by using the discogs website and affiliated websites you are indicating your agreement to be bound by all of the terms and conditions of the tos.,users are subject to the policies and guidelines of the service.,11,31,14
Legal Documents,modifications to service discogs reserves the right to modify or discontinue the service with or without notice to you. discogs shall not be liable to you or any third party should discogs exercise tos right to modify or discontinue the service.,the service can not only be discontinued but also modified at any time. discogs do not need to notify users of these changes.,23,52,28
Legal Documents,indemnity you agree to indemnify and hold discogs and its subsidiaries affiliates officers agents co branders or other partners and employees harmless from any alleged claim or demand including reasonable attorney fees made by any third party due to or arising out of your use of the service your connection to the service your violation of the tos or your violation of any rights of another whether you are a registered user or not. you are solely responsible for your actions when using the service including but not limited to costs incurred for internet access.,you agree to defend indemnify and hold the service harmless in case of a claim related to your use of the service.,22,105,26
Legal Documents,you may change your password at any time. you may also set up a new account and close an old one at your convenience.,you have the right to leave this service at any time.,11,28,14
Legal Documents,discogs grants you a limited license to access and make personal use of this site and not to download other than page caching or modify it or any portion of it except with express written consent of discogs. this license does not include any resale or commercial use of this site or its contents any collection and use of any product listings descriptions or prices any derivative use of this site or its contents any downloading or copying of account information for the benefit of another merchant or any use of data mining robots or similar data gathering and extraction tools. this site or any portion of this site may not be reproduced duplicated copied sold resold visited or otherwise exploited for any commercial purpose without express written consent of discogs.,discogs is only available for use individually and non commercially except with written consent.,14,142,18
Privacy Policy,github uses cookies to make interactions with our service easy and meaningful. we use cookies and similar technologies like html5 localstorage to keep you logged in remember your preferences and provide information for future development of github. we also use cookies to identify a device for security reasons. by using our website you agree that we can place these types of cookies on your computer or device. if you disable your browser or device s ability to accept cookies you will not be able to log in or use github s services. we provide a web page on cookies and tracking that describes the cookies we set the needs we have for those cookies and the types of cookies they are temporary or permanent. it also lists our third party analytics and service providers and details exactly which parts of our website we permit them to track.,github requires cookies.,3,158,6
Legal Documents,links the service or relevant third parties may provide links to other websites or resources. because discogs has no control over such sites and resources you acknowledge and agree that discogs is not responsible for the availability of such external sites or resources and does not endorse and is not responsible or liable for any content advertising products or other materials on or available from such sites or resources.,this service assumes no responsibility and liability for the contents of links to other websites.,15,75,18
Legal Documents,your use of the service is subject to all applicable local state national and international laws and regulations. you agree 1 to comply with u s and applicable international law regarding the transmission of technical data exported from the your country through the service.,users agree to comply with u s law.,8,48,11
Legal Documents,you agree 2 not to use the service for illegal purposes 3 not to interfere or disrupt networks connected to the service and 4 to comply with all regulations policies and procedures of networks connected to the service. the service makes use of the internet to send and receive certain messages therefore your conduct is subject to internet regulations policies and procedures. you will not use the service for chain letters junk mail spamming or any use of distribution lists to any person who has not given specific permission to be included in such a process. you agree not to transmit through the service any unlawful harassing libelous abusive threatening or harmful material of any kind or nature. you further agrees not to transmit any material that encourages conduct that could constitute a criminal offense give rise to civil liability or otherwise violate any applicable local state national or international law or regulation. attempts to gain unauthorized access to other computer systems are prohibited. you shall not interfere with another person s use and enjoyment of the service or another entity s use and enjoyment of similar services.,users agree not to use the service for illegal purposes.,10,199,13
Legal Documents,if you cease using discogs services you confirm that discogs is entitled to continue using your user generated content and may continue display your user name along with your content pursuant to the rights granted above.,this service keeps a license on user generated content even after users close their accounts.,15,41,18
Legal Documents,you agree not to transmit through the service any unlawful harassing libelous abusive threatening or harmful material of any kind or nature. you further agrees not to transmit any material that encourages conduct that could constitute a criminal offense give rise to civil liability or otherwise violate any applicable local state national or international law or regulation.,users agree not to submit libelous harassing or threatening content.,10,62,14
Terms of Service,you ll have great fun on bumble but if you feel the need to leave you can delete your account at any time by going to the settings page when you are logged in and clicking on the delete account link. your account will be deleted immediately but it may take a little while for your content to be completely removed from the app.,you have the right to leave this service at any time.,11,69,14
Terms of Service,any other information requested such as your real name is optional unless you are accepting these terms on behalf of a legal entity in which case we need more information about the legal entity or if you opt for a paid account in which case additional information will be necessary for billing purposes.,you agree to provide your full legal name when you register to the service. it does not prevent you from using a pseudonym.,23,56,27
Legal Documents,disclaimer of warranties you expressly understand and agree that a your use of the service is at your sole risk. the service is provided on an as is and as available basis. discogs expressly disclaims all warranties of any kind whether express or implied including but not limited to the implied warranties of merchantability fitness for a particular purpose and non infringement.,the service is provided as is and to be used at the users sole risk.,15,71,18
Legal Documents,disclaimer of warranties ii the service will be uninterrupted timely secure or error free.,the service provider makes no warranty regarding uninterrupted timely secure or error free service.,14,18,17
Legal Documents,b discogs makes no warranty that i the service will meet your requirements iv the quality of any products services information or other material purchased or obtained by you through the service will meet your expectations.,this service does not guarantee that it or the products obtained through it meet the users expectations or requirements.,19,40,22
Legal Documents,c any material downloaded or otherwise obtained through the use of the service is done at your own discretion and risk and that you will be solely responsible for any damage to your computer system or loss of data or other liability that results from the download of any such material.,discogs is not liable for any damages to the users computer systems that occur as a result of downloading material from discogs.,22,54,27
Legal Documents,e discogs does not promote or condone any ideas or messages contained in the items listed via the service.,discogs distances itself from any messages or ideas users include in the content they generate on the website.,18,23,22
Legal Documents,you expressly understand and agree that discogs shall not be liable for any direct indirect incidental special consequential or exemplary damages including but not limited to damages for loss of profits goodwill use data or other intangible losses even if discogs has been advised of the possibility of such damages resulting from i the use or the inability to use the service. ii the cost of procurement of substitute goods and services resulting from any goods data information or services purchased or obtained or messages received or transactions entered into through or from the service. iii unauthorized access to or alteration of your transmissions or data. iv statements or conduct of any third party on the service. or v any other matter relating to the service.,this service assumes no liability for any losses or damages resulting from any matter relating to the service.,18,135,21
Privacy Policy,when you access and interact with the fox news services fox news and its service providers may collect certain information about those visits. for example in order to permit your connection to the fox news services our servers receive and record information about your computer device and browser including potentially your ip address browser type and other software or hardware information. if you access the fox news services from a mobile or other device we may collect a unique device identifier assigned to that device geolocation data including your precise location or other transactional information for that device. cookies and other tracking technologies such as browser cookies pixels beacons and adobe flash technology including cookies are comprised of small bits of data. fox news websites apps and other services send this data to your browser when you first request a web page and then store the data on your computer or other device so the website or app can access information when you make subsequent requests for pages from that service. these technologies may also be used to collect and store information about your usage of the fox news services such as pages you have visited the video and other content you have viewed search queries you have run and advertisements you have seen.,the service may use tracking pixels web beacons browser fingerprinting and or device fingerprinting on users.,16,227,22
Terms of Service,lastpass has the right though not the obligation to in lastpass sole discretion i refuse or remove any content that in lastpass reasonable opinion violates any lastpass policy or is in any way harmful or objectionable or ii terminate or deny access to and use of the website to any individual or entity for any reason in lastpass sole discretion. lastpass will have no obligation to provide a refund of any amounts previously paid.,lastpass will not provide refunds if they terminate you account or terminate the service.,14,84,18
Terms,company reserves the right to modify and amend these terms of service at any time and without notice and it is your responsibility to review these terms of service for any changes. your use of the service following any amendment of these terms of service will signify your assent to and acceptance of its revised terms.,terms may be changed any time at their discretion without notice to the user.,14,61,17
Terms,15. class action waiver summary no dispute related to these terms of service may be consolidated into a class action. you and company agree not to bring or participate in a class collective or representative action private attorney general action or collective arbitration even if arbitration procedures or rules would otherwise allow one. you and company also agree not to seek to combine any action with any other action without the consent of all parties to this agreement and all other actions. if the agreement in this section not to bring or participate in a class collective or representative action private attorney general action or collective arbitration should be found illegal or unenforceable you and company agree that it shall not be severable that this entire section shall be unenforceable and any claim or dispute would be resolved in court and not in a class or collective action.,you waive your right to a class action.,8,162,11
Privacy Policy,at this time we do not respond to browser do not track signals as we await the work of interested stakeholders and others to develop standards for how such signals should be interpreted.,this service ignores the do not track dnt header and tracks users anyway even if they set this header.,19,36,23
Terms,we will not sell your email address to anyone.,you maintain ownership of your data.,6,12,9
Terms of Use,the policy may be updated from time to time at our discretion. changes will be effective upon posting to the site.,the policy may be updated from time to time at their discretion. changes will be effective upon posting to the site.,21,25,25
Privacy Policy,cancelling your account. to cancel your account email deleteaccount foxnews com subject delete my account and include the email address that you registered your account with if different from the email address you re sending the email from.,you can delete your content from this service.,8,46,11
Terms of Use,you and company waive the right to bring or participate in a class action in connection with such disputes.,you wave your right to a class action.,8,22,11
Terms of Use,you agree to the arbitration agreement and class action waiver described in section 7 to resolve any disputes with netflix except for matters that may be taken to small claims court.,you waive your right to a class action.,8,35,11
Terms of Use,netflix may from time to time change these terms of use. such revisions shall be effective immediately. provided however for existing members such revisions shall unless otherwise stated be effective 30 days after posting.,they can change the terms of service any time they see fit even without notification to the user. your use of the service supposedly constitutes acceptance of the changes in the terms.,32,39,36
Terms and Conditions,in addition websaver ca may in its sole discretion and at any time discontinue providing or limit access to the site or any areas of the site.,they may stop providing the service at any time.,9,32,12
Terms of Use,microsoft reserves the right at all times to disclose any information as microsoft deems necessary to satisfy any applicable law regulation legal process or governmental request or to edit refuse to post or to remove any information or materials in whole or in part in microsoft s sole discretion.,this service reserves the right to disclose your personal information without notifying you.,13,54,17
Services Agreement,the application is licensed not sold. this agreement only gives you some rights to use the application. if microsoft disables the ability to use the applications on your devices pursuant to your agreement with microsoft any associated license rights will terminate. the application publisher reserves all other rights. unless applicable law gives you more rights despite this limitation you may use the application only as expressly permitted in this agreement.,microsoft may remotely disable software you are not licensed to use.,11,80,14
Privacy Statement,likewise where we need to collect personal data by law or to enter into or carry out a contract with you and you do not provide the data we will not be able to enter into the contract. or if this relates to an existing product you re using we may have to suspend or cancel it. we will notify you if this is the case at the time.,if they in their opinion require some data to carry out a contract and you don t provide that data they can immediately close your account without prior notice. as the required personal data can be changed at any time and may not even be the same for all customers this is basically a suspension loophole.,56,75,60
Privacy Policy,we disclose such information to service providers working on our behalf such as to provide website hosting maintenance and security services. fulfill orders. conduct data analysis and create reports. offer certain functionality. or assist twitch in improving the twitch services and creating new services and features. we require that these parties process such information in compliance with this privacy policy we authorize them to use the information only for the purposes for which it is provided to them and we require them to use reasonable confidentiality measures. twitch may make information available to our affiliates meaning entities controlled by controlling or under common control with twitch including amazon com inc and its subsidiaries that are either subject to this privacy policy or follow practices at least as protective as those described in this privacy policy.,this service uses your personal information for many different purposes.,10,145,13
Privacy Policy,how do we use information collected. we use your personal information collected via our websites for the following purposes to undertake email actions or compile petitions to update you on our campaigns and activities to ask you to donate or get involved in our campaigns to action your expression of interest in joining amnesty international to administer your membership of amnesty international to process donations that we receive from you to administer and progress your applications for employment or volunteering opportunities with us to monitor the diversity of applicants for employment or volunteering opportunities to share your data with other amnesty international organisations or with trusted third parties further details below to improve our websites to fulfil any legal obligations.,the service provides information about how they intend to use your personal data.,13,124,16
Privacy Policy,in some circumstances your information may be shared with us by third parties but only where you have specifically consented. examples include registering for a human rights education course with our external provider or if you register your interest in joining amnesty international or one of its campaigns through facebook facebook will share information such as your name and email address with us.,this service only shares user information with third parties when given specific consent.,13,68,16
Privacy Policy,we collect personal information in the following ways when you sign up to online actions or express an interest in joining us as an international member when you make a donation to us when you sign up for our human rights education courses when you participate in other online campaigns or activities for example amnesty decoders when you apply for a job or volunteering opportunity with us.,the service provides information about how they collect personal data.,10,72,13
Terms of Use,when you submit text to which you hold the copyright you agree to license it under creative commons attribution sharealike 3 0 unported license cc by sa and gnu free documentation license gfdl unversioned with no invariant sections front cover texts or back cover texts. re users may comply with either license or both. the only exception is if the project edition or feature requires a different license. in that case you agree to license any text you contribute under that particular license.,wikipedia allows users to hold the copyright to any text that they submit under creative commons attribution sharealike 3 0 unported license cc by sa and gnu free documentation license gfdl unversioned with no invariant sections front cover texts or back cover texts. however both of these allow your contributions to be used commercially.,54,98,67
Privacy Policy,what types of information do we collect and how. the type and amount of information we receive and store depends on how you use our websites. you can access most of the pages on our websites without telling us who you are and without revealing any personal information.,users can access most of the pages on the service s website without revealing any personal information.,17,53,20
Privacy Policy,third party websites on our website we sometimes have links to third party websites or applications. this policy does not apply to such pages or applications hosted or operated by other organisations. this includes the websites or applications of amnesty international sections or related organisations or third party sites. these other sites may have their own privacy policies which apply to them.,the service informs users that its privacy policy does not apply to third party websites.,15,68,18
Privacy Policy,all our email communications to you will contain an unsubscribe link.,you can opt out of promotional communications.,7,15,10
Privacy Policy,access to and your rights over your personal information the personal data we hold about you is yours. you have the following rights over your information to be informed how your data is being processed to access your data to rectify any data that is inaccurate to instruct us to delete your data to restrict our processing of your data which includes contacting you via email at any time.,you can request access and deletion of personal data.,9,74,12
Privacy Policy,to the extent that sharing your information in this way requires us to transfer your personal information outside of the eu we have contractual arrangements in place to ensure that your data is shared and processed by the recipient organisation to an eu standard.,if amnesty international shares personal information outside the eu it is processed to an eu standard.,16,49,21
Privacy Policy,after this time the data will either be deleted or we may retain a secure anonymised record for research and analytical purposes.,the service may keep a secure anonymized record of users data for analytical purposes even after the data retention period.,20,26,24
Terms of Use,if you seek to file a legal claim against us you agree to file and resolve it exclusively in a state or federal court located in san francisco county california. you also agree that the laws of the state of california and to the extent applicable the laws of the united states of america will govern these terms of use as well as any legal claim that might arise between you and us without reference to conflict of laws principles. you agree to submit to the personal jurisdiction of and agree that venue is proper in the courts located in san francisco county california in any legal action or proceeding relating to us or these terms of use.,the court of law governing the terms is in san francisco county california.,13,132,19
Cookie Statement,if you do not wish to receive cookies you can set your web browser to restrict or block them. all modern browsers allow you to change your cookie settings typically be found in the options or preferences menu of your browser. in order to understand these settings the following link may be helpful www aboutcookies org if you disable cookies you will not be able to use all the interactive features of our website.,this service employs third party cookies but with opt out instructions.,11,81,14
Cookie Policy,we use cookies if you have a facebook account use the facebook products including our website and apps or visit other websites and apps that use the facebook products including the like button or other facebook technologies.,facebook uses cookies.,3,40,6
What information does Facebook get when I visit a site with the Like button?,for example when you go to a website with a like button we need to know who you are in order to show you what your facebook friends have liked on that site. the data we receive includes your user id the website you re visiting the date and time and other browser related info. if you re logged out or don t have a facebook account and visit a website with the like button or another social plugin your browser sends us a more limited set of info. for example because you re not logged into facebook you ll have fewer cookies than someone who s logged in. like other sites on the internet we receive info about the web page you re visiting the date and time and other browser related info. we record this info to help us improve our products. as our data policy indicates we use cookies to show you ads on and off facebook. we may also use the info we receive when you visit a site with social plugins to help us show you more interesting and useful ads.,this service tracks you on other websites.,7,196,10
What information does Facebook get when I visit a site with the Like button?,since the like button is a little piece of facebook embedded on another website the browser is sending info about the request to load facebook content on that page. we record some of this info to help show you a personalized experience on that site and to improve our products.,this service tracks you on other websites.,7,54,10
Terms of Service,when you share post or upload content that is covered by intellectual property rights like photos or videos on or in connection with our products you grant us a non exclusive transferable sub licensable royalty free and worldwide license to host use distribute modify run copy publicly perform or display translate and create derivative works of your content consistent with your privacy and application settings.,the scope of the copyright license granted to facebook includes the rights to transfer and sublicense. this means your content can be licensed by facebook to third parties.,28,70,33
Terms of Use,because our services are used by people all over the world personal information that we collect may be stored and processed in the united states of america or any other country in which we or our agents maintain facilities.,your data may be processed and stored anywhere in the world.,11,43,14
Data Use Policy,device information as described below we collect information from and about the computers phones connected tvs and other web connected devices you use that integrate with our products and we combine this information across different devices you use. for example we use information collected about your use of our products on your phone to better personalize the content including ads or features you see when you use our products on another device such as your laptop or tablet or to measure whether you took an action in response to an ad we showed you on your phone on a different device. information we obtain from these devices includes device attributes information such as the operating system hardware and software versions battery level signal strength available storage space browser type app and file names and types and plugins. device operations information about operations and behaviors performed on the device such as whether a window is foregrounded or backgrounded or mouse movements which can help distinguish humans from bots. identifiers unique identifiers device ids and other identifiers such as from games apps or accounts you use and family device ids or other identifiers unique to facebook company products associated with the same device or account. device signals bluetooth signals and information about nearby wi fi access points beacons and cell towers. data from device settings information you allow us to receive through device settings you turn on such as access to your gps location camera or photos. network and connections information such as the name of your mobile operator or isp language time zone mobile phone number ip address connection speed and in some cases information about other devices that are nearby or on your network so we can do things like help you stream a video from your phone to your tv. cookie data data from cookies stored on your device including cookie ids and settings. learn more about how we use cookies in the facebook cookies policy and instagram cookies policy.,collects all data you send username email credit card number any kind of info other put about you as well. plus all info about your device.,26,355,31
Terms of Service.txt,in addition content you delete may continue to appear if you have shared it with others and they have not deleted it.,this service holds onto content that you ve deleted.,9,25,12
Terms of Service,you give us permission to use your name and profile picture and information about actions you have taken on facebook next to or in connection with ads offers and other sponsored content that we display across our products without any compensation to you.,your identity is used in ads that are shown to other users.,12,46,15
Sprint Terms and Conditions,call us immediately if your device is lost or stolen because you may be responsible for usage charges before you notify us of the alleged loss or theft. a lost or stolen device does not affect your term commitment and you will still be responsible for an early termination fee if you terminate services early. you will still be responsible for any lease or installment billing obligations as well as any monthly recurring charges associated with the service on your device after you notify us of the alleged loss or theft. you agree to cooperate if we choose to investigate the matter provide facts sworn statements etc.,users are responsible for charges even if device is lost.,10,113,13
Sprint Terms and Conditions,we may change prices or any other term of your service or this agreement at any time. we ll provide you notice of any material changes and may provide notice of nonmaterial changes. if you use your service after the change takes effect then you are accepting the change.,users should revisit the terms periodically although in case of material changes the service will notify.,16,55,19
Sprint Terms and Conditions,you agree that by entering into this agreement you and sprint are waiving the right to a trial by jury or to participate in a class action or representative action.,you wave your right to a class action.,8,34,11
Sprint Terms and Conditions,we can without notice suspend or terminate any service at any time for any reason. for example we can suspend or terminate any service for a late payment. b exceeding an account spending limit. c harassing threatening abusing offending or being excessively impolite to our employees or agents. d interfering with our operations. e using suspicion of using services in a way that violates or is inconsistent with the agreement and policies or adversely affects any of our other customers reputation network property or services. f breaching failing to follow or abusing the agreement or policies. g providing false inaccurate dated or unverifiable information including identification or credit information. h becoming insolvent or bankrupt. i modifying a device from its manufacturer specifications for example rooting the device. j failing to use our services or maintain an active device. k you resell or attempt to resell the services or l if we believe the action protects our interests any customer s interests or our network.,they may stop providing the service at any time.,9,185,12
Terms of Service (US),removal of content you acknowledge that apple is not responsible or liable in any way for any content provided by others and has no duty to pre screen such content. however apple reserves the right at all times to determine whether content is appropriate and in compliance with this agreement and may pre screen move refuse modify and or remove content at any time without prior notice and in its sole discretion if such content is found to be in violation of this agreement or is otherwise objectionable.,they can delete any of your data files music messages etc. at any time and without notice.,17,93,21
Privacy Policy,a anonymous encrypted code representing your internet protocol ip address or your device identifier if using a mobile device and being used as a persistent identifier anonymous login information browser type and version time zone setting browser plug in types and versions operating system and version device information. as well as.,the service may use tracking pixels web beacons browser fingerprinting and or device fingerprinting on users.,16,55,22
Privacy Policy,in addition when you engage with advertisements that are displayed on the services novelty third party advertisers and data service providers may use industry wide tracking methods e g cookies web beacons etc. which store certain information methods and which allow us or such third parties to collect certain data for the purpose of serving advertisements through the use of the novelty services including without limitation serving advertisements that may be of interest to you.,this service allows tracking via third party cookies for purposes including targeted advertising.,13,80,16
Privacy Policy,if you have any questions or concerns about novelty s privacy policy or data processing or if you would like to make a complaint about a possible breach of local privacy laws please contact us at novelty magazines ltd email address contact novelty media postal address 1 habarzel street tel aviv israel 69710. telephone number 972 36209614 if you are an eu resident you have the right to make a complaint at any time to the relevant supervisory authority. we would however appreciate the chance to deal with your concerns before you approach such authority so please contact us in the first instance.,the service provides a complaint mechanism for the handling of personal data.,12,121,15
Privacy Policy,please be aware that we may transfer your information to israel the european union and other countries through certain third parties that we use to operate and manage the site and services including amazon web services aws or google cloud services.,your data may be processed and stored anywhere in the world.,11,49,14
Terms of Service,we may update these terms from time to time. you should check this page regularly to take notice of any changes. your continued use of the services following the posting of revised terms means that you accept and agree to the changes.,terms may be changed any time at their discretion without notice to the user.,14,47,17
